Workbook
Name Bancos: [1]Fx!$C$1:$C$23
Name Ref.: #REF!
Name Ref.: #REF!
Name Ref.: #REF!
Name Ref.: #REF!

Sheet OPORTUNO
C1: =VALUE(C3&1) -> 2026101 | J1: =J16+J20+J24+J28+J32+J36+J40+J44+J48+J52+J56+J60+J64+J68+J72 -> 1616 | K1: =K16+K20+K24+K28+K32+K36+K40+K44+K48+K52+K56+K60+K64+K68+K72 -> 322739090 | L1: =L16+L20+L24+L28+L32+L36+L40+L44+L48+L52+L56+L60+L64+L68+L72 -> 3964 | M1: =M16+M20+M24+M28+M32+M36+M40+M44+M48+M52+M56+M60+M64+M68+M72 -> 839789795 | N1: =N16+N20+N24+N28+N32+N36+N40+N44+N48+N52+N56+N60+N64+N68+N72 -> 1376 | O1: =O16+O20+O24+O28+O32+O36+O40+O44+O48+O52+O56+O60+O64+O68+O72 -> 417500887 | P1: =P16+P20+P24+P28+P32+P36+P40+P44+P48+P52+P56+P60+P64+P68+P72 -> 2591 | Q1: =Q16+Q20+Q24+Q28+Q32+Q36+Q40+Q44+Q48+Q52+Q56+Q60+Q64+Q68+Q72 -> 481464262 | ... Y1: =Y16+Y20+Y24+Y28+Y32+Y36+Y40+Y44+Y48+Y52+Y56+Y60+Y64+Y68+Y72 -> 0
C2: =VALUE(C3&2) -> 2026102 | J2: =J76+J80+J84+J88+J92+J96+J100+J104+J108+J112+J116+J120+J124+J128+J132+J136 -> 666 | K2: =K76+K80+K84+K88+K92+K96+K100+K104+K108+K112+K116+K120+K124+K128+K132+K136 -> 186382057 | L2: =L76+L80+L84+L88+L92+L96+L100+L104+L108+L112+L116+L120+L124+L128+L132+L136 -> 1755 | M2: =M76+M80+M84+M88+M92+M96+M100+M104+M108+M112+M116+M120+M124+M128+M132+M136 -> 338362203 | N2: =N76+N80+N84+N88+N92+N96+N100+N104+N108+N112+N116+N120+N124+N128+N132+N136 -> 620 | O2: =O76+O80+O84+O88+O92+O96+O100+O104+O108+O112+O116+O120+O124+O128+O132+O136 -> 175516493 | P2: =P76+P80+P84+P88+P92+P96+P100+P104+P108+P112+P116+P120+P124+P128+P132+P136 -> 1098 | Q2: =Q76+Q80+Q84+Q88+Q92+Q96+Q100+Q104+Q108+Q112+Q116+Q120+Q124+Q128+Q132+Q136 -> 193541612 | ... Y2: =Y76+Y80+Y84+Y88+Y92+Y96+Y100+Y104+Y108+Y112+Y116+Y120+Y124+Y128+Y132+Y136 -> 0
C3: 202610 | J3: =SUM(J1:J2) -> 2282 | K3: =SUM(K1:K2) -> 509121147 | L3: =SUM(L1:L2) -> 5719 | M3: =SUM(M1:M2) -> 1178151998 | N3: =SUM(N1:N2) -> 1996 | O3: =SUM(O1:O2) -> 593017380 | P3: =SUM(P1:P2) -> 3689 | Q3: =SUM(Q1:Q2) -> 675005874 | ... Y3: =SUM(Y1:Y2) -> 0
H6: 2.5.3. INFORMES DE RECAUDO
H7: R2 - INFORME DE CONCILIACION DE RECAUDOS
H8: CONCILIACION DIARIA DE RECAUDO OPORTUNO DE DIRECTA
E9: NIT: 901 153 639 - 0
H10: =SUBSTITUTE(UPPER(TEXT(DATE(LEFT(C3,4),RIGHT(C3,2),1),"MMMM YYYY"))," ","_") -> OCTUBRE_2026 | K10: Recaudo Oportuno de DIRECTA en Banco de Occidente
B12: FECHA APLICACIÓN | C12: CODIGO REMUNERACIÓN | D12: FECHA RECAUDO | E12: CÓDIGO BC | F12: NOMBRE BANCO | G12: CÓDIGO CR | H12: CANAL RECAUDO | I12: N° CUENTA | J12: ASE 1 N° REGISTROS ARCHIVO | K12: ASE 1 VALOR ARCHIVO | L12: ASE 2 N° REGISTROS ARCHIVO | M12: ASE 2 VALOR ARCHIVO | N12: ASE 3 N° REGISTROS ARCHIVO | O12: ASE 3 VALOR ARCHIVO | P12: ASE 4 N° REGISTROS ARCHIVO | Q12: ASE 4 VALOR ARCHIVO | R12: ASE 5 N° REGISTROS ARCHIVO | S12: ASE 5 VALOR ARCHIVO | T12: TOTAL N° REGISTROS APLICADOS | U12: TOTAL VALOR APLICADO | V12: N° REGISTROS REPORTADOS POR BANCO | W12: VALOR REPORTADO POR BANCO | X12: DIFERENCIA REGISTROS | Y12: DIFERENCIA VALOR
B13: 46300 | C13: =C1 -> 2026101 | D13: 1 | E13: 23D | F13: Occidente - Directa | G13: 12 | H13: H23 Directa - CNB - Baloto - Éxito | I13: 230887267 | J13: 11 | K13: 3953890 | L13: 75 | M13: 11970170 | N13: 14 | O13: 1288530 | P13: 13 | Q13: 2480650 | R13: 10 | S13: 710910 | T13: =J13+L13+N13+P13+R13 -> 123 | U13: =K13+M13+O13+Q13+S13 -> 20404150 | V13: 123 | W13: 20404150 | X13: =V13-T13 -> 0 | Y13: =W13-U13 -> 0
B14: 46300 | C14: =C13 -> 2026101 | D14: 1 | E14: 23D | F14: Occidente - Directa | G14: 13 | H14: T23 Directa - Transferencias | I14: 230887267 | J14: =31+1+3 -> 35 | K14: =4539050+665450+1188253 -> 6392753 | L14: =71+1+1 -> 73 | M14: =12487600+3091500+4236270 -> 19815370 | N14: =35+1 -> 36 | O14: =5794800+4271590 -> 10066390 | P14: =1+42 -> 43 | Q14: =3325710+8159500 -> 11485210 | R14: =38+1 -> 39 | S14: =6377890+12894704 -> 19272594 | T14: =J14+L14+N14+P14+R14 -> 226 | U14: =K14+M14+O14+Q14+S14 -> 67032317 | V14: =1+217+1+2+2+3 -> 226 | W14: =3325710+37358840+12894704+3756950+8507860+1188253 -> 67032317 | X14: =V14-T14 -> 0 | Y14: =W14-U14 -> 0
B15: 46300 | C15: =C14 -> 2026101 | D15: 1 | E15: 23D | F15: Occidente - Directa | G15: 14 | H15: O23 Directa - Oficinas | I15: 230887267 | J15: 24 | K15: 1502171 | L15: 81 | M15: 15968206 | N15: 8 | O15: 4333838 | P15: 81 | Q15: 19278432 | R15: 20 | S15: 2196485 | T15: =J15+L15+N15+P15+R15 -> 214 | U15: =K15+M15+O15+Q15+S15 -> 43279132 | V15: 214 | W15: 43279132 | X15: =V15-T15 -> 0 | Y15: =W15-U15 -> 0
C16: =C15 -> 2026101 | F16: TOTAL | J16: =SUM(J13:J15) -> 70 | K16: =SUM(K13:K15) -> 11848814 | L16: =SUM(L13:L15) -> 229 | M16: =SUM(M13:M15) -> 47753746 | N16: =SUM(N13:N15) -> 58 | O16: =SUM(O13:O15) -> 15688758 | P16: =SUM(P13:P15) -> 137 | Q16: =SUM(Q13:Q15) -> 33244292 | ... Y16: =SUM(Y13:Y15) -> 0
B17: 46300 | C17: =C16 -> 2026101 | D17: 2 | E17: 23D | F17: Occidente - Directa | G17: 12 | H17: H23 Directa - CNB - Baloto - Éxito | I17: 230887267 | J17: 11 | K17: 1587980 | L17: 70 | M17: 10987880 | N17: 11 | O17: 1187530 | P17: 17 | Q17: 3853870 | R17: 14 | S17: 942900 | T17: =J17+L17+N17+P17+R17 -> 123 | U17: =K17+M17+O17+Q17+S17 -> 18560160 | V17: 123 | W17: 18560160 | X17: =V17-T17 -> 0 | Y17: =W17-U17 -> 0
B18: 46300 | C18: =C17 -> 2026101 | D18: 2 | E18: 23D | F18: Occidente - Directa | G18: 13 | H18: T23 Directa - Transferencias | I18: 230887267 | J18: 32 | K18: 4838300 | L18: =1+43 -> 44 | M18: =97699+58151410 -> 58249109 | N18: 37 | O18: 13439540 | P18: 30 | Q18: 5646770 | R18: 24 | S18: 5007810 | T18: =J18+L18+N18+P18+R18 -> 167 | U18: =K18+M18+O18+Q18+S18 -> 87181529 | V18: =1+166 -> 167 | W18: =97699+87083830 -> 87181529 | X18: =V18-T18 -> 0 | Y18: =W18-U18 -> 0
B19: 46300 | C19: =C18 -> 2026101 | D19: 2 | E19: 23D | F19: Occidente - Directa | G19: 14 | H19: O23 Directa - Oficinas | I19: 230887267 | J19: 13 | K19: 2352244 | L19: 92 | M19: 21980755 | N19: 4 | O19: 514146 | P19: 67 | Q19: 21244114 | R19: 17 | S19: 2057874 | T19: =J19+L19+N19+P19+R19 -> 193 | U19: =K19+M19+O19+Q19+S19 -> 48149133 | V19: 193 | W19: 48149133 | X19: =V19-T19 -> 0 | Y19: =W19-U19 -> 0
C20: =C19 -> 2026101 | F20: TOTAL | J20: =SUM(J17:J19) -> 56 | K20: =SUM(K17:K19) -> 8778524 | L20: =SUM(L17:L19) -> 206 | M20: =SUM(M17:M19) -> 91217744 | N20: =SUM(N17:N19) -> 52 | O20: =SUM(O17:O19) -> 15141216 | P20: =SUM(P17:P19) -> 114 | Q20: =SUM(Q17:Q19) -> 30744754 | ... Y20: =SUM(Y17:Y19) -> 0
B21: 46300 | C21: =C20 -> 2026101 | D21: 3 | E21: 23D | F21: Occidente - Directa | G21: 12 | H21: H23 Directa - CNB - Baloto - Éxito | I21: 230887267 | J21: 2 | K21: 64240 | L21: 28 | M21: 3565580 | N21: 1 | O21: 450 | P21: 4 | Q21: 717380 | R21: 4 | S21: 196690 | T21: =J21+L21+N21+P21+R21 -> 39 | U21: =K21+M21+O21+Q21+S21 -> 4544340 | V21: 39 | W21: 4544340 | X21: =V21-T21 -> 0 | Y21: =W21-U21 -> 0
B22: 46300 | C22: =C21 -> 2026101 | D22: 3 | E22: 23D | F22: Occidente - Directa | G22: 13 | H22: T23 Directa - Transferencias | I22: 230887267 | J22: 0 | K22: 0 | L22: 0 | M22: 0 | N22: 0 | O22: 0 | P22: 0 | Q22: 0 | R22: 0 | S22: 0 | T22: =J22+L22+N22+P22+R22 -> 0 | U22: =K22+M22+O22+Q22+S22 -> 0 | V22: 0 | W22: 0 | X22: =V22-T22 -> 0 | Y22: =W22-U22 -> 0
B23: 46300 | C23: =C22 -> 2026101 | D23: 3 | E23: 23D | F23: Occidente - Directa | G23: 14 | H23: O23 Directa - Oficinas | I23: 230887267 | J23: 0 | K23: 0 | L23: 0 | M23: 0 | N23: 0 | O23: 0 | P23: 0 | Q23: 0 | R23: 0 | S23: 0 | T23: =J23+L23+N23+P23+R23 -> 0 | U23: =K23+M23+O23+Q23+S23 -> 0 | V23: 0 | W23: 0 | X23: =V23-T23 -> 0 | Y23: =W23-U23 -> 0
C24: =C23 -> 2026101 | F24: TOTAL | J24: =SUM(J21:J23) -> 2 | K24: =SUM(K21:K23) -> 64240 | L24: =SUM(L21:L23) -> 28 | M24: =SUM(M21:M23) -> 3565580 | N24: =SUM(N21:N23) -> 1 | O24: =SUM(O21:O23) -> 450 | P24: =SUM(P21:P23) -> 4 | Q24: =SUM(Q21:Q23) -> 717380 | ... Y24: =SUM(Y21:Y23) -> 0
B25: 46300 | C25: =C24 -> 2026101 | D25: 4 | E25: 23D | F25: Occidente - Directa | G25: 12 | H25: H23 Directa - CNB - Baloto - Éxito | I25: 230887267 | J25: 0 | K25: 0 | L25: 10 | M25: 1370460 | N25: 0 | O25: 0 | P25: 1 | Q25: 44440 | R25: 2 | S25: 91520 | T25: =J25+L25+N25+P25+R25 -> 13 | U25: =K25+M25+O25+Q25+S25 -> 1506420 | V25: 13 | W25: 1506420 | X25: =V25-T25 -> 0 | Y25: =W25-U25 -> 0
B26: 46300 | C26: =C25 -> 2026101 | D26: 4 | E26: 23D | F26: Occidente - Directa | G26: 13 | H26: T23 Directa - Transferencias | I26: 230887267 | J26: 0 | K26: 0 | L26: 0 | M26: 0 | N26: 0 | O26: 0 | P26: 0 | Q26: 0 | R26: 0 | S26: 0 | T26: =J26+L26+N26+P26+R26 -> 0 | U26: =K26+M26+O26+Q26+S26 -> 0 | V26: 0 | W26: 0 | X26: =V26-T26 -> 0 | Y26: =W26-U26 -> 0
B27: 46300 | C27: =C26 -> 2026101 | D27: 4 | E27: 23D | F27: Occidente - Directa | G27: 14 | H27: O23 Directa - Oficinas | I27: 230887267 | J27: 0 | K27: 0 | L27: 0 | M27: 0 | N27: 0 | O27: 0 | P27: 0 | Q27: 0 | R27: 0 | S27: 0 | T27: =J27+L27+N27+P27+R27 -> 0 | U27: =K27+M27+O27+Q27+S27 -> 0 | V27: 0 | W27: 0 | X27: =V27-T27 -> 0 | Y27: =W27-U27 -> 0
C28: =C27 -> 2026101 | F28: TOTAL | J28: =SUM(J25:J27) -> 0 | K28: =SUM(K25:K27) -> 0 | L28: =SUM(L25:L27) -> 10 | M28: =SUM(M25:M27) -> 1370460 | N28: =SUM(N25:N27) -> 0 | O28: =SUM(O25:O27) -> 0 | P28: =SUM(P25:P27) -> 1 | Q28: =SUM(Q25:Q27) -> 44440 | ... Y28: =SUM(Y25:Y27) -> 0
B29: 46301 | C29: =C28 -> 2026101 | D29: 5 | E29: 23D | F29: Occidente - Directa | G29: 12 | H29: H23 Directa - CNB - Baloto - Éxito | I29: 230887267 | J29: 17 | K29: 1014150 | L29: 79 | M29: 10791500 | N29: 17 | O29: 1491490 | P29: 35 | Q29: 4096710 | R29: 13 | S29: 1473610 | T29: =J29+L29+N29+P29+R29 -> 161 | U29: =K29+M29+O29+Q29+S29 -> 18867460 | V29: 161 | W29: 18867460 | X29: =V29-T29 -> 0 | Y29: =W29-U29 -> 0
B30: 46301 | C30: =C29 -> 2026101 | D30: 5 | E30: 23D | F30: Occidente - Directa | G30: 13 | H30: T23 Directa - Transferencias | I30: 230887267 | J30: =50+4+34+11+6 -> 105 | K30: =16983680+3889590+2384060+832870+3316220 -> 27406420 | L30: =162+1+56 -> 219 | M30: =23025940+271290+6119300 -> 29416530 | N30: =71+1+11+1 -> 84 | O30: =18376790+52530+2186960+54370 -> 20670650 | P30: =4+63+51 -> 118 | Q30: =1435105+11376740+4692620 -> 17504465 | R30: =44+13 -> 57 | S30: =3736930+1052647 -> 4789577 | T30: =J30+L30+N30+P30+R30 -> 583 | U30: =K30+M30+O30+Q30+S30 -> 99787642 | V30: =4+390+6+165+12+6 -> 583 | W30: =1435105+73500080+4213410+16435587+887240+3316220 -> 99787642 | X30: =V30-T30 -> 0 | Y30: =W30-U30 -> 0
B31: 46301 | C31: =C30 -> 2026101 | D31: 5 | E31: 23D | F31: Occidente - Directa | G31: 14 | H31: O23 Directa - Oficinas | I31: 230887267 | J31: 33 | K31: 1556364 | L31: 86 | M31: 15092480 | N31: 10 | O31: 3121121 | P31: 93 | Q31: 16103935 | R31: 13 | S31: 1933478 | T31: =J31+L31+N31+P31+R31 -> 235 | U31: =K31+M31+O31+Q31+S31 -> 37807378 | V31: 235 | W31: 37807378 | X31: =V31-T31 -> 0 | Y31: =W31-U31 -> 0
C32: =C31 -> 2026101 | F32: TOTAL | J32: =SUM(J29:J31) -> 155 | K32: =SUM(K29:K31) -> 29976934 | L32: =SUM(L29:L31) -> 384 | M32: =SUM(M29:M31) -> 55300510 | N32: =SUM(N29:N31) -> 111 | O32: =SUM(O29:O31) -> 25283261 | P32: =SUM(P29:P31) -> 246 | Q32: =SUM(Q29:Q31) -> 37705110 | ... Y32: =SUM(Y29:Y31) -> 0
B33: 46302 | C33: =C32 -> 2026101 | D33: 6 | E33: 23D | F33: Occidente - Directa | G33: 12 | H33: H23 Directa - CNB - Baloto - Éxito | I33: 230887267 | J33: 13 | K33: 705990 | L33: 93 | M33: 11166610 | N33: 3 | O33: 184060 | P33: 53 | Q33: 5784650 | R33: 21 | S33: 1697180 | T33: =J33+L33+N33+P33+R33 -> 183 | U33: =K33+M33+O33+Q33+S33 -> 19538490 | V33: 183 | W33: 19538490 | X33: =V33-T33 -> 0 | Y33: =W33-U33 -> 0
B34: 46302 | C34: =C33 -> 2026101 | D34: 6 | E34: 23D | F34: Occidente - Directa | G34: 13 | H34: T23 Directa - Transferencias | I34: 230887267 | J34: =28+9+1 -> 38 | K34: =5187960+7606934+1853670 -> 14648564 | L34: =2+99+2+3 -> 106 | M34: =357220+41098350+202696+2012670 -> 43670936 | N34: =1+51 -> 52 | O34: =78110+33518440 -> 33596550 | P34: =1+60+2 -> 63 | Q34: =83780+6503720+259560 -> 6847060 | R34: =24+1 -> 25 | S34: =2851060+1575710 -> 4426770 | T34: =J34+L34+N34+P34+R34 -> 284 | U34: =K34+M34+O34+Q34+S34 -> 103189880 | V34: =262+4+13+2+3 -> 284 | W34: =89159530+519110+8069190+3429380+2012670 -> 103189880 | X34: =V34-T34 -> 0 | Y34: =W34-U34 -> 0
B35: 46302 | C35: =C34 -> 2026101 | D35: 6 | E35: 23D | F35: Occidente - Directa | G35: 14 | H35: O23 Directa - Oficinas | I35: 230887267 | J35: 107 | K35: 13139374 | L35: 92 | M35: 18961450 | N35: 22 | O35: 6080728 | P35: 97 | Q35: 43569768 | R35: 48 | S35: 2644290 | T35: =J35+L35+N35+P35+R35 -> 366 | U35: =K35+M35+O35+Q35+S35 -> 84395610 | V35: 366 | W35: 84395610 | X35: =V35-T35 -> 0 | Y35: =W35-U35 -> 0
C36: =C35 -> 2026101 | F36: TOTAL | J36: =SUM(J33:J35) -> 158 | K36: =SUM(K33:K35) -> 28493928 | L36: =SUM(L33:L35) -> 291 | M36: =SUM(M33:M35) -> 73798996 | N36: =SUM(N33:N35) -> 77 | O36: =SUM(O33:O35) -> 39861338 | P36: =SUM(P33:P35) -> 213 | Q36: =SUM(Q33:Q35) -> 56201478 | ... Y36: =SUM(Y33:Y35) -> 0
B37: 46303 | C37: =C36 -> 2026101 | D37: 7 | E37: 23D | F37: Occidente - Directa | G37: 12 | H37: H23 Directa - CNB - Baloto - Éxito | I37: 230887267 | J37: 53 | K37: 19997810 | L37: 105 | M37: 8998250 | N37: 32 | O37: 2458970 | P37: 64 | Q37: 6759070 | R37: 43 | S37: 3124160 | T37: =J37+L37+N37+P37+R37 -> 297 | U37: =K37+M37+O37+Q37+S37 -> 41338260 | V37: 297 | W37: 41338260 | X37: =V37-T37 -> 0 | Y37: =W37-U37 -> 0
B38: 46303 | C38: =C37 -> 2026101 | D38: 7 | E38: 23D | F38: Occidente - Directa | G38: 13 | H38: T23 Directa - Transferencias | I38: 230887267 | J38: =63+8 -> 71 | K38: =10359800+4621557 -> 14981357 | L38: =2+118+1 -> 121 | M38: =532110+21914850+1258530 -> 23705490 | N38: =46+11 -> 57 | O38: =14646650+3039740 -> 17686390 | P38: =104+1+1 -> 106 | Q38: =13371420+697432+84860 -> 14153712 | R38: =59+1 -> 60 | S38: =6794730+14060690 -> 20855420 | T38: =J38+L38+N38+P38+R38 -> 415 | U38: =K38+M38+O38+Q38+S38 -> 91382369 | V38: =2+390+10+11+2 -> 415 | W38: =532110+67087450+6577519+3039740+14145550 -> 91382369 | X38: =V38-T38 -> 0 | Y38: =W38-U38 -> 0
B39: 46303 | C39: =C38 -> 2026101 | D39: 7 | E39: 23D | F39: Occidente - Directa | G39: 14 | H39: O23 Directa - Oficinas | I39: 230887267 | J39: 42 | K39: 5108016 | L39: 69 | M39: 10988692 | N39: 7 | O39: 506917 | P39: 80 | Q39: 11442563 | R39: 13 | S39: 541672 | T39: =J39+L39+N39+P39+R39 -> 211 | U39: =K39+M39+O39+Q39+S39 -> 28587860 | V39: 211 | W39: 28587860 | X39: =V39-T39 -> 0 | Y39: =W39-U39 -> 0
C40: =C39 -> 2026101 | F40: TOTAL | J40: =SUM(J37:J39) -> 166 | K40: =SUM(K37:K39) -> 40087183 | L40: =SUM(L37:L39) -> 295 | M40: =SUM(M37:M39) -> 43692432 | N40: =SUM(N37:N39) -> 96 | O40: =SUM(O37:O39) -> 20652277 | P40: =SUM(P37:P39) -> 250 | Q40: =SUM(Q37:Q39) -> 32355345 | ... Y40: =SUM(Y37:Y39) -> 0
B41: 46304 | C41: =C40 -> 2026101 | D41: 8 | E41: 23D | F41: Occidente - Directa | G41: 12 | H41: H23 Directa - CNB - Baloto - Éxito | I41: 230887267 | J41: 23 | K41: 3170540 | L41: 129 | M41: 9364430 | N41: 38 | O41: 3076550 | P41: 75 | Q41: 11616710 | R41: 18 | S41: 855810 | T41: =J41+L41+N41+P41+R41 -> 283 | U41: =K41+M41+O41+Q41+S41 -> 28084040 | V41: 283 | W41: 28084040 | X41: =V41-T41 -> 0 | Y41: =W41-U41 -> 0
B42: 46304 | C42: =C41 -> 2026101 | D42: 8 | E42: 23D | F42: Occidente - Directa | G42: 13 | H42: T23 Directa - Transferencias | I42: 230887267 | J42: =3+65+50 -> 118 | K42: =448170+9778630+7956790 -> 18183590 | L42: =4+110+20 -> 134 | M42: =8645190+52803300+20813210 -> 82261700 | N42: =1+75+11 -> 87 | O42: =56050+29536630+2881720 -> 32474400 | P42: =99+4 -> 103 | Q42: =9052200+691220 -> 9743420 | R42: =1+51+4 -> 56 | S42: =287080+3479240+464190 -> 4230510 | T42: =J42+L42+N42+P42+R42 -> 498 | U42: =K42+M42+O42+Q42+S42 -> 146893620 | V42: =9+400+89 -> 498 | W42: =9436490+104650000+32807130 -> 146893620 | X42: =V42-T42 -> 0 | Y42: =W42-U42 -> 0
B43: 46304 | C43: =C42 -> 2026101 | D43: 8 | E43: 23D | F43: Occidente - Directa | G43: 14 | H43: O23 Directa - Oficinas | I43: 230887267 | J43: 21 | K43: 1973651 | L43: 61 | M43: 15763078 | N43: 5 | O43: 517360 | P43: 50 | Q43: 6560147 | R43: =17 -> 17 | S43: =693148 -> 693148 | T43: =J43+L43+N43+P43+R43 -> 154 | U43: =K43+M43+O43+Q43+S43 -> 25507384 | V43: 154 | W43: 25507384 | X43: =V43-T43 -> 0 | Y43: =W43-U43 -> 0
C44: =C43 -> 2026101 | F44: TOTAL | J44: =SUM(J41:J43) -> 162 | K44: =SUM(K41:K43) -> 23327781 | L44: =SUM(L41:L43) -> 324 | M44: =SUM(M41:M43) -> 107389208 | N44: =SUM(N41:N43) -> 130 | O44: =SUM(O41:O43) -> 36068310 | P44: =SUM(P41:P43) -> 228 | Q44: =SUM(Q41:Q43) -> 27920277 | ... Y44: =SUM(Y41:Y43) -> 0
B45: 46308 | C45: =C44 -> 2026101 | D45: 9 | E45: 23D | F45: Occidente - Directa | G45: 12 | H45: H23 Directa - CNB - Baloto - Éxito | I45: 230887267 | J45: 20 | K45: 1194110 | L45: 163 | M45: 18515830 | N45: 51 | O45: 3619130 | P45: 64 | Q45: 7583720 | R45: 19 | S45: 2648400 | T45: =J45+L45+N45+P45+R45 -> 317 | U45: =K45+M45+O45+Q45+S45 -> 33561190 | V45: 317 | W45: 33561190 | X45: =V45-T45 -> 0 | Y45: =W45-U45 -> 0
B46: 46308 | C46: =C45 -> 2026101 | D46: 9 | E46: 23D | F46: Occidente - Directa | G46: 13 | H46: T23 Directa - Transferencias | I46: 230887267 | J46: =1+82 -> 83 | K46: =229710+32296540 -> 32526250 | L46: =122+3 -> 125 | M46: =18486610+241110 -> 18727720 | N46: =2+86+1 -> 89 | O46: =111530+38063810+78110 -> 38253450 | P46: =1+91+4 -> 96 | Q46: =2693620+13494600+494190 -> 16682410 | R46: 42 | S46: 23757670 | T46: =J46+L46+N46+P46+R46 -> 435 | U46: =K46+M46+O46+Q46+S46 -> 129947500 | V46: =4+423+8 -> 435 | W46: =3034860+126099230+813410 -> 129947500 | X46: =V46-T46 -> 0 | Y46: =W46-U46 -> 0
B47: 46308 | C47: =C46 -> 2026101 | D47: 9 | E47: 23D | F47: Occidente - Directa | G47: 14 | H47: O23 Directa - Oficinas | I47: 230887267 | J47: 30 | K47: 2533842 | L47: 66 | M47: 15762628 | N47: 9 | O47: 4215896 | P47: 58 | Q47: 7149216 | R47: 26 | S47: 1416757 | T47: =J47+L47+N47+P47+R47 -> 189 | U47: =K47+M47+O47+Q47+S47 -> 31078339 | V47: 189 | W47: 31078339 | X47: =V47-T47 -> 0 | Y47: =W47-U47 -> 0
C48: =C47 -> 2026101 | F48: TOTAL | J48: =SUM(J45:J47) -> 133 | K48: =SUM(K45:K47) -> 36254202 | L48: =SUM(L45:L47) -> 354 | M48: =SUM(M45:M47) -> 53006178 | N48: =SUM(N45:N47) -> 149 | O48: =SUM(O45:O47) -> 46088476 | P48: =SUM(P45:P47) -> 218 | Q48: =SUM(Q45:Q47) -> 31415346 | ... Y48: =SUM(Y45:Y47) -> 0
B49: 46308 | C49: =C48 -> 2026101 | D49: 10 | E49: 23D | F49: Occidente - Directa | G49: 12 | H49: H23 Directa - CNB - Baloto - Éxito | I49: 230887267 | J49: 1 | K49: 24310 | L49: 63 | M49: 5003190 | N49: 7 | O49: 367900 | P49: 30 | Q49: 2253430 | R49: 8 | S49: 457970 | T49: =J49+L49+N49+P49+R49 -> 109 | U49: =K49+M49+O49+Q49+S49 -> 8106800 | V49: 109 | W49: 8106800 | X49: =V49-T49 -> 0 | Y49: =W49-U49 -> 0
B50: 46308 | C50: =C49 -> 2026101 | D50: 10 | E50: 23D | F50: Occidente - Directa | G50: 13 | H50: T23 Directa - Transferencias | I50: 230887267 | J50: 0 | K50: 0 | L50: 0 | M50: 0 | N50: 0 | O50: 0 | P50: 0 | Q50: 0 | R50: 0 | S50: 0 | T50: =J50+L50+N50+P50+R50 -> 0 | U50: =K50+M50+O50+Q50+S50 -> 0 | V50: 0 | W50: 0 | X50: =V50-T50 -> 0 | Y50: =W50-U50 -> 0
B51: 46308 | C51: =C50 -> 2026101 | D51: 10 | E51: 23D | F51: Occidente - Directa | G51: 14 | H51: O23 Directa - Oficinas | I51: 230887267 | J51: 0 | K51: 0 | L51: 0 | M51: 0 | N51: 0 | O51: 0 | P51: 0 | Q51: 0 | R51: 0 | S51: 0 | T51: =J51+L51+N51+P51+R51 -> 0 | U51: =K51+M51+O51+Q51+S51 -> 0 | V51: 0 | W51: 0 | X51: =V51-T51 -> 0 | Y51: =W51-U51 -> 0
C52: =C51 -> 2026101 | F52: TOTAL | J52: =SUM(J49:J51) -> 1 | K52: =SUM(K49:K51) -> 24310 | L52: =SUM(L49:L51) -> 63 | M52: =SUM(M49:M51) -> 5003190 | N52: =SUM(N49:N51) -> 7 | O52: =SUM(O49:O51) -> 367900 | P52: =SUM(P49:P51) -> 30 | Q52: =SUM(Q49:Q51) -> 2253430 | ... Y52: =SUM(Y49:Y51) -> 0
B53: 46308 | C53: =C52 -> 2026101 | D53: 11 | E53: 23D | F53: Occidente - Directa | G53: 12 | H53: H23 Directa - CNB - Baloto - Éxito | I53: 230887267 | J53: 3 | K53: 164700 | L53: 12 | M53: 543680 | N53: 3 | O53: 115670 | P53: 2 | Q53: 84250 | R53: 2 | S53: 79030 | T53: =J53+L53+N53+P53+R53 -> 22 | U53: =K53+M53+O53+Q53+S53 -> 987330 | V53: 22 | W53: 987330 | X53: =V53-T53 -> 0 | Y53: =W53-U53 -> 0
B54: 46308 | C54: =C53 -> 2026101 | D54: 11 | E54: 23D | F54: Occidente - Directa | G54: 13 | H54: T23 Directa - Transferencias | I54: 230887267 | J54: 0 | K54: 0 | L54: 0 | M54: 0 | N54: 0 | O54: 0 | P54: 0 | Q54: 0 | R54: 0 | S54: 0 | T54: =J54+L54+N54+P54+R54 -> 0 | U54: =K54+M54+O54+Q54+S54 -> 0 | V54: 0 | W54: 0 | X54: =V54-T54 -> 0 | Y54: =W54-U54 -> 0
B55: 46308 | C55: =C54 -> 2026101 | D55: 11 | E55: 23D | F55: Occidente - Directa | G55: 14 | H55: O23 Directa - Oficinas | I55: 230887267 | J55: 0 | K55: 0 | L55: 0 | M55: 0 | N55: 0 | O55: 0 | P55: 0 | Q55: 0 | R55: 0 | S55: 0 | T55: =J55+L55+N55+P55+R55 -> 0 | U55: =K55+M55+O55+Q55+S55 -> 0 | V55: 0 | W55: 0 | X55: =V55-T55 -> 0 | Y55: =W55-U55 -> 0
C56: =C55 -> 2026101 | F56: TOTAL | J56: =SUM(J53:J55) -> 3 | K56: =SUM(K53:K55) -> 164700 | L56: =SUM(L53:L55) -> 12 | M56: =SUM(M53:M55) -> 543680 | N56: =SUM(N53:N55) -> 3 | O56: =SUM(O53:O55) -> 115670 | P56: =SUM(P53:P55) -> 2 | Q56: =SUM(Q53:Q55) -> 84250 | ... Y56: =SUM(Y53:Y55) -> 0
B57: 46308 | C57: =C56 -> 2026101 | D57: 12 | E57: 23D | F57: Occidente - Directa | G57: 12 | H57: H23 Directa - CNB - Baloto - Éxito | I57: 230887267 | J57: 0 | K57: 0 | L57: 26 | M57: 1185600 | N57: 3 | O57: 115840 | P57: 4 | Q57: 1180020 | R57: 1 | S57: 44380 | T57: =J57+L57+N57+P57+R57 -> 34 | U57: =K57+M57+O57+Q57+S57 -> 2525840 | V57: 34 | W57: 2525840 | X57: =V57-T57 -> 0 | Y57: =W57-U57 -> 0
B58: 46308 | C58: =C57 -> 2026101 | D58: 12 | E58: 23D | F58: Occidente - Directa | G58: 13 | H58: T23 Directa - Transferencias | I58: 230887267 | J58: 0 | K58: 0 | L58: 0 | M58: 0 | N58: 0 | O58: 0 | P58: 0 | Q58: 0 | R58: 0 | S58: 0 | T58: =J58+L58+N58+P58+R58 -> 0 | U58: =K58+M58+O58+Q58+S58 -> 0 | V58: 0 | W58: 0 | X58: =V58-T58 -> 0 | Y58: =W58-U58 -> 0
B59: 46308 | C59: =C58 -> 2026101 | D59: 12 | E59: 23D | F59: Occidente - Directa | G59: 14 | H59: O23 Directa - Oficinas | I59: 230887267 | J59: 0 | K59: 0 | L59: 0 | M59: 0 | N59: 0 | O59: 0 | P59: 0 | Q59: 0 | R59: 0 | S59: 0 | T59: =J59+L59+N59+P59+R59 -> 0 | U59: =K59+M59+O59+Q59+S59 -> 0 | V59: 0 | W59: 0 | X59: =V59-T59 -> 0 | Y59: =W59-U59 -> 0
C60: =C59 -> 2026101 | F60: TOTAL | J60: =SUM(J57:J59) -> 0 | K60: =SUM(K57:K59) -> 0 | L60: =SUM(L57:L59) -> 26 | M60: =SUM(M57:M59) -> 1185600 | N60: =SUM(N57:N59) -> 3 | O60: =SUM(O57:O59) -> 115840 | P60: =SUM(P57:P59) -> 4 | Q60: =SUM(Q57:Q59) -> 1180020 | ... Y60: =SUM(Y57:Y59) -> 0
B61: 46309 | C61: =C60 -> 2026101 | D61: 13 | E61: 23D | F61: Occidente - Directa | G61: 12 | H61: H23 Directa - CNB - Baloto - Éxito | I61: 230887267 | J61: 41 | K61: 3174650 | L61: 275 | M61: 19192410 | N61: 70 | O61: 3441550 | P61: 111 | Q61: 10552310 | R61: 52 | S61: 2853750 | T61: =J61+L61+N61+P61+R61 -> 549 | U61: =K61+M61+O61+Q61+S61 -> 39214670 | V61: 549 | W61: 39214670 | X61: =V61-T61 -> 0 | Y61: =W61-U61 -> 0
B62: 46309 | C62: =C61 -> 2026101 | D62: 13 | E62: 23D | F62: Occidente - Directa | G62: 13 | H62: T23 Directa - Transferencias | I62: 230887267 | J62: =5+197+4 -> 206 | K62: =3013270+52336960+4362840 -> 59713070 | L62: =1+350+14+1 -> 366 | M62: =53580+52225320+78551410+151810 -> 130982120 | N62: =223+2+6+1 -> 232 | O62: =29178850+4920710+49759610+4199400 -> 88058570 | P62: =1+232+3+10 -> 246 | Q62: =339940+97256540+317170+6715590 -> 104629240 | R62: =132+2 -> 134 | S62: =22107610+100930 -> 22208540 | T62: =J62+L62+N62+P62+R62 -> 1184 | U62: =K62+M62+O62+Q62+S62 -> 405591540 | V62: =1134+7+23+19+1 -> 1184 | W62: =253105280+3406790+88152130+56727940+4199400 -> 405591540 | X62: =T62-V62 -> 0 | Y62: =W62-U62 -> 0
B63: 46309 | C63: =C62 -> 2026101 | D63: 13 | E63: 23D | F63: Occidente - Directa | G63: 14 | H63: O23 Directa - Oficinas | I63: 230887267 | J63: 49 | K63: 7371107 | L63: 82 | M63: 16278263 | N63: 15 | O63: 15006440 | P63: 85 | Q63: 30560298 | R63: 36 | S63: 1729087 | T63: =J63+L63+N63+P63+R63 -> 267 | U63: =K63+M63+O63+Q63+S63 -> 70945195 | V63: 267 | W63: 70945195 | X63: =V63-T63 -> 0 | Y63: =W63-U63 -> 0
C64: =C63 -> 2026101 | F64: TOTAL | J64: =SUM(J61:J63) -> 296 | K64: =SUM(K61:K63) -> 70258827 | L64: =SUM(L61:L63) -> 723 | M64: =SUM(M61:M63) -> 166452793 | N64: =SUM(N61:N63) -> 317 | O64: =SUM(O61:O63) -> 106506560 | P64: =SUM(P61:P63) -> 442 | Q64: =SUM(Q61:Q63) -> 145741848 | ... Y64: =SUM(Y61:Y63) -> 0
B65: 46310 | C65: =C64 -> 2026101 | D65: 14 | E65: 23D | F65: Occidente - Directa | G65: 12 | H65: H23 Directa - CNB - Baloto - Éxito | I65: 230887267 | J65: 40 | K65: 4520220 | L65: 233 | M65: 20060270 | N65: 56 | O65: 9047700 | P65: 129 | Q65: 11737020 | R65: 48 | S65: 2472520 | T65: =J65+L65+N65+P65+R65 -> 506 | U65: =K65+M65+O65+Q65+S65 -> 47837730 | V65: 506 | W65: 47837730 | X65: =V65-T65 -> 0 | Y65: =W65-U65 -> 0
B66: 46310 | C66: =C65 -> 2026101 | D66: 14 | E66: 23D | F66: Occidente - Directa | G66: 13 | H66: T23 Directa - Transferencias | I66: 230887267 | J66: =1+139+2 -> 142 | K66: =55320+26700210+605260 -> 27360790 | L66: =12+6+2+157 -> 177 | M66: =2180250+3106049+4923020+70796020 -> 81005339 | N66: =1+86+1+4 -> 92 | O66: =102940+40779650+310080+3510610 -> 44703280 | P66: =1+138+2+6 -> 147 | Q66: =83780+20196360+14920+497190 -> 20792250 | R66: =5+58 -> 63 | S66: =402340+6004030 -> 6406370 | T66: =J66+L66+N66+P66+R66 -> 621 | U66: =K66+M66+O66+Q66+S66 -> 180268029 | V66: =578+10+9+24 -> 621 | W66: =164476270+5567400+3431049+6793310 -> 180268029 | X66: =V66-T66 -> 0 | Y66: =W66-U66 -> 0
B67: 46310 | C67: =C66 -> 2026101 | D67: 14 | E67: 23D | F67: Occidente - Directa | G67: 14 | H67: O23 Directa - Oficinas | I67: 230887267 | J67: 50 | K67: 2844683 | L67: 62 | M67: 12123532 | N67: 19 | O67: 4785508 | P67: 85 | Q67: 6535692 | R67: 32 | S67: 1902919 | T67: =J67+L67+N67+P67+R67 -> 248 | U67: =K67+M67+O67+Q67+S67 -> 28192334 | V67: 248 | W67: 28192334 | X67: =V67-T67 -> 0 | Y67: =W67-U67 -> 0
C68: =C67 -> 2026101 | F68: TOTAL | J68: =SUM(J65:J67) -> 232 | K68: =SUM(K65:K67) -> 34725693 | L68: =SUM(L65:L67) -> 472 | M68: =SUM(M65:M67) -> 113189141 | N68: =SUM(N65:N67) -> 167 | O68: =SUM(O65:O67) -> 58536488 | P68: =SUM(P65:P67) -> 361 | Q68: =SUM(Q65:Q67) -> 39064962 | ... Y68: =SUM(Y65:Y67) -> 0
B69: 46311 | C69: =C68 -> 2026101 | D69: 15 | E69: 23D | F69: Occidente - Directa | G69: 12 | H69: H23 Directa - CNB - Baloto - Éxito | I69: 230887267 | J69: 31 | K69: 2936140 | L69: 258 | M69: 21932460 | N69: 77 | O69: 5075770 | P69: 150 | Q69: 15195940 | R69: 45 | S69: 2055540 | T69: =J69+L69+N69+P69+R69 -> 561 | U69: =K69+M69+O69+Q69+S69 -> 47195850 | V69: 561 | W69: 47195850 | X69: =V69-T69 -> 0 | Y69: =W69-U69 -> 0
B70: 46311 | C70: =C69 -> 2026101 | D70: 15 | E70: 23D | F70: Occidente - Directa | G70: 13 | H70: T23 Directa - Transferencias | I70: 230887267 | J70: =83+2+26 -> 111 | K70: =29645230+1584990+1791800 -> 33022020 | L70: =161+3+25 -> 189 | M70: =31393620+4572110+5613070 -> 41578800 | N70: =104+2+1 -> 107 | O70: =42439920+3542940+39623 -> 46022483 | P70: =109+1+3 -> 113 | Q70: =14987190+444620+1819909 -> 17251719 | R70: =79+16 -> 95 | S70: =5629460+13064870 -> 18694330 | T70: =J70+L70+N70+P70+R70 -> 615 | U70: =K70+M70+O70+Q70+S70 -> 156569352 | V70: =536+8+71 -> 615 | W70: =124095420+10144660+22329272 -> 156569352 | X70: =V70-T70 -> 0 | Y70: =W70-U70 -> 0
B71: 46311 | C71: =C70 -> 2026101 | D71: 15 | E71: 23D | F71: Occidente - Directa | G71: 14 | H71: O23 Directa - Oficinas | I71: 230887267 | J71: 40 | K71: 2775794 | L71: 100 | M71: 12809277 | N71: 21 | O71: 1976090 | P71: 78 | Q71: 10343671 | R71: 43 | S71: 4323750 | T71: =J71+L71+N71+P71+R71 -> 282 | U71: =K71+M71+O71+Q71+S71 -> 32228582 | V71: 282 | W71: 32228582 | X71: =V71-T71 -> 0 | Y71: =W71-U71 -> 0
C72: =C71 -> 2026101 | F72: TOTAL | J72: =SUM(J69:J71) -> 182 | K72: =SUM(K69:K71) -> 38733954 | L72: =SUM(L69:L71) -> 547 | M72: =SUM(M69:M71) -> 76320537 | N72: =SUM(N69:N71) -> 205 | O72: =SUM(O69:O71) -> 53074343 | P72: =SUM(P69:P71) -> 341 | Q72: =SUM(Q69:Q71) -> 42791330 | ... Y72: =SUM(Y69:Y71) -> 0
B73: 46314 | C73: =C2 -> 2026102 | D73: 16 | E73: 23D | F73: Occidente - Directa | G73: 12 | H73: H23 Directa - CNB - Baloto - Éxito | I73: 230887267 | J73: 58 | K73: 3979770 | L73: 262 | M73: 25866960 | N73: 61 | O73: 5895900 | P73: 147 | Q73: 18050270 | R73: 69 | S73: 4368960 | T73: =J73+L73+N73+P73+R73 -> 597 | U73: =K73+M73+O73+Q73+S73 -> 58161860 | V73: 597 | W73: 58161860 | X73: =V73-T73 -> 0 | Y73: =W73-U73 -> 0
B74: 46314 | C74: =C73 -> 2026102 | D74: 16 | E74: 23D | F74: Occidente - Directa | G74: 13 | H74: T23 Directa - Transferencias | I74: 230887267 | J74: =1+156+16+32 -> 205 | K74: =112710+48804880+7432670+18238770 -> 74589030 | L74: =178+27 -> 205 | M74: =59868970+18585490 -> 78454460 | N74: =1+134+14 -> 149 | O74: =13491710+26909760+11230327 -> 51631797 | P74: =156+5 -> 161 | Q74: =28791100+15909829 -> 44700929 | R74: =98+4 -> 102 | S74: =20885490+3524320 -> 24409810 | T74: =J74+L74+N74+P74+R74 -> 822 | U74: =K74+M74+O74+Q74+S74 -> 273786026 | V74: =6+718+16+82 -> 822 | W74: =21478780+177385840+7432670+67488736 -> 273786026 | X74: =V74-T74 -> 0 | Y74: =W74-U74 -> 0
B75: 46314 | C75: =C74 -> 2026102 | D75: 16 | E75: 23D | F75: Occidente - Directa | G75: 14 | H75: O23 Directa - Oficinas | I75: 230887267 | J75: =50 -> 50 | K75: 5857169 | L75: 102 | M75: 43692734 | N75: 41 | O75: 49816397 | P75: 111 | Q75: 32697484 | R75: 24 | S75: 2884579 | T75: =J75+L75+N75+P75+R75 -> 328 | U75: =K75+M75+O75+Q75+S75 -> 134948363 | V75: 328 | W75: 134948363 | X75: =V75-T75 -> 0 | Y75: =W75-U75 -> 0
C76: =C75 -> 2026102 | F76: TOTAL | J76: =SUM(J73:J75) -> 313 | K76: =SUM(K73:K75) -> 84425969 | L76: =SUM(L73:L75) -> 569 | M76: =SUM(M73:M75) -> 148014154 | N76: =SUM(N73:N75) -> 251 | O76: =SUM(O73:O75) -> 107344094 | P76: =SUM(P73:P75) -> 419 | Q76: =SUM(Q73:Q75) -> 95448683 | ... Y76: =SUM(Y73:Y75) -> 0
B77: 46314 | C77: =C76 -> 2026102 | D77: 17 | E77: 23D | F77: Occidente - Directa | G77: 12 | H77: H23 Directa - CNB - Baloto - Éxito | I77: 230887267 | J77: 8 | K77: 357780 | L77: 140 | M77: 11225970 | N77: 18 | O77: 1038960 | P77: 48 | Q77: 5600570 | R77: 6 | S77: 208360 | T77: =J77+L77+N77+P77+R77 -> 220 | U77: =K77+M77+O77+Q77+S77 -> 18431640 | V77: 220 | W77: 18431640 | X77: =V77-T77 -> 0 | Y77: =W77-U77 -> 0
B78: 46314 | C78: =C77 -> 2026102 | D78: 17 | E78: 23D | F78: Occidente - Directa | G78: 13 | H78: T23 Directa - Transferencias | I78: 230887267 | J78: 0 | K78: 0 | L78: 0 | M78: 0 | N78: 0 | O78: 0 | P78: 0 | Q78: 0 | R78: 0 | S78: 0 | T78: =J78+L78+N78+P78+R78 -> 0 | U78: =K78+M78+O78+Q78+S78 -> 0 | V78: 0 | W78: 0 | X78: =V78-T78 -> 0 | Y78: =W78-U78 -> 0
B79: 46314 | C79: =C78 -> 2026102 | D79: 17 | E79: 23D | F79: Occidente - Directa | G79: 14 | H79: O23 Directa - Oficinas | I79: 230887267 | J79: 0 | K79: 0 | L79: 0 | M79: 0 | N79: 0 | O79: 0 | P79: 0 | Q79: 0 | R79: 0 | S79: 0 | T79: =J79+L79+N79+P79+R79 -> 0 | U79: =K79+M79+O79+Q79+S79 -> 0 | V79: 0 | W79: 0 | X79: =V79-T79 -> 0 | Y79: =W79-U79 -> 0
C80: =C79 -> 2026102 | F80: TOTAL | J80: =SUM(J77:J79) -> 8 | K80: =SUM(K77:K79) -> 357780 | L80: =SUM(L77:L79) -> 140 | M80: =SUM(M77:M79) -> 11225970 | N80: =SUM(N77:N79) -> 18 | O80: =SUM(O77:O79) -> 1038960 | P80: =SUM(P77:P79) -> 48 | Q80: =SUM(Q77:Q79) -> 5600570 | ... Y80: =SUM(Y77:Y79) -> 0
B81: 46314 | C81: =C80 -> 2026102 | D81: 18 | E81: 23D | F81: Occidente - Directa | G81: 12 | H81: H23 Directa - CNB - Baloto - Éxito | I81: 230887267 | J81: 2 | K81: 71560 | L81: 32 | M81: 2008780 | N81: 5 | O81: 190520 | P81: 15 | Q81: 1252680 | R81: 5 | S81: 188350 | T81: =J81+L81+N81+P81+R81 -> 59 | U81: =K81+M81+O81+Q81+S81 -> 3711890 | V81: 59 | W81: 3711890 | X81: =V81-T81 -> 0 | Y81: =W81-U81 -> 0
B82: 46314 | C82: =C81 -> 2026102 | D82: 18 | E82: 23D | F82: Occidente - Directa | G82: 13 | H82: T23 Directa - Transferencias | I82: 230887267 | J82: 0 | K82: 0 | L82: 0 | M82: 0 | N82: 0 | O82: 0 | P82: 0 | Q82: 0 | R82: 0 | S82: 0 | T82: =J82+L82+N82+P82+R82 -> 0 | U82: =K82+M82+O82+Q82+S82 -> 0 | V82: 0 | W82: 0 | X82: =V82-T82 -> 0 | Y82: =W82-U82 -> 0
B83: 46314 | C83: =C82 -> 2026102 | D83: 18 | E83: 23D | F83: Occidente - Directa | G83: 14 | H83: O23 Directa - Oficinas | I83: 230887267 | J83: 0 | K83: 0 | L83: 0 | M83: 0 | N83: 0 | O83: 0 | P83: 0 | Q83: 0 | R83: 0 | S83: 0 | T83: =J83+L83+N83+P83+R83 -> 0 | U83: =K83+M83+O83+Q83+S83 -> 0 | V83: 0 | W83: 0 | X83: =V83-T83 -> 0 | Y83: =W83-U83 -> 0
C84: =C83 -> 2026102 | F84: TOTAL | J84: =SUM(J81:J83) -> 2 | K84: =SUM(K81:K83) -> 71560 | L84: =SUM(L81:L83) -> 32 | M84: =SUM(M81:M83) -> 2008780 | N84: =SUM(N81:N83) -> 5 | O84: =SUM(O81:O83) -> 190520 | P84: =SUM(P81:P83) -> 15 | Q84: =SUM(Q81:Q83) -> 1252680 | ... Y84: =SUM(Y81:Y83) -> 0
B85: 46315 | C85: =C84 -> 2026102 | D85: 19 | E85: 23D | F85: Occidente - Directa | G85: 12 | H85: H23 Directa - CNB - Baloto - Éxito | I85: 230887267 | J85: 67 | K85: 4533680 | L85: 436 | M85: 47466860 | N85: 94 | O85: 6875450 | P85: 216 | Q85: 27033930 | R85: 46 | S85: 2273770 | T85: =J85+L85+N85+P85+R85 -> 859 | U85: =K85+M85+O85+Q85+S85 -> 88183690 | V85: 859 | W85: 88183690 | X85: =V85-T85 -> 0 | Y85: =W85-U85 -> 0
B86: 46315 | C86: =C85 -> 2026102 | D86: 19 | E86: 23D | F86: Occidente - Directa | G86: 13 | H86: T23 Directa - Transferencias | I86: 230887267 | J86: =1+132+55 -> 188 | K86: =1536660+43968250+5533350 -> 51038260 | L86: =3+378+70 -> 451 | M86: =10880760+35819440+18880370 -> 65580570 | N86: =1+205+26 -> 232 | O86: =56050+46229240+6353970 -> 52639260 | P86: =3+251+20 -> 274 | Q86: =3428070+35456860+5119510 -> 44004440 | R86: =157+16 -> 173 | S86: =16134070+14396946 -> 30531016 | T86: =J86+L86+N86+P86+R86 -> 1318 | U86: =K86+M86+O86+Q86+S86 -> 243793546 | V86: =8+1123+187 -> 1318 | W86: =15901540+177607860+50284146 -> 243793546 | X86: =V86-T86 -> 0 | Y86: =W86-U86 -> 0
B87: 46315 | C87: =C86 -> 2026102 | D87: 19 | E87: 23D | F87: Occidente - Directa | G87: 14 | H87: O23 Directa - Oficinas | I87: 230887267 | J87: 88 | K87: 45954808 | L87: 127 | M87: 64065869 | N87: 20 | O87: 7428209 | P87: 126 | Q87: 20201309 | R87: 86 | S87: 15421551 | T87: =J87+L87+N87+P87+R87 -> 447 | U87: =K87+M87+O87+Q87+S87 -> 153071746 | V87: 447 | W87: 153071746 | X87: =V87-T87 -> 0 | Y87: =W87-U87 -> 0
C88: =C87 -> 2026102 | F88: TOTAL | J88: =SUM(J85:J87) -> 343 | K88: =SUM(K85:K87) -> 101526748 | L88: =SUM(L85:L87) -> 1014 | M88: =SUM(M85:M87) -> 177113299 | N88: =SUM(N85:N87) -> 346 | O88: =SUM(O85:O87) -> 66942919 | P88: =SUM(P85:P87) -> 616 | Q88: =SUM(Q85:Q87) -> 91239679 | ... Y88: =SUM(Y85:Y87) -> 0
C89: =C88 -> 2026102 | D89: 20 | E89: 23D | F89: Occidente - Directa | G89: 12 | H89: H23 Directa - CNB - Baloto - Éxito | I89: 230887267 | J89: 0 | K89: 0 | L89: 0 | M89: 0 | N89: 0 | O89: 0 | P89: 0 | Q89: 0 | R89: 0 | S89: 0 | T89: =J89+L89+N89+P89+R89 -> 0 | U89: =K89+M89+O89+Q89+S89 -> 0 | V89: 0 | W89: 0 | X89: =V89-T89 -> 0 | Y89: =W89-U89 -> 0
C90: =C89 -> 2026102 | D90: 20 | E90: 23D | F90: Occidente - Directa | G90: 13 | H90: T23 Directa - Transferencias | I90: 230887267 | J90: 0 | K90: 0 | L90: 0 | M90: 0 | N90: 0 | O90: 0 | P90: 0 | Q90: 0 | R90: 0 | S90: 0 | T90: =J90+L90+N90+P90+R90 -> 0 | U90: =K90+M90+O90+Q90+S90 -> 0 | V90: 0 | W90: 0 | X90: =V90-T90 -> 0 | Y90: =W90-U90 -> 0
C91: =C90 -> 2026102 | D91: 20 | E91: 23D | F91: Occidente - Directa | G91: 14 | H91: O23 Directa - Oficinas | I91: 230887267 | J91: 0 | K91: 0 | L91: 0 | M91: 0 | N91: 0 | O91: 0 | P91: 0 | Q91: 0 | R91: 0 | S91: 0 | T91: =J91+L91+N91+P91+R91 -> 0 | U91: =K91+M91+O91+Q91+S91 -> 0 | V91: 0 | W91: 0 | X91: =V91-T91 -> 0 | Y91: =W91-U91 -> 0
C92: =C91 -> 2026102 | F92: TOTAL | J92: =SUM(J89:J91) -> 0 | K92: =SUM(K89:K91) -> 0 | L92: =SUM(L89:L91) -> 0 | M92: =SUM(M89:M91) -> 0 | N92: =SUM(N89:N91) -> 0 | O92: =SUM(O89:O91) -> 0 | P92: =SUM(P89:P91) -> 0 | Q92: =SUM(Q89:Q91) -> 0 | ... Y92: =SUM(Y89:Y91) -> 0
C93: =C92 -> 2026102 | D93: 21 | E93: 23D | F93: Occidente - Directa | G93: 12 | H93: H23 Directa - CNB - Baloto - Éxito | I93: 230887267 | J93: 0 | K93: 0 | L93: 0 | M93: 0 | N93: 0 | O93: 0 | P93: 0 | Q93: 0 | R93: 0 | S93: 0 | T93: =J93+L93+N93+P93+R93 -> 0 | U93: =K93+M93+O93+Q93+S93 -> 0 | V93: 0 | W93: 0 | X93: =V93-T93 -> 0 | Y93: =W93-U93 -> 0
C94: =C93 -> 2026102 | D94: 21 | E94: 23D | F94: Occidente - Directa | G94: 13 | H94: T23 Directa - Transferencias | I94: 230887267 | J94: 0 | K94: 0 | L94: 0 | M94: 0 | N94: 0 | O94: 0 | P94: 0 | Q94: 0 | R94: 0 | S94: 0 | T94: =J94+L94+N94+P94+R94 -> 0 | U94: =K94+M94+O94+Q94+S94 -> 0 | V94: 0 | W94: 0 | X94: =V94-T94 -> 0 | Y94: =W94-U94 -> 0
C95: =C94 -> 2026102 | D95: 21 | E95: 23D | F95: Occidente - Directa | G95: 14 | H95: O23 Directa - Oficinas | I95: 230887267 | J95: 0 | K95: 0 | L95: 0 | M95: 0 | N95: 0 | O95: 0 | P95: 0 | Q95: 0 | R95: 0 | S95: 0 | T95: =J95+L95+N95+P95+R95 -> 0 | U95: =K95+M95+O95+Q95+S95 -> 0 | V95: 0 | W95: 0 | X95: =V95-T95 -> 0 | Y95: =W95-U95 -> 0
C96: =C95 -> 2026102 | F96: TOTAL | J96: =SUM(J93:J95) -> 0 | K96: =SUM(K93:K95) -> 0 | L96: =SUM(L93:L95) -> 0 | M96: =SUM(M93:M95) -> 0 | N96: =SUM(N93:N95) -> 0 | O96: =SUM(O93:O95) -> 0 | P96: =SUM(P93:P95) -> 0 | Q96: =SUM(Q93:Q95) -> 0 | ... Y96: =SUM(Y93:Y95) -> 0
C97: =C96 -> 2026102 | D97: 22 | E97: 23D | F97: Occidente - Directa | G97: 12 | H97: H23 Directa - CNB - Baloto - Éxito | I97: 230887267 | J97: 0 | K97: 0 | L97: 0 | M97: 0 | N97: 0 | O97: 0 | P97: 0 | Q97: 0 | R97: 0 | S97: 0 | T97: =J97+L97+N97+P97+R97 -> 0 | U97: =K97+M97+O97+Q97+S97 -> 0 | V97: 0 | W97: 0 | X97: =V97-T97 -> 0 | Y97: =W97-U97 -> 0
C98: =C97 -> 2026102 | D98: 22 | E98: 23D | F98: Occidente - Directa | G98: 13 | H98: T23 Directa - Transferencias | I98: 230887267 | J98: 0 | K98: 0 | L98: 0 | M98: 0 | N98: 0 | O98: 0 | P98: 0 | Q98: 0 | R98: 0 | S98: 0 | T98: =J98+L98+N98+P98+R98 -> 0 | U98: =K98+M98+O98+Q98+S98 -> 0 | V98: 0 | W98: 0 | X98: =V98-T98 -> 0 | Y98: =W98-U98 -> 0
C99: =C98 -> 2026102 | D99: 22 | E99: 23D | F99: Occidente - Directa | G99: 14 | H99: O23 Directa - Oficinas | I99: 230887267 | J99: 0 | K99: 0 | L99: 0 | M99: 0 | N99: 0 | O99: 0 | P99: 0 | Q99: 0 | R99: 0 | S99: 0 | T99: =J99+L99+N99+P99+R99 -> 0 | U99: =K99+M99+O99+Q99+S99 -> 0 | V99: 0 | W99: 0 | X99: =V99-T99 -> 0 | Y99: =W99-U99 -> 0
C100: =C99 -> 2026102 | F100: TOTAL | J100: =SUM(J97:J99) -> 0 | K100: =SUM(K97:K99) -> 0 | L100: =SUM(L97:L99) -> 0 | M100: =SUM(M97:M99) -> 0 | N100: =SUM(N97:N99) -> 0 | O100: =SUM(O97:O99) -> 0 | P100: =SUM(P97:P99) -> 0 | Q100: =SUM(Q97:Q99) -> 0 | ... Y100: =SUM(Y97:Y99) -> 0
C101: =C100 -> 2026102 | D101: 23 | E101: 23D | F101: Occidente - Directa | G101: 12 | H101: H23 Directa - CNB - Baloto - Éxito | I101: 230887267 | J101: 0 | K101: 0 | L101: 0 | M101: 0 | N101: 0 | O101: 0 | P101: 0 | Q101: 0 | R101: 0 | S101: 0 | T101: =J101+L101+N101+P101+R101 -> 0 | U101: =K101+M101+O101+Q101+S101 -> 0 | V101: 0 | W101: 0 | X101: =V101-T101 -> 0 | Y101: =W101-U101 -> 0
C102: =C101 -> 2026102 | D102: 23 | E102: 23D | F102: Occidente - Directa | G102: 13 | H102: T23 Directa - Transferencias | I102: 230887267 | J102: 0 | K102: 0 | L102: 0 | M102: 0 | N102: 0 | O102: 0 | P102: 0 | Q102: 0 | R102: 0 | S102: 0 | T102: =J102+L102+N102+P102+R102 -> 0 | U102: =K102+M102+O102+Q102+S102 -> 0 | V102: 0 | W102: 0 | X102: =V102-T102 -> 0 | Y102: =W102-U102 -> 0
C103: =C102 -> 2026102 | D103: 23 | E103: 23D | F103: Occidente - Directa | G103: 14 | H103: O23 Directa - Oficinas | I103: 230887267 | J103: 0 | K103: 0 | L103: 0 | M103: 0 | N103: 0 | O103: 0 | P103: 0 | Q103: 0 | R103: 0 | S103: 0 | T103: =J103+L103+N103+P103+R103 -> 0 | U103: =K103+M103+O103+Q103+S103 -> 0 | V103: 0 | W103: 0 | X103: =V103-T103 -> 0 | Y103: =W103-U103 -> 0
...

Sheet EXTEMPORANEOS
C1: =OPORTUNO!C1 -> 2026101 | J1: =SUM(J13:J77) -> 73 | K1: =SUM(K13:K77) -> 48127653 | L1: =SUM(L13:L77) -> 54 | M1: =SUM(M13:M77) -> 132160935 | N1: =SUM(N13:N77) -> 11 | O1: =SUM(O13:O77) -> 19609348 | P1: =SUM(P13:P77) -> 9 | Q1: =SUM(Q13:Q77) -> 118198907 | ... Y1: =SUM(Y13:Y77) -> 0
C2: =OPORTUNO!C2 -> 2026102 | J2: =SUM(J82:J166) -> 106 | K2: =SUM(K82:K166) -> 21888196 | L2: =SUM(L82:L166) -> 27 | M2: =SUM(M82:M166) -> 49312788 | N2: =SUM(N82:N166) -> 3 | O2: =SUM(O82:O166) -> 1810000 | P2: =SUM(P82:P166) -> 10 | Q2: =SUM(Q82:Q166) -> 560460 | ... Y2: =SUM(Y82:Y166) -> 0
C3: =OPORTUNO!C3 -> 202610 | J3: =SUM(J1:J2) -> 179 | K3: =SUM(K1:K2) -> 70015849 | L3: =SUM(L1:L2) -> 81 | M3: =SUM(M1:M2) -> 181473723 | N3: =SUM(N1:N2) -> 14 | O3: =SUM(O1:O2) -> 21419348 | P3: =SUM(P1:P2) -> 19 | Q3: =SUM(Q1:Q2) -> 118759367 | ... Y3: =SUM(Y1:Y2) -> 0
H6: 2.5.3. INFORMES DE RECAUDO
H7: R2 - INFORME DE CONCILIACION DE RECAUDOS
H8: CONCILIACION DIARIA DE RECAUDO EXTEMPORANEOS DE DIRECTA
E9: NIT: 901 153 639 - 0
H10: =OPORTUNO!H10 -> OCTUBRE_2026 | K10: Recaudo Extemporaneo de DIRECTA en Banco de Occidente
B12: FECHA APLICACIÓN | C12: CODIGO REMUNERACIÓN | D12: FECHA RECAUDO | E12: CÓDIGO BC | F12: NOMBRE BANCO | G12: CÓDIGO CR | H12: CANAL RECAUDO | I12: N° CUENTA | J12: ASE 1 N° REGISTROS ARCHIVO | K12: ASE 1 VALOR ARCHIVO | L12: ASE 2 N° REGISTROS ARCHIVO | M12: ASE 2 VALOR ARCHIVO | N12: ASE 3 N° REGISTROS ARCHIVO | O12: ASE 3 VALOR ARCHIVO | P12: ASE 4 N° REGISTROS ARCHIVO | Q12: ASE 4 VALOR ARCHIVO | R12: ASE 5 N° REGISTROS ARCHIVO | S12: ASE 5 VALOR ARCHIVO | T12: TOTAL N° REGISTROS APLICADOS | U12: TOTAL VALOR APLICADO | V12: N° REGISTROS REPORTADOS POR BANCO | W12: VALOR REPORTADO POR BANCO | X12: DIFERENCIA REGISTROS | Y12: DIFERENCIA VALOR
B13: 46300 | C13: =C1 -> 2026101 | D13: 46132 | E13: 23D | F13: =VLOOKUP(E13,'Códigos Banco'!$B$3:$D$27,2,0) -> Occidente - Directa | G13: 13 | H13: =VLOOKUP(G13,'Códigos Banco'!$F$3:$G$18,2,0) -> T23 Directa - Transferencias | I13: =VLOOKUP(E13,'Códigos Banco'!$B$3:$D$27,3,0) -> 230887267 | J13: 0 | K13: 0 | L13: 1 | M13: 3212690 | N13: 0 | O13: 0 | P13: 0 | Q13: 0 | R13: 0 | S13: 0 | T13: =J13+L13+N13+P13+R13 -> 1 | U13: =K13+M13+O13+Q13+S13 -> 3212690 | V13: 1 | W13: 3212690 | X13: =V13-T13 -> 0 | Y13: =W13-U13 -> 0
B14: 46300 | C14: =C13 -> 2026101 | D14: 46255 | E14: 23D | F14: =VLOOKUP(E14,'Códigos Banco'!$B$3:$D$27,2,0) -> Occidente - Directa | G14: 13 | H14: =VLOOKUP(G14,'Códigos Banco'!$F$3:$G$18,2,0) -> T23 Directa - Transferencias | I14: =VLOOKUP(E14,'Códigos Banco'!$B$3:$D$27,3,0) -> 230887267 | J14: 0 | K14: 0 | L14: 1 | M14: 102310 | N14: 0 | O14: 0 | P14: 0 | Q14: 0 | R14: 0 | S14: 0 | T14: =J14+L14+N14+P14+R14 -> 1 | U14: =K14+M14+O14+Q14+S14 -> 102310 | V14: 1 | W14: 102310 | X14: =V14-T14 -> 0 | Y14: =W14-U14 -> 0
B15: 46300 | C15: =C14 -> 2026101 | D15: 46265 | E15: 23D | F15: =VLOOKUP(E15,'Códigos Banco'!$B$3:$D$27,2,0) -> Occidente - Directa | G15: 13 | H15: =VLOOKUP(G15,'Códigos Banco'!$F$3:$G$18,2,0) -> T23 Directa - Transferencias | I15: =VLOOKUP(E15,'Códigos Banco'!$B$3:$D$27,3,0) -> 230887267 | J15: =8 -> 8 | K15: =7296440 -> 7296440 | L15: 1 | M15: 633420 | N15: 1 | O15: 783040 | P15: 3 | Q15: 15346300 | R15: 0 | S15: 0 | T15: =J15+L15+N15+P15+R15 -> 13 | U15: =K15+M15+O15+Q15+S15 -> 24059200 | V15: =5+8 -> 13 | W15: =16762760+7296440 -> 24059200 | X15: =V15-T15 -> 0 | Y15: =W15-U15 -> 0
B16: 46300 | C16: =C15 -> 2026101 | D16: 46266 | E16: 23D | F16: =VLOOKUP(E16,'Códigos Banco'!$B$3:$D$27,2,0) -> Occidente - Directa | G16: 13 | H16: =VLOOKUP(G16,'Códigos Banco'!$F$3:$G$18,2,0) -> T23 Directa - Transferencias | I16: =VLOOKUP(E16,'Códigos Banco'!$B$3:$D$27,3,0) -> 230887267 | J16: 0 | K16: 0 | L16: 0 | M16: 0 | N16: 0 | O16: 0 | P16: 2 | Q16: 38500960 | R16: 0 | S16: 0 | T16: =J16+L16+N16+P16+R16 -> 2 | U16: =K16+M16+O16+Q16+S16 -> 38500960 | V16: 2 | W16: 38500960 | X16: =V16-T16 -> 0 | Y16: =W16-U16 -> 0
B17: 46300 | C17: =C16 -> 2026101 | D17: 46267 | E17: 23D | F17: =VLOOKUP(E17,'Códigos Banco'!$B$3:$D$27,2,0) -> Occidente - Directa | G17: 13 | H17: =VLOOKUP(G17,'Códigos Banco'!$F$3:$G$18,2,0) -> T23 Directa - Transferencias | I17: =VLOOKUP(E17,'Códigos Banco'!$B$3:$D$27,3,0) -> 230887267 | J17: 0 | K17: 0 | L17: 1 | M17: 182660 | N17: 0 | O17: 0 | P17: 0 | Q17: 0 | R17: 0 | S17: 0 | T17: =J17+L17+N17+P17+R17 -> 1 | U17: =K17+M17+O17+Q17+S17 -> 182660 | V17: 1 | W17: 182660 | X17: =V17-T17 -> 0 | Y17: =W17-U17 -> 0
B18: 46300 | C18: =C17 -> 2026101 | D18: 46274 | E18: 23D | F18: =VLOOKUP(E18,'Códigos Banco'!$B$3:$D$27,2,0) -> Occidente - Directa | G18: 13 | H18: =VLOOKUP(G18,'Códigos Banco'!$F$3:$G$18,2,0) -> T23 Directa - Transferencias | I18: =VLOOKUP(E18,'Códigos Banco'!$B$3:$D$27,3,0) -> 230887267 | J18: 0 | K18: 0 | L18: 0 | M18: 0 | N18: 0 | O18: 0 | P18: 2 | Q18: 39051447 | R18: 0 | S18: 0 | T18: =J18+L18+N18+P18+R18 -> 2 | U18: =K18+M18+O18+Q18+S18 -> 39051447 | V18: 2 | W18: 39051447 | X18: =V18-T18 -> 0 | Y18: =W18-U18 -> 0
B19: 46300 | C19: =C18 -> 2026101 | D19: 46281 | E19: 23D | F19: =VLOOKUP(E19,'Códigos Banco'!$B$3:$D$27,2,0) -> Occidente - Directa | G19: 13 | H19: =VLOOKUP(G19,'Códigos Banco'!$F$3:$G$18,2,0) -> T23 Directa - Transferencias | I19: =VLOOKUP(E19,'Códigos Banco'!$B$3:$D$27,3,0) -> 230887267 | J19: 9 | K19: 12691930 | L19: 0 | M19: 0 | N19: 0 | O19: 0 | P19: 0 | Q19: 0 | R19: 1 | S19: 527440 | T19: =J19+L19+N19+P19+R19 -> 10 | U19: =K19+M19+O19+Q19+S19 -> 13219370 | V19: =9+1 -> 10 | W19: =12691930+527440 -> 13219370 | X19: =V19-T19 -> 0 | Y19: =W19-U19 -> 0
B20: 46300 | C20: =C19 -> 2026101 | D20: 46283 | E20: 23D | F20: =VLOOKUP(E20,'Códigos Banco'!$B$3:$D$27,2,0) -> Occidente - Directa | G20: 13 | H20: =VLOOKUP(G20,'Códigos Banco'!$F$3:$G$18,2,0) -> T23 Directa - Transferencias | I20: =VLOOKUP(E20,'Códigos Banco'!$B$3:$D$27,3,0) -> 230887267 | J20: 9 | K20: 480304 | L20: 17 | M20: 5832230 | N20: 0 | O20: 0 | P20: 0 | Q20: 0 | R20: 0 | S20: 0 | T20: =J20+L20+N20+P20+R20 -> 26 | U20: =K20+M20+O20+Q20+S20 -> 6312534 | V20: =9+17 -> 26 | W20: =480304+5832230 -> 6312534 | X20: =V20-T20 -> 0 | Y20: =W20-U20 -> 0
B21: 46300 | C21: =C20 -> 2026101 | D21: 46286 | E21: 23D | F21: =VLOOKUP(E21,'Códigos Banco'!$B$3:$D$27,2,0) -> Occidente - Directa | G21: 13 | H21: =VLOOKUP(G21,'Códigos Banco'!$F$3:$G$18,2,0) -> T23 Directa - Transferencias | I21: =VLOOKUP(E21,'Códigos Banco'!$B$3:$D$27,3,0) -> 230887267 | J21: =1 -> 1 | K21: =5936660+1419719 -> 7356379 | L21: 2 | M21: 156076 | N21: 0 | O21: 0 | P21: 0 | Q21: 0 | R21: 0 | S21: 0 | T21: =J21+L21+N21+P21+R21 -> 3 | U21: =K21+M21+O21+Q21+S21 -> 7512455 | V21: 3 | W21: =5936660+1575795 -> 7512455 | X21: =V21-T21 -> 0 | Y21: =W21-U21 -> 0
B22: 46300 | C22: =C21 -> 2026101 | D22: 46293 | E22: 23D | F22: =VLOOKUP(E22,'Códigos Banco'!$B$3:$D$27,2,0) -> Occidente - Directa | G22: 13 | H22: =VLOOKUP(G22,'Códigos Banco'!$F$3:$G$18,2,0) -> T23 Directa - Transferencias | I22: =VLOOKUP(E22,'Códigos Banco'!$B$3:$D$27,3,0) -> 230887267 | L22: 5 | M22: 96248690 | N22: 0 | O22: 0 | P22: 0 | Q22: 0 | R22: 0 | S22: 0 | T22: =J22+L22+N22+P22+R22 -> 5 | U22: =K22+M22+O22+Q22+S22 -> 96248690 | V22: =5 -> 5 | W22: =96248690 -> 96248690 | X22: =V22-T22 -> 0 | Y22: =W22-U22 -> 0
B23: 46300 | C23: =C22 -> 2026101 | D23: 46294 | E23: 23D | F23: =VLOOKUP(E23,'Códigos Banco'!$B$3:$D$27,2,0) -> Occidente - Directa | G23: 13 | H23: =VLOOKUP(G23,'Códigos Banco'!$F$3:$G$18,2,0) -> T23 Directa - Transferencias | I23: =VLOOKUP(E23,'Códigos Banco'!$B$3:$D$27,3,0) -> 230887267 | J23: =5 -> 5 | K23: =344356 -> 344356 | L23: 0 | M23: 0 | N23: 0 | O23: 0 | P23: 0 | Q23: 0 | R23: 0 | S23: 0 | T23: =J23+L23+N23+P23+R23 -> 5 | U23: =K23+M23+O23+Q23+S23 -> 344356 | V23: =5 -> 5 | W23: =344356 -> 344356 | X23: =V23-T23 -> 0 | Y23: =W23-U23 -> 0
B24: 46300 | C24: =C23 -> 2026101 | D24: 46295 | E24: 23D | F24: =VLOOKUP(E24,'Códigos Banco'!$B$3:$D$27,2,0) -> Occidente - Directa | G24: 13 | H24: =VLOOKUP(G24,'Códigos Banco'!$F$3:$G$18,2,0) -> T23 Directa - Transferencias | I24: =VLOOKUP(E24,'Códigos Banco'!$B$3:$D$27,3,0) -> 230887267 | J24: =1 -> 1 | K24: =56790 -> 56790 | L24: 1 | M24: 1425707 | N24: 0 | O24: 0 | P24: 0 | Q24: 0 | R24: 0 | S24: 0 | T24: =J24+L24+N24+P24+R24 -> 2 | U24: =K24+M24+O24+Q24+S24 -> 1482497 | V24: =2 -> 2 | W24: =1482497 -> 1482497 | X24: =V24-T24 -> 0 | Y24: =W24-U24 -> 0
B25: 46301 | C25: =C24 -> 2026101 | D25: 46070 | E25: 23D | F25: =VLOOKUP(E25,'Códigos Banco'!$B$3:$D$27,2,0) -> Occidente - Directa | G25: 13 | H25: =VLOOKUP(G25,'Códigos Banco'!$F$3:$G$18,2,0) -> T23 Directa - Transferencias | I25: =VLOOKUP(E25,'Códigos Banco'!$B$3:$D$27,3,0) -> 230887267 | J25: 9 | K25: 4822020 | L25: 0 | M25: 0 | N25: 0 | O25: 0 | P25: 0 | Q25: 0 | R25: 0 | S25: 0 | T25: =J25+L25+N25+P25+R25 -> 9 | U25: =K25+M25+O25+Q25+S25 -> 4822020 | V25: 9 | W25: 4822020 | X25: =V25-T25 -> 0 | Y25: =W25-U25 -> 0
B26: 46301 | C26: =C25 -> 2026101 | D26: 46225 | E26: 23D | F26: =VLOOKUP(E26,'Códigos Banco'!$B$3:$D$27,2,0) -> Occidente - Directa | G26: 13 | H26: =VLOOKUP(G26,'Códigos Banco'!$F$3:$G$18,2,0) -> T23 Directa - Transferencias | I26: =VLOOKUP(E26,'Códigos Banco'!$B$3:$D$27,3,0) -> 230887267 | J26: 0 | K26: 0 | L26: 0 | M26: 0 | N26: 1 | O26: 1212933 | P26: 0 | Q26: 0 | R26: 0 | S26: 0 | T26: =J26+L26+N26+P26+R26 -> 1 | U26: =K26+M26+O26+Q26+S26 -> 1212933 | V26: 1 | W26: 1212933 | X26: =V26-T26 -> 0 | Y26: =W26-U26 -> 0
B27: 46301 | C27: =C26 -> 2026101 | D27: 46280 | E27: 23D | F27: =VLOOKUP(E27,'Códigos Banco'!$B$3:$D$27,2,0) -> Occidente - Directa | G27: 13 | H27: =VLOOKUP(G27,'Códigos Banco'!$F$3:$G$18,2,0) -> T23 Directa - Transferencias | I27: =VLOOKUP(E27,'Códigos Banco'!$B$3:$D$27,3,0) -> 230887267 | J27: 0 | K27: 0 | L27: 0 | M27: 0 | N27: 7 | O27: 12659140 | P27: 0 | Q27: 0 | R27: 0 | S27: 0 | T27: =J27+L27+N27+P27+R27 -> 7 | U27: =K27+M27+O27+Q27+S27 -> 12659140 | V27: 7 | W27: 12659140 | X27: =V27-T27 -> 0 | Y27: =W27-U27 -> 0
B28: 46304 | C28: =C27 -> 2026101 | D28: 46227 | E28: 23D | F28: =VLOOKUP(E28,'Códigos Banco'!$B$3:$D$27,2,0) -> Occidente - Directa | G28: 13 | H28: =VLOOKUP(G28,'Códigos Banco'!$F$3:$G$18,2,0) -> T23 Directa - Transferencias | I28: =VLOOKUP(E28,'Códigos Banco'!$B$3:$D$27,3,0) -> 230887267 | J28: 0 | K28: 0 | L28: =1+1 -> 2 | M28: =158910+402900 -> 561810 | N28: 0 | O28: 0 | P28: 0 | Q28: 0 | R28: 0 | S28: 0 | T28: =J28+L28+N28+P28+R28 -> 2 | U28: =K28+M28+O28+Q28+S28 -> 561810 | V28: =1+1 -> 2 | W28: =158910+402900 -> 561810 | X28: =V28-T28 -> 0 | Y28: =W28-U28 -> 0
B29: 46304 | C29: =C28 -> 2026101 | D29: 46260 | E29: 23D | F29: =VLOOKUP(E29,'Códigos Banco'!$B$3:$D$27,2,0) -> Occidente - Directa | G29: 13 | H29: =VLOOKUP(G29,'Códigos Banco'!$F$3:$G$18,2,0) -> T23 Directa - Transferencias | I29: =VLOOKUP(E29,'Códigos Banco'!$B$3:$D$27,3,0) -> 230887267 | J29: 14 | K29: 3352270 | L29: 0 | M29: 0 | N29: 0 | O29: 0 | P29: 0 | Q29: 0 | R29: 0 | S29: 0 | T29: =J29+L29+N29+P29+R29 -> 14 | U29: =K29+M29+O29+Q29+S29 -> 3352270 | V29: 14 | W29: 3352270 | X29: =V29-T29 -> 0 | Y29: =W29-U29 -> 0
B30: 46304 | C30: =C29 -> 2026101 | D30: 46287 | E30: 23D | F30: =VLOOKUP(E30,'Códigos Banco'!$B$3:$D$27,2,0) -> Occidente - Directa | G30: 13 | H30: =VLOOKUP(G30,'Códigos Banco'!$F$3:$G$18,2,0) -> T23 Directa - Transferencias | I30: =VLOOKUP(E30,'Códigos Banco'!$B$3:$D$27,3,0) -> 230887267 | J30: 10 | K30: 1019125 | L30: 22 | M30: 14190630 | N30: 0 | O30: 0 | P30: 0 | Q30: 0 | R30: 0 | S30: 0 | T30: =J30+L30+N30+P30+R30 -> 32 | U30: =K30+M30+O30+Q30+S30 -> 15209755 | V30: 32 | W30: 15209755 | X30: =V30-T30 -> 0 | Y30: =W30-U30 -> 0
B31: 46308 | C31: =C30 -> 2026101 | D31: 46282 | E31: 23D | F31: =VLOOKUP(E31,'Códigos Banco'!$B$3:$D$27,2,0) -> Occidente - Directa | G31: 13 | H31: =VLOOKUP(G31,'Códigos Banco'!$F$3:$G$18,2,0) -> T23 Directa - Transferencias | I31: =VLOOKUP(E31,'Códigos Banco'!$B$3:$D$27,3,0) -> 230887267 | J31: 0 | K31: 0 | L31: 0 | M31: 0 | N31: 0 | O31: 0 | P31: 0 | Q31: 0 | R31: 10 | S31: 3331120 | T31: =J31+L31+N31+P31+R31 -> 10 | U31: =K31+M31+O31+Q31+S31 -> 3331120 | V31: 10 | W31: 3331120 | X31: =V31-T31 -> 0 | Y31: =W31-U31 -> 0
B32: 46279 | C32: =C31 -> 2026101 | D32: 46288 | E32: 23D | F32: =VLOOKUP(E32,'Códigos Banco'!$B$3:$D$27,2,0) -> Occidente - Directa | G32: 13 | H32: =VLOOKUP(G32,'Códigos Banco'!$F$3:$G$18,2,0) -> T23 Directa - Transferencias | I32: =VLOOKUP(E32,'Códigos Banco'!$B$3:$D$27,3,0) -> 230887267 | J32: 1 | K32: 1982922 | L32: 0 | M32: 0 | N32: 0 | O32: 0 | P32: 0 | Q32: 0 | R32: 0 | S32: 0 | T32: =J32+L32+N32+P32+R32 -> 1 | U32: =K32+M32+O32+Q32+S32 -> 1982922 | V32: 1 | W32: 1982922 | X32: =V32-T32 -> 0 | Y32: =W32-U32 -> 0
B33: 46279 | C33: =C32 -> 2026101 | D33: 46289 | E33: 23D | F33: =VLOOKUP(E33,'Códigos Banco'!$B$3:$D$27,2,0) -> Occidente - Directa | G33: 13 | H33: =VLOOKUP(G33,'Códigos Banco'!$F$3:$G$18,2,0) -> T23 Directa - Transferencias | I33: =VLOOKUP(E33,'Códigos Banco'!$B$3:$D$27,3,0) -> 230887267 | J33: 2 | K33: 5305437 | L33: 1 | M33: 9614712 | N33: 2 | O33: 4954235 | P33: 2 | Q33: 25300200 | R33: 1 | S33: 944904 | T33: =J33+L33+N33+P33+R33 -> 8 | U33: =K33+M33+O33+Q33+S33 -> 46119488 | V33: 8 | W33: 46119488 | X33: =V33-T33 -> 0 | Y33: =W33-U33 -> 0
B34: 46311 | C34: =C33 -> 2026101 | D34: 46076 | E34: 23D | F34: =VLOOKUP(E34,'Códigos Banco'!$B$3:$D$27,2,0) -> Occidente - Directa | G34: 13 | H34: =VLOOKUP(G34,'Códigos Banco'!$F$3:$G$18,2,0) -> T23 Directa - Transferencias | I34: =VLOOKUP(E34,'Códigos Banco'!$B$3:$D$27,3,0) -> 230887267 | J34: 0 | K34: 0 | L34: 0 | M34: 0 | N34: 0 | O34: 0 | P34: 0 | Q34: 0 | R34: 3 | S34: 407691 | T34: =J34+L34+N34+P34+R34 -> 3 | U34: =K34+M34+O34+Q34+S34 -> 407691 | V34: 3 | W34: 407691 | X34: =V34-T34 -> 0 | Y34: =W34-U34 -> 0
B35: 46311 | C35: =C34 -> 2026101 | D35: 46106 | E35: 23D | F35: =VLOOKUP(E35,'Códigos Banco'!$B$3:$D$27,2,0) -> Occidente - Directa | G35: 13 | H35: =VLOOKUP(G35,'Códigos Banco'!$F$3:$G$18,2,0) -> T23 Directa - Transferencias | I35: =VLOOKUP(E35,'Códigos Banco'!$B$3:$D$27,3,0) -> 230887267 | J35: 0 | K35: 0 | L35: 0 | M35: 0 | N35: 0 | O35: 0 | P35: 0 | Q35: 0 | R35: 2 | S35: 324553 | T35: =J35+L35+N35+P35+R35 -> 2 | U35: =K35+M35+O35+Q35+S35 -> 324553 | V35: 2 | W35: 324553 | X35: =V35-T35 -> 0 | Y35: =W35-U35 -> 0
B36: 46311 | C36: =C35 -> 2026101 | D36: 46128 | E36: 23D | F36: =VLOOKUP(E36,'Códigos Banco'!$B$3:$D$27,2,0) -> Occidente - Directa | G36: 13 | H36: =VLOOKUP(G36,'Códigos Banco'!$F$3:$G$18,2,0) -> T23 Directa - Transferencias | I36: =VLOOKUP(E36,'Códigos Banco'!$B$3:$D$27,3,0) -> 230887267 | J36: 0 | K36: 0 | L36: 0 | M36: 0 | N36: 0 | O36: 0 | P36: 0 | Q36: 0 | R36: 2 | S36: 284399 | T36: =J36+L36+N36+P36+R36 -> 2 | U36: =K36+M36+O36+Q36+S36 -> 284399 | V36: 2 | W36: 284399 | X36: =V36-T36 -> 0 | Y36: =W36-U36 -> 0
B37: 46311 | C37: =C36 -> 2026101 | D37: 46157 | E37: 23D | F37: =VLOOKUP(E37,'Códigos Banco'!$B$3:$D$27,2,0) -> Occidente - Directa | G37: 13 | H37: =VLOOKUP(G37,'Códigos Banco'!$F$3:$G$18,2,0) -> T23 Directa - Transferencias | I37: =VLOOKUP(E37,'Códigos Banco'!$B$3:$D$27,3,0) -> 230887267 | J37: 0 | K37: 0 | L37: 0 | M37: 0 | N37: 0 | O37: 0 | P37: 0 | Q37: 0 | R37: 2 | S37: 331585 | T37: =J37+L37+N37+P37+R37 -> 2 | U37: =K37+M37+O37+Q37+S37 -> 331585 | V37: 2 | W37: 331585 | X37: =V37-T37 -> 0 | Y37: =W37-U37 -> 0
B38: 46311 | C38: =C37 -> 2026101 | D38: 46191 | E38: 23D | F38: =VLOOKUP(E38,'Códigos Banco'!$B$3:$D$27,2,0) -> Occidente - Directa | G38: 13 | H38: =VLOOKUP(G38,'Códigos Banco'!$F$3:$G$18,2,0) -> T23 Directa - Transferencias | I38: =VLOOKUP(E38,'Códigos Banco'!$B$3:$D$27,3,0) -> 230887267 | J38: 0 | K38: 0 | L38: 0 | M38: 0 | N38: 0 | O38: 0 | P38: 0 | Q38: 0 | R38: 2 | S38: 312220 | T38: =J38+L38+N38+P38+R38 -> 2 | U38: =K38+M38+O38+Q38+S38 -> 312220 | V38: 2 | W38: 312220 | X38: =V38-T38 -> 0 | Y38: =W38-U38 -> 0
B39: 46311 | C39: =C38 -> 2026101 | D39: 46220 | E39: 23D | F39: =VLOOKUP(E39,'Códigos Banco'!$B$3:$D$27,2,0) -> Occidente - Directa | G39: 13 | H39: =VLOOKUP(G39,'Códigos Banco'!$F$3:$G$18,2,0) -> T23 Directa - Transferencias | I39: =VLOOKUP(E39,'Códigos Banco'!$B$3:$D$27,3,0) -> 230887267 | J39: 0 | K39: 0 | L39: 0 | M39: 0 | N39: 0 | O39: 0 | P39: 0 | Q39: 0 | R39: 2 | S39: 331300 | T39: =J39+L39+N39+P39+R39 -> 2 | U39: =K39+M39+O39+Q39+S39 -> 331300 | V39: 2 | W39: 331300 | X39: =V39-T39 -> 0 | Y39: =W39-U39 -> 0
B40: 46311 | C40: =C39 -> 2026101 | D40: 46254 | E40: 23D | F40: =VLOOKUP(E40,'Códigos Banco'!$B$3:$D$27,2,0) -> Occidente - Directa | G40: 13 | H40: =VLOOKUP(G40,'Códigos Banco'!$F$3:$G$18,2,0) -> T23 Directa - Transferencias | I40: =VLOOKUP(E40,'Códigos Banco'!$B$3:$D$27,3,0) -> 230887267 | J40: 0 | K40: 0 | L40: 0 | M40: 0 | N40: 0 | O40: 0 | P40: 0 | Q40: 0 | R40: 2 | S40: 317120 | T40: =J40+L40+N40+P40+R40 -> 2 | U40: =K40+M40+O40+Q40+S40 -> 317120 | V40: 2 | W40: 317120 | X40: =V40-T40 -> 0 | Y40: =W40-U40 -> 0
B41: 46311 | C41: =C40 -> 2026101 | D41: 46279 | E41: 23D | F41: =VLOOKUP(E41,'Códigos Banco'!$B$3:$D$27,2,0) -> Occidente - Directa | G41: 13 | H41: =VLOOKUP(G41,'Códigos Banco'!$F$3:$G$18,2,0) -> T23 Directa - Transferencias | I41: =VLOOKUP(E41,'Códigos Banco'!$B$3:$D$27,3,0) -> 230887267 | J41: 4 | K41: 3419680 | L41: 0 | M41: 0 | N41: 0 | O41: 0 | P41: 0 | Q41: 0 | R41: 0 | S41: 0 | T41: =J41+L41+N41+P41+R41 -> 4 | U41: =K41+M41+O41+Q41+S41 -> 3419680 | V41: 4 | W41: 3419680 | X41: =V41-T41 -> 0 | Y41: =W41-U41 -> 0
C42: =C41 -> 2026101 | E42: 23D | F42: =VLOOKUP(E42,'Códigos Banco'!$B$3:$D$27,2,0) -> Occidente - Directa | G42: 13 | H42: =VLOOKUP(G42,'Códigos Banco'!$F$3:$G$18,2,0) -> T23 Directa - Transferencias | I42: =VLOOKUP(E42,'Códigos Banco'!$B$3:$D$27,3,0) -> 230887267 | J42: 0 | K42: 0 | L42: 0 | M42: 0 | N42: 0 | O42: 0 | P42: 0 | Q42: 0 | R42: 0 | S42: 0 | T42: =J42+L42+N42+P42+R42 -> 0 | U42: =K42+M42+O42+Q42+S42 -> 0 | X42: =V42-T42 -> 0 | Y42: =W42-U42 -> 0
C43: =C42 -> 2026101 | E43: 23D | F43: =VLOOKUP(E43,'Códigos Banco'!$B$3:$D$27,2,0) -> Occidente - Directa | G43: 13 | H43: =VLOOKUP(G43,'Códigos Banco'!$F$3:$G$18,2,0) -> T23 Directa - Transferencias | I43: =VLOOKUP(E43,'Códigos Banco'!$B$3:$D$27,3,0) -> 230887267 | J43: 0 | K43: 0 | L43: 0 | M43: 0 | N43: 0 | O43: 0 | P43: 0 | Q43: 0 | R43: 0 | S43: 0 | T43: =J43+L43+N43+P43+R43 -> 0 | U43: =K43+M43+O43+Q43+S43 -> 0 | X43: =V43-T43 -> 0 | Y43: =W43-U43 -> 0
C44: =C43 -> 2026101 | E44: 23D | F44: =VLOOKUP(E44,'Códigos Banco'!$B$3:$D$27,2,0) -> Occidente - Directa | G44: 13 | H44: =VLOOKUP(G44,'Códigos Banco'!$F$3:$G$18,2,0) -> T23 Directa - Transferencias | I44: =VLOOKUP(E44,'Códigos Banco'!$B$3:$D$27,3,0) -> 230887267 | J44: 0 | K44: 0 | L44: 0 | M44: 0 | N44: 0 | O44: 0 | P44: 0 | Q44: 0 | R44: 0 | S44: 0 | T44: =J44+L44+N44+P44+R44 -> 0 | U44: =K44+M44+O44+Q44+S44 -> 0 | X44: =V44-T44 -> 0 | Y44: =W44-U44 -> 0
C45: =C44 -> 2026101 | E45: 23D | F45: =VLOOKUP(E45,'Códigos Banco'!$B$3:$D$27,2,0) -> Occidente - Directa | G45: 13 | H45: =VLOOKUP(G45,'Códigos Banco'!$F$3:$G$18,2,0) -> T23 Directa - Transferencias | I45: =VLOOKUP(E45,'Códigos Banco'!$B$3:$D$27,3,0) -> 230887267 | J45: 0 | K45: 0 | L45: 0 | M45: 0 | N45: 0 | O45: 0 | P45: 0 | Q45: 0 | R45: 0 | S45: 0 | T45: =J45+L45+N45+P45+R45 -> 0 | U45: =K45+M45+O45+Q45+S45 -> 0 | X45: =V45-T45 -> 0 | Y45: =W45-U45 -> 0
C46: =C45 -> 2026101 | E46: 23D | F46: =VLOOKUP(E46,'Códigos Banco'!$B$3:$D$27,2,0) -> Occidente - Directa | G46: 13 | H46: =VLOOKUP(G46,'Códigos Banco'!$F$3:$G$18,2,0) -> T23 Directa - Transferencias | I46: =VLOOKUP(E46,'Códigos Banco'!$B$3:$D$27,3,0) -> 230887267 | J46: 0 | K46: 0 | L46: 0 | M46: 0 | N46: 0 | O46: 0 | P46: 0 | Q46: 0 | R46: 0 | S46: 0 | T46: =J46+L46+N46+P46+R46 -> 0 | U46: =K46+M46+O46+Q46+S46 -> 0 | X46: =V46-T46 -> 0 | Y46: =W46-U46 -> 0
C47: =C46 -> 2026101 | E47: 23D | F47: =VLOOKUP(E47,'Códigos Banco'!$B$3:$D$27,2,0) -> Occidente - Directa | G47: 13 | H47: =VLOOKUP(G47,'Códigos Banco'!$F$3:$G$18,2,0) -> T23 Directa - Transferencias | I47: =VLOOKUP(E47,'Códigos Banco'!$B$3:$D$27,3,0) -> 230887267 | J47: 0 | K47: 0 | L47: 0 | M47: 0 | N47: 0 | O47: 0 | P47: 0 | Q47: 0 | R47: 0 | S47: 0 | T47: =J47+L47+N47+P47+R47 -> 0 | U47: =K47+M47+O47+Q47+S47 -> 0 | X47: =V47-T47 -> 0 | Y47: =W47-U47 -> 0
C48: =C47 -> 2026101 | E48: 23D | F48: =VLOOKUP(E48,'Códigos Banco'!$B$3:$D$27,2,0) -> Occidente - Directa | G48: 13 | H48: =VLOOKUP(G48,'Códigos Banco'!$F$3:$G$18,2,0) -> T23 Directa - Transferencias | I48: =VLOOKUP(E48,'Códigos Banco'!$B$3:$D$27,3,0) -> 230887267 | J48: 0 | K48: 0 | L48: 0 | M48: 0 | N48: 0 | O48: 0 | P48: 0 | Q48: 0 | R48: 0 | S48: 0 | T48: =J48+L48+N48+P48+R48 -> 0 | U48: =K48+M48+O48+Q48+S48 -> 0 | X48: =V48-T48 -> 0 | Y48: =W48-U48 -> 0
C49: =C48 -> 2026101 | E49: 23D | F49: =VLOOKUP(E49,'Códigos Banco'!$B$3:$D$27,2,0) -> Occidente - Directa | G49: 13 | H49: =VLOOKUP(G49,'Códigos Banco'!$F$3:$G$18,2,0) -> T23 Directa - Transferencias | I49: =VLOOKUP(E49,'Códigos Banco'!$B$3:$D$27,3,0) -> 230887267 | J49: 0 | K49: 0 | L49: 0 | M49: 0 | N49: 0 | O49: 0 | P49: 0 | Q49: 0 | R49: 0 | S49: 0 | T49: =J49+L49+N49+P49+R49 -> 0 | U49: =K49+M49+O49+Q49+S49 -> 0 | X49: =V49-T49 -> 0 | Y49: =W49-U49 -> 0
C50: =C49 -> 2026101 | E50: 23D | F50: =VLOOKUP(E50,'Códigos Banco'!$B$3:$D$27,2,0) -> Occidente - Directa | G50: 13 | H50: =VLOOKUP(G50,'Códigos Banco'!$F$3:$G$18,2,0) -> T23 Directa - Transferencias | I50: =VLOOKUP(E50,'Códigos Banco'!$B$3:$D$27,3,0) -> 230887267 | J50: 0 | K50: 0 | L50: 0 | M50: 0 | N50: 0 | O50: 0 | P50: 0 | Q50: 0 | R50: 0 | S50: 0 | T50: =J50+L50+N50+P50+R50 -> 0 | U50: =K50+M50+O50+Q50+S50 -> 0 | V50: 0 | W50: 0 | X50: =V50-T50 -> 0 | Y50: =W50-U50 -> 0
C51: =C50 -> 2026101 | E51: 23D | F51: =VLOOKUP(E51,'Códigos Banco'!$B$3:$D$27,2,0) -> Occidente - Directa | G51: 13 | H51: =VLOOKUP(G51,'Códigos Banco'!$F$3:$G$18,2,0) -> T23 Directa - Transferencias | I51: =VLOOKUP(E51,'Códigos Banco'!$B$3:$D$27,3,0) -> 230887267 | J51: 0 | K51: 0 | L51: 0 | M51: 0 | N51: 0 | O51: 0 | P51: 0 | Q51: 0 | R51: 0 | S51: 0 | T51: =J51+L51+N51+P51+R51 -> 0 | U51: =K51+M51+O51+Q51+S51 -> 0 | V51: 0 | W51: 0 | X51: =V51-T51 -> 0 | Y51: =W51-U51 -> 0
C52: =C51 -> 2026101 | E52: 23D | F52: =VLOOKUP(E52,'Códigos Banco'!$B$3:$D$27,2,0) -> Occidente - Directa | G52: 13 | H52: =VLOOKUP(G52,'Códigos Banco'!$F$3:$G$18,2,0) -> T23 Directa - Transferencias | I52: =VLOOKUP(E52,'Códigos Banco'!$B$3:$D$27,3,0) -> 230887267 | J52: 0 | K52: 0 | L52: 0 | M52: 0 | N52: 0 | O52: 0 | P52: 0 | Q52: 0 | R52: 0 | S52: 0 | T52: =J52+L52+N52+P52+R52 -> 0 | U52: =K52+M52+O52+Q52+S52 -> 0 | V52: 0 | W52: 0 | X52: =V52-T52 -> 0 | Y52: =W52-U52 -> 0
C53: =C52 -> 2026101 | E53: 23D | F53: =VLOOKUP(E53,'Códigos Banco'!$B$3:$D$27,2,0) -> Occidente - Directa | G53: 13 | H53: =VLOOKUP(G53,'Códigos Banco'!$F$3:$G$18,2,0) -> T23 Directa - Transferencias | I53: =VLOOKUP(E53,'Códigos Banco'!$B$3:$D$27,3,0) -> 230887267 | J53: 0 | K53: 0 | L53: 0 | M53: 0 | N53: 0 | O53: 0 | P53: 0 | Q53: 0 | R53: 0 | S53: 0 | T53: =J53+L53+N53+P53+R53 -> 0 | U53: =K53+M53+O53+Q53+S53 -> 0 | V53: 0 | W53: 0 | X53: =V53-T53 -> 0 | Y53: =W53-U53 -> 0
C54: =C53 -> 2026101 | E54: 23D | F54: =VLOOKUP(E54,'Códigos Banco'!$B$3:$D$27,2,0) -> Occidente - Directa | G54: 13 | H54: =VLOOKUP(G54,'Códigos Banco'!$F$3:$G$18,2,0) -> T23 Directa - Transferencias | I54: =VLOOKUP(E54,'Códigos Banco'!$B$3:$D$27,3,0) -> 230887267 | J54: 0 | K54: 0 | L54: 0 | M54: 0 | N54: 0 | O54: 0 | P54: 0 | Q54: 0 | R54: 0 | S54: 0 | T54: =J54+L54+N54+P54+R54 -> 0 | U54: =K54+M54+O54+Q54+S54 -> 0 | V54: 0 | W54: 0 | X54: =V54-T54 -> 0 | Y54: =W54-U54 -> 0
C55: =C54 -> 2026101 | E55: 23D | F55: =VLOOKUP(E55,'Códigos Banco'!$B$3:$D$27,2,0) -> Occidente - Directa | G55: 13 | H55: =VLOOKUP(G55,'Códigos Banco'!$F$3:$G$18,2,0) -> T23 Directa - Transferencias | I55: =VLOOKUP(E55,'Códigos Banco'!$B$3:$D$27,3,0) -> 230887267 | J55: 0 | K55: 0 | L55: 0 | M55: 0 | N55: 0 | O55: 0 | P55: 0 | Q55: 0 | R55: 0 | S55: 0 | T55: =J55+L55+N55+P55+R55 -> 0 | U55: =K55+M55+O55+Q55+S55 -> 0 | V55: 0 | W55: 0 | X55: =V55-T55 -> 0 | Y55: =W55-U55 -> 0
C56: =C55 -> 2026101 | E56: 23D | F56: =VLOOKUP(E56,'Códigos Banco'!$B$3:$D$27,2,0) -> Occidente - Directa | G56: 13 | H56: =VLOOKUP(G56,'Códigos Banco'!$F$3:$G$18,2,0) -> T23 Directa - Transferencias | I56: =VLOOKUP(E56,'Códigos Banco'!$B$3:$D$27,3,0) -> 230887267 | J56: 0 | K56: 0 | L56: 0 | M56: 0 | N56: 0 | O56: 0 | P56: 0 | Q56: 0 | R56: 0 | S56: 0 | T56: =J56+L56+N56+P56+R56 -> 0 | U56: =K56+M56+O56+Q56+S56 -> 0 | V56: 0 | W56: 0 | X56: =V56-T56 -> 0 | Y56: =W56-U56 -> 0
C57: =C56 -> 2026101 | E57: 23D | F57: Occidente - Directa | G57: 13 | H57: =VLOOKUP(G57,'Códigos Banco'!$F$3:$G$18,2,0) -> T23 Directa - Transferencias | I57: 230887267 | J57: 0 | K57: 0 | L57: 0 | M57: 0 | N57: 0 | O57: 0 | P57: 0 | Q57: 0 | R57: 0 | S57: 0 | T57: =J57+L57+N57+P57+R57 -> 0 | U57: =K57+M57+O57+Q57+S57 -> 0 | V57: 0 | W57: 0 | X57: =V57-T57 -> 0 | Y57: =W57-U57 -> 0
C58: =C57 -> 2026101 | E58: 23D | F58: Occidente - Directa | G58: 13 | H58: =VLOOKUP(G58,'Códigos Banco'!$F$3:$G$18,2,0) -> T23 Directa - Transferencias | I58: 230887267 | J58: 0 | K58: 0 | L58: 0 | M58: 0 | N58: 0 | O58: 0 | P58: 0 | Q58: 0 | R58: 0 | S58: 0 | T58: =J58+L58+N58+P58+R58 -> 0 | U58: =K58+M58+O58+Q58+S58 -> 0 | V58: 0 | W58: 0 | X58: =V58-T58 -> 0 | Y58: =W58-U58 -> 0
C59: =C58 -> 2026101 | E59: 23D | F59: Occidente - Directa | G59: 13 | H59: =VLOOKUP(G59,'Códigos Banco'!$F$3:$G$18,2,0) -> T23 Directa - Transferencias | I59: 230887267 | J59: 0 | K59: 0 | L59: 0 | M59: 0 | N59: 0 | O59: 0 | P59: 0 | Q59: 0 | R59: 0 | S59: 0 | T59: =J59+L59+N59+P59+R59 -> 0 | U59: =K59+M59+O59+Q59+S59 -> 0 | V59: 0 | W59: 0 | X59: =V59-T59 -> 0 | Y59: =W59-U59 -> 0
C60: =C59 -> 2026101 | E60: 23D | F60: Occidente - Directa | H60: =VLOOKUP(G60,'Códigos Banco'!$F$3:$G$18,2,0) -> #N/A | I60: 230887267 | J60: 0 | K60: 0 | L60: 0 | M60: 0 | N60: 0 | O60: 0 | P60: 0 | Q60: 0 | R60: 0 | S60: 0 | T60: =J60+L60+N60+P60+R60 -> 0 | U60: =K60+M60+O60+Q60+S60 -> 0 | V60: 0 | W60: 0 | X60: =V60-T60 -> 0 | Y60: =W60-U60 -> 0
C61: =C60 -> 2026101 | E61: 23D | F61: Occidente - Directa | H61: =VLOOKUP(G61,'Códigos Banco'!$F$3:$G$18,2,0) -> #N/A | I61: 230887267 | J61: 0 | K61: 0 | L61: 0 | M61: 0 | N61: 0 | O61: 0 | P61: 0 | Q61: 0 | R61: 0 | S61: 0 | T61: =J61+L61+N61+P61+R61 -> 0 | U61: =K61+M61+O61+Q61+S61 -> 0 | V61: 0 | W61: 0 | X61: =V61-T61 -> 0 | Y61: =W61-U61 -> 0
C62: =C61 -> 2026101 | E62: 23D | F62: Occidente - Directa | H62: =VLOOKUP(G62,'Códigos Banco'!$F$3:$G$18,2,0) -> #N/A | I62: 230887267 | J62: 0 | K62: 0 | L62: 0 | M62: 0 | N62: 0 | O62: 0 | P62: 0 | Q62: 0 | R62: 0 | S62: 0 | T62: =J62+L62+N62+P62+R62 -> 0 | U62: =K62+M62+O62+Q62+S62 -> 0 | V62: 0 | W62: 0 | X62: =V62-T62 -> 0 | Y62: =W62-U62 -> 0
C63: =C62 -> 2026101 | E63: 23D | F63: Occidente - Directa | H63: =VLOOKUP(G63,'Códigos Banco'!$F$3:$G$18,2,0) -> #N/A | I63: 230887267 | J63: 0 | K63: 0 | L63: 0 | M63: 0 | N63: 0 | O63: 0 | P63: 0 | Q63: 0 | R63: 0 | S63: 0 | T63: =J63+L63+N63+P63+R63 -> 0 | U63: =K63+M63+O63+Q63+S63 -> 0 | V63: 0 | W63: 0 | X63: =V63-T63 -> 0 | Y63: =W63-U63 -> 0
C64: =C63 -> 2026101 | E64: 23D | F64: Occidente - Directa | H64: =VLOOKUP(G64,'Códigos Banco'!$F$3:$G$18,2,0) -> #N/A | I64: 230887267 | J64: 0 | K64: 0 | L64: 0 | M64: 0 | N64: 0 | O64: 0 | P64: 0 | Q64: 0 | R64: 0 | S64: 0 | T64: =J64+L64+N64+P64+R64 -> 0 | U64: =K64+M64+O64+Q64+S64 -> 0 | V64: 0 | W64: 0 | X64: =V64-T64 -> 0 | Y64: =W64-U64 -> 0
C65: =C64 -> 2026101 | E65: 23D | F65: Occidente - Directa | H65: =VLOOKUP(G65,'Códigos Banco'!$F$3:$G$18,2,0) -> #N/A | I65: 230887267 | J65: 0 | K65: 0 | L65: 0 | M65: 0 | N65: 0 | O65: 0 | P65: 0 | Q65: 0 | R65: 0 | S65: 0 | T65: =J65+L65+N65+P65+R65 -> 0 | U65: =K65+M65+O65+Q65+S65 -> 0 | V65: 0 | W65: 0 | X65: =V65-T65 -> 0 | Y65: =W65-U65 -> 0
C66: =C65 -> 2026101 | E66: 23D | F66: Occidente - Directa | H66: =VLOOKUP(G66,'Códigos Banco'!$F$3:$G$18,2,0) -> #N/A | I66: 230887267 | J66: 0 | K66: 0 | L66: 0 | M66: 0 | N66: 0 | O66: 0 | P66: 0 | Q66: 0 | R66: 0 | S66: 0 | T66: =J66+L66+N66+P66+R66 -> 0 | U66: =K66+M66+O66+Q66+S66 -> 0 | V66: 0 | W66: 0 | X66: =V66-T66 -> 0 | Y66: =W66-U66 -> 0
C67: =C66 -> 2026101 | E67: 23D | F67: Occidente - Directa | H67: =VLOOKUP(G67,'Códigos Banco'!$F$3:$G$18,2,0) -> #N/A | I67: 230887267 | J67: 0 | K67: 0 | L67: 0 | M67: 0 | N67: 0 | O67: 0 | P67: 0 | Q67: 0 | R67: 0 | S67: 0 | T67: =J67+L67+N67+P67+R67 -> 0 | U67: =K67+M67+O67+Q67+S67 -> 0 | V67: 0 | W67: 0 | X67: =V67-T67 -> 0 | Y67: =W67-U67 -> 0
C68: =C67 -> 2026101 | E68: 23D | F68: Occidente - Directa | H68: =VLOOKUP(G68,'Códigos Banco'!$F$3:$G$18,2,0) -> #N/A | I68: 230887267 | J68: 0 | K68: 0 | L68: 0 | M68: 0 | N68: 0 | O68: 0 | P68: 0 | Q68: 0 | R68: 0 | S68: 0 | T68: =J68+L68+N68+P68+R68 -> 0 | U68: =K68+M68+O68+Q68+S68 -> 0 | V68: 0 | W68: 0 | X68: =V68-T68 -> 0 | Y68: =W68-U68 -> 0
C69: =C68 -> 2026101 | E69: 23D | F69: Occidente - Directa | H69: =VLOOKUP(G69,'Códigos Banco'!$F$3:$G$18,2,0) -> #N/A | I69: 230887267 | J69: 0 | K69: 0 | L69: 0 | M69: 0 | N69: 0 | O69: 0 | P69: 0 | Q69: 0 | R69: 0 | S69: 0 | T69: =J69+L69+N69+P69+R69 -> 0 | U69: =K69+M69+O69+Q69+S69 -> 0 | V69: 0 | W69: 0 | X69: =V69-T69 -> 0 | Y69: =W69-U69 -> 0
C70: =C69 -> 2026101 | E70: 23D | F70: Occidente - Directa | H70: =VLOOKUP(G70,'Códigos Banco'!$F$3:$G$18,2,0) -> #N/A | I70: 230887267 | J70: 0 | K70: 0 | L70: 0 | M70: 0 | N70: 0 | O70: 0 | P70: 0 | Q70: 0 | R70: 0 | S70: 0 | T70: =J70+L70+N70+P70+R70 -> 0 | U70: =K70+M70+O70+Q70+S70 -> 0 | V70: 0 | W70: 0 | X70: =V70-T70 -> 0 | Y70: =W70-U70 -> 0
C71: =C70 -> 2026101 | E71: 23D | F71: Occidente - Directa | H71: =VLOOKUP(G71,'Códigos Banco'!$F$3:$G$18,2,0) -> #N/A | I71: 230887267 | J71: 0 | K71: 0 | L71: 0 | M71: 0 | N71: 0 | O71: 0 | P71: 0 | Q71: 0 | R71: 0 | S71: 0 | T71: =J71+L71+N71+P71+R71 -> 0 | U71: =K71+M71+O71+Q71+S71 -> 0 | V71: 0 | W71: 0 | X71: =V71-T71 -> 0 | Y71: =W71-U71 -> 0
... C76: =C75 -> 2026101 | E76: 23D | F76: Occidente - Directa | H76: =VLOOKUP(G76,'Códigos Banco'!$F$3:$G$18,2,0) -> #N/A | I76: 230887267 | J76: 0 | K76: 0 | L76: 0 | M76: 0 | N76: 0 | O76: 0 | P76: 0 | Q76: 0 | R76: 0 | S76: 0 | T76: =J76+L76+N76+P76+R76 -> 0 | U76: =K76+M76+O76+Q76+S76 -> 0 | V76: 0 | W76: 0 | X76: =V76-T76 -> 0 | Y76: =W76-U76 -> 0
C77: =C76 -> 2026101 | E77: 23D | F77: =VLOOKUP(E77,'Códigos Banco'!$B$3:$D$27,2,0) -> Occidente - Directa | H77: =VLOOKUP(G77,'Códigos Banco'!$F$3:$G$18,2,0) -> #N/A | I77: =VLOOKUP(E77,'Códigos Banco'!$B$3:$D$27,3,0) -> 230887267 | J77: 0 | K77: 0 | L77: 0 | M77: 0 | N77: 0 | O77: 0 | P77: 0 | Q77: 0 | R77: 0 | S77: 0 | T77: =J77+L77+N77+P77+R77 -> 0 | U77: =K77+M77+O77+Q77+S77 -> 0 | V77: 0 | W77: 0 | X77: =V77-T77 -> 0 | Y77: =W77-U77 -> 0
B81: FECHA APLICACIÓN | C81: CODIGO REMUNERACIÓN | D81: FECHA RECAUDO | E81: CÓDIGO BC | F81: NOMBRE BANCO | G81: CÓDIGO CR | H81: CANAL RECAUDO | I81: N° CUENTA | J81: ASE 1 N° REGISTROS ARCHIVO | K81: ASE 1 VALOR ARCHIVO | L81: ASE 2 N° REGISTROS ARCHIVO | M81: ASE 2 VALOR ARCHIVO | N81: ASE 3 N° REGISTROS ARCHIVO | O81: ASE 3 VALOR ARCHIVO | P81: ASE 4 N° REGISTROS ARCHIVO | Q81: ASE 4 VALOR ARCHIVO | R81: ASE 5 N° REGISTROS ARCHIVO | S81: ASE 5 VALOR ARCHIVO | T81: TOTAL N° REGISTROS APLICADOS | U81: TOTAL VALOR APLICADO | V81: N° REGISTROS REPORTADOS POR BANCO | W81: VALOR REPORTADO POR BANCO | X81: DIFERENCIA REGISTROS | Y81: DIFERENCIA VALOR
B82: 46314 | C82: =C2 -> 2026102 | D82: 46233 | E82: 23D | F82: =VLOOKUP(E82,'Códigos Banco'!$B$3:$D$27,2,0) -> Occidente - Directa | G82: 13 | H82: =VLOOKUP(G82,'Códigos Banco'!$F$3:$G$18,2,0) -> T23 Directa - Transferencias | I82: =VLOOKUP(E82,'Códigos Banco'!$B$3:$D$27,3,0) -> 230887267 | J82: 7 | K82: 483770 | L82: 0 | M82: 0 | N82: 0 | O82: 0 | P82: 0 | Q82: 0 | R82: 0 | S82: 0 | T82: =J82+L82+N82+P82+R82 -> 7 | U82: =K82+M82+O82+Q82+S82 -> 483770 | V82: 7 | W82: 483770 | X82: =V82-T82 -> 0 | Y82: =W82-U82 -> 0
B83: 46314 | C83: =C82 -> 2026102 | D83: 46234 | E83: 23D | F83: =VLOOKUP(E83,'Códigos Banco'!$B$3:$D$27,2,0) -> Occidente - Directa | G83: 13 | H83: =VLOOKUP(G83,'Códigos Banco'!$F$3:$G$18,2,0) -> T23 Directa - Transferencias | I83: =VLOOKUP(E83,'Códigos Banco'!$B$3:$D$27,3,0) -> 230887267 | J83: 3 | K83: 207330 | L83: 0 | M83: 0 | N83: 0 | O83: 0 | P83: 0 | Q83: 0 | R83: 0 | S83: 0 | T83: =J83+L83+N83+P83+R83 -> 3 | U83: =K83+M83+O83+Q83+S83 -> 207330 | V83: 3 | W83: 207330 | X83: =V83-T83 -> 0 | Y83: =W83-U83 -> 0
B84: 46314 | C84: =C83 -> 2026102 | D84: 46261 | E84: 23D | F84: =VLOOKUP(E84,'Códigos Banco'!$B$3:$D$27,2,0) -> Occidente - Directa | G84: 13 | H84: =VLOOKUP(G84,'Códigos Banco'!$F$3:$G$18,2,0) -> T23 Directa - Transferencias | I84: =VLOOKUP(E84,'Códigos Banco'!$B$3:$D$27,3,0) -> 230887267 | J84: 3 | K84: 206157 | L84: 0 | M84: 0 | N84: 0 | O84: 0 | P84: 0 | Q84: 0 | R84: 0 | S84: 0 | T84: =J84+L84+N84+P84+R84 -> 3 | U84: =K84+M84+O84+Q84+S84 -> 206157 | V84: 3 | W84: 206157 | X84: =V84-T84 -> 0 | Y84: =W84-U84 -> 0
B85: 46314 | C85: =C84 -> 2026102 | D85: 46262 | E85: 23D | F85: =VLOOKUP(E85,'Códigos Banco'!$B$3:$D$27,2,0) -> Occidente - Directa | G85: 13 | H85: =VLOOKUP(G85,'Códigos Banco'!$F$3:$G$18,2,0) -> T23 Directa - Transferencias | I85: =VLOOKUP(E85,'Códigos Banco'!$B$3:$D$27,3,0) -> 230887267 | J85: 10 | K85: 687190 | L85: 0 | M85: 0 | N85: 0 | O85: 0 | P85: 0 | Q85: 0 | R85: 0 | S85: 0 | T85: =J85+L85+N85+P85+R85 -> 10 | U85: =K85+M85+O85+Q85+S85 -> 687190 | V85: 10 | W85: 687190 | X85: =V85-T85 -> 0 | Y85: =W85-U85 -> 0
B86: 46314 | C86: =C85 -> 2026102 | D86: 46290 | E86: 23D | F86: =VLOOKUP(E86,'Códigos Banco'!$B$3:$D$27,2,0) -> Occidente - Directa | G86: 13 | H86: =VLOOKUP(G86,'Códigos Banco'!$F$3:$G$18,2,0) -> T23 Directa - Transferencias | I86: =VLOOKUP(E86,'Códigos Banco'!$B$3:$D$27,3,0) -> 230887267 | J86: 4 | K86: 275088 | L86: 0 | M86: 0 | N86: 0 | O86: 0 | P86: 0 | Q86: 0 | R86: 0 | S86: 0 | T86: =J86+L86+N86+P86+R86 -> 4 | U86: =K86+M86+O86+Q86+S86 -> 275088 | V86: 4 | W86: 275088 | X86: =V86-T86 -> 0 | Y86: =W86-U86 -> 0
B87: 46314 | C87: =C86 -> 2026102 | D87: 46310 | E87: 23D | F87: =VLOOKUP(E87,'Códigos Banco'!$B$3:$D$27,2,0) -> Occidente - Directa | G87: 13 | H87: =VLOOKUP(G87,'Códigos Banco'!$F$3:$G$18,2,0) -> T23 Directa - Transferencias | I87: =VLOOKUP(E87,'Códigos Banco'!$B$3:$D$27,3,0) -> 230887267 | J87: 6 | K87: 9805863 | L87: 1 | M87: 951170 | N87: 0 | P87: 7 | Q87: 392910 | R87: 0 | S87: 0 | T87: =J87+L87+N87+P87+R87 -> 14 | U87: =K87+M87+O87+Q87+S87 -> 11149943 | V87: 14 | W87: 11149943 | X87: =V87-T87 -> 0 | Y87: =W87-U87 -> 0
B88: 46314 | C88: =C87 -> 2026102 | D88: 46265 | E88: 23D | F88: =VLOOKUP(E88,'Códigos Banco'!$B$3:$D$27,2,0) -> Occidente - Directa | G88: 13 | H88: =VLOOKUP(G88,'Códigos Banco'!$F$3:$G$18,2,0) -> T23 Directa - Transferencias | I88: =VLOOKUP(E88,'Códigos Banco'!$B$3:$D$27,3,0) -> 230887267 | J88: 18 | K88: 1236942 | L88: 0 | M88: 0 | N88: 0 | O88: 0 | P88: 0 | Q88: 0 | R88: 0 | S88: 0 | T88: =J88+L88+N88+P88+R88 -> 18 | U88: =K88+M88+O88+Q88+S88 -> 1236942 | V88: 18 | W88: 1236942 | X88: =V88-T88 -> 0 | Y88: =W88-U88 -> 0
B89: 46314 | C89: =C88 -> 2026102 | D89: 46293 | E89: 23D | F89: =VLOOKUP(E89,'Códigos Banco'!$B$3:$D$27,2,0) -> Occidente - Directa | G89: 13 | H89: =VLOOKUP(G89,'Códigos Banco'!$F$3:$G$18,2,0) -> T23 Directa - Transferencias | I89: =VLOOKUP(E89,'Códigos Banco'!$B$3:$D$27,3,0) -> 230887267 | J89: 5 | K89: 343860 | L89: 0 | M89: 0 | N89: 0 | O89: 0 | P89: 0 | Q89: 0 | R89: 0 | S89: 0 | T89: =J89+L89+N89+P89+R89 -> 5 | U89: =K89+M89+O89+Q89+S89 -> 343860 | V89: 5 | W89: 343860 | X89: =V89-T89 -> 0 | Y89: =W89-U89 -> 0
B90: 46314 | C90: =C89 -> 2026102 | D90: 46294 | E90: 23D | F90: =VLOOKUP(E90,'Códigos Banco'!$B$3:$D$27,2,0) -> Occidente - Directa | G90: 13 | H90: =VLOOKUP(G90,'Códigos Banco'!$F$3:$G$18,2,0) -> T23 Directa - Transferencias | I90: =VLOOKUP(E90,'Códigos Banco'!$B$3:$D$27,3,0) -> 230887267 | J90: 5 | K90: 304418 | L90: 0 | M90: 0 | N90: 0 | O90: 0 | P90: 0 | Q90: 0 | R90: 0 | S90: 0 | T90: =J90+L90+N90+P90+R90 -> 5 | U90: =K90+M90+O90+Q90+S90 -> 304418 | V90: 5 | W90: 304418 | X90: =V90-T90 -> 0 | Y90: =W90-U90 -> 0
B91: 46314 | C91: =C90 -> 2026102 | D91: 46295 | E91: 23D | F91: =VLOOKUP(E91,'Códigos Banco'!$B$3:$D$27,2,0) -> Occidente - Directa | G91: 13 | H91: =VLOOKUP(G91,'Códigos Banco'!$F$3:$G$18,2,0) -> T23 Directa - Transferencias | I91: =VLOOKUP(E91,'Códigos Banco'!$B$3:$D$27,3,0) -> 230887267 | J91: 14 | K91: 962808 | L91: 0 | M91: 0 | N91: 0 | O91: 0 | P91: 0 | Q91: 0 | R91: 0 | S91: 0 | T91: =J91+L91+N91+P91+R91 -> 14 | U91: =K91+M91+O91+Q91+S91 -> 962808 | V91: 14 | W91: 962808 | X91: =V91-T91 -> 0 | Y91: =W91-U91 -> 0
B92: 46315 | C92: =C91 -> 2026102 | D92: 46191 | E92: 23D | F92: =VLOOKUP(E92,'Códigos Banco'!$B$3:$D$27,2,0) -> Occidente - Directa | G92: 13 | H92: =VLOOKUP(G92,'Códigos Banco'!$F$3:$G$18,2,0) -> T23 Directa - Transferencias | I92: =VLOOKUP(E92,'Códigos Banco'!$B$3:$D$27,3,0) -> 230887267 | J92: 0 | K92: 0 | L92: 1 | M92: 88850 | N92: 0 | O92: 0 | P92: 0 | Q92: 0 | R92: 0 | S92: 0 | T92: =J92+L92+N92+P92+R92 -> 1 | U92: =K92+M92+O92+Q92+S92 -> 88850 | V92: 1 | W92: 88850 | X92: =V92-T92 -> 0 | Y92: =W92-U92 -> 0
B93: 46315 | C93: =C92 -> 2026102 | D93: 46219 | E93: 23D | F93: =VLOOKUP(E93,'Códigos Banco'!$B$3:$D$27,2,0) -> Occidente - Directa | G93: 13 | H93: =VLOOKUP(G93,'Códigos Banco'!$F$3:$G$18,2,0) -> T23 Directa - Transferencias | I93: =VLOOKUP(E93,'Códigos Banco'!$B$3:$D$27,3,0) -> 230887267 | J93: 0 | K93: 0 | L93: 1 | M93: 90260 | N93: 0 | O93: 0 | P93: 0 | Q93: 0 | R93: 0 | S93: 0 | T93: =J93+L93+N93+P93+R93 -> 1 | U93: =K93+M93+O93+Q93+S93 -> 90260 | V93: 1 | W93: 90260 | X93: =V93-T93 -> 0 | Y93: =W93-U93 -> 0
B94: 46315 | C94: =C93 -> 2026102 | D94: 46255 | E94: 23D | F94: =VLOOKUP(E94,'Códigos Banco'!$B$3:$D$27,2,0) -> Occidente - Directa | G94: 13 | H94: =VLOOKUP(G94,'Códigos Banco'!$F$3:$G$18,2,0) -> T23 Directa - Transferencias | I94: =VLOOKUP(E94,'Códigos Banco'!$B$3:$D$27,3,0) -> 230887267 | J94: 0 | K94: 0 | L94: 1 | M94: 154120 | N94: 0 | O94: 0 | P94: 0 | Q94: 0 | R94: 0 | S94: 0 | T94: =J94+L94+N94+P94+R94 -> 1 | U94: =K94+M94+O94+Q94+S94 -> 154120 | V94: 1 | W94: 154120 | X94: =V94-T94 -> 0 | Y94: =W94-U94 -> 0
B95: 46315 | C95: =C94 -> 2026102 | D95: 46272 | E95: 23D | F95: =VLOOKUP(E95,'Códigos Banco'!$B$3:$D$27,2,0) -> Occidente - Directa | G95: 13 | H95: =VLOOKUP(G95,'Códigos Banco'!$F$3:$G$18,2,0) -> T23 Directa - Transferencias | I95: =VLOOKUP(E95,'Códigos Banco'!$B$3:$D$27,3,0) -> 230887267 | J95: 0 | K95: 0 | L95: 2 | M95: 887440 | N95: 0 | O95: 0 | P95: 0 | Q95: 0 | R95: 0 | S95: 0 | T95: =J95+L95+N95+P95+R95 -> 2 | U95: =K95+M95+O95+Q95+S95 -> 887440 | V95: 2 | W95: 887440 | X95: =V95-T95 -> 0 | Y95: =W95-U95 -> 0
B96: 46315 | C96: =C95 -> 2026102 | D96: 46283 | E96: 23D | F96: =VLOOKUP(E96,'Códigos Banco'!$B$3:$D$27,2,0) -> Occidente - Directa | G96: 13 | H96: =VLOOKUP(G96,'Códigos Banco'!$F$3:$G$18,2,0) -> T23 Directa - Transferencias | I96: =VLOOKUP(E96,'Códigos Banco'!$B$3:$D$27,3,0) -> 230887267 | J96: 0 | K96: 0 | L96: 1 | M96: 309940 | N96: 0 | O96: 0 | P96: 0 | Q96: 0 | R96: 0 | S96: 0 | T96: =J96+L96+N96+P96+R96 -> 1 | U96: =K96+M96+O96+Q96+S96 -> 309940 | V96: 1 | W96: 309940 | X96: =V96-T96 -> 0 | Y96: =W96-U96 -> 0
B97: 46315 | C97: =C96 -> 2026102 | D97: 46308 | E97: 23D | F97: =VLOOKUP(E97,'Códigos Banco'!$B$3:$D$27,2,0) -> Occidente - Directa | G97: 13 | H97: =VLOOKUP(G97,'Códigos Banco'!$F$3:$G$18,2,0) -> T23 Directa - Transferencias | I97: =VLOOKUP(E97,'Códigos Banco'!$B$3:$D$27,3,0) -> 230887267 | J97: 5 | K97: 424560 | L97: 9 | M97: 2027280 | N97: 1 | O97: 277510 | P97: 3 | Q97: 167550 | R97: 3 | S97: 251760 | T97: =J97+L97+N97+P97+R97 -> 21 | U97: =K97+M97+O97+Q97+S97 -> 3148660 | V97: 21 | W97: 3148660 | X97: =V97-T97 -> 0 | Y97: =W97-U97 -> 0
B98: 46315 | C98: =C97 -> 2026102 | D98: 46309 | E98: 23D | F98: =VLOOKUP(E98,'Códigos Banco'!$B$3:$D$27,2,0) -> Occidente - Directa | G98: 13 | H98: =VLOOKUP(G98,'Códigos Banco'!$F$3:$G$18,2,0) -> T23 Directa - Transferencias | I98: =VLOOKUP(E98,'Códigos Banco'!$B$3:$D$27,3,0) -> 230887267 | J98: 0 | K98: 0 | L98: 0 | M98: 0 | N98: 2 | O98: 1532490 | P98: 0 | Q98: 0 | R98: 0 | S98: 0 | T98: =J98+L98+N98+P98+R98 -> 2 | U98: =K98+M98+O98+Q98+S98 -> 1532490 | V98: 2 | W98: 1532490 | X98: =V98-T98 -> 0 | Y98: =W98-U98 -> 0
B99: 46315 | C99: =C98 -> 2026102 | D99: 46310 | E99: 23D | F99: =VLOOKUP(E99,'Códigos Banco'!$B$3:$D$27,2,0) -> Occidente - Directa | G99: 13 | H99: =VLOOKUP(G99,'Códigos Banco'!$F$3:$G$18,2,0) -> T23 Directa - Transferencias | I99: =VLOOKUP(E99,'Códigos Banco'!$B$3:$D$27,3,0) -> 230887267 | J99: 26 | K99: 6950210 | L99: 11 | M99: 44803728 | N99: 0 | O99: 0 | P99: 0 | Q99: 0 | R99: 0 | S99: 0 | T99: =J99+L99+N99+P99+R99 -> 37 | U99: =K99+M99+O99+Q99+S99 -> 51753938 | V99: 37 | W99: 51753938 | X99: =V99-T99 -> 0 | Y99: =W99-U99 -> 0
C100: =C99 -> 2026102 | E100: 23D | F100: =VLOOKUP(E100,'Códigos Banco'!$B$3:$D$27,2,0) -> Occidente - Directa | G100: 13 | H100: =VLOOKUP(G100,'Códigos Banco'!$F$3:$G$18,2,0) -> T23 Directa - Transferencias | I100: =VLOOKUP(E100,'Códigos Banco'!$B$3:$D$27,3,0) -> 230887267 | J100: 0 | K100: 0 | L100: 0 | M100: 0 | N100: 0 | O100: 0 | P100: 0 | Q100: 0 | R100: 0 | S100: 0 | T100: =J100+L100+N100+P100+R100 -> 0 | U100: =K100+M100+O100+Q100+S100 -> 0 | V100: 0 | W100: 0 | X100: =V100-T100 -> 0 | Y100: =W100-U100 -> 0
C101: =C100 -> 2026102 | E101: 23D | F101: =VLOOKUP(E101,'Códigos Banco'!$B$3:$D$27,2,0) -> Occidente - Directa | G101: 13 | H101: =VLOOKUP(G101,'Códigos Banco'!$F$3:$G$18,2,0) -> T23 Directa - Transferencias | I101: =VLOOKUP(E101,'Códigos Banco'!$B$3:$D$27,3,0) -> 230887267 | J101: 0 | K101: 0 | L101: 0 | M101: 0 | N101: 0 | O101: 0 | P101: 0 | Q101: 0 | R101: 0 | S101: 0 | T101: =J101+L101+N101+P101+R101 -> 0 | U101: =K101+M101+O101+Q101+S101 -> 0 | V101: 0 | W101: 0 | X101: =V101-T101 -> 0 | Y101: =W101-U101 -> 0
C102: =C101 -> 2026102 | E102: 23D | F102: =VLOOKUP(E102,'Códigos Banco'!$B$3:$D$27,2,0) -> Occidente - Directa | G102: 13 | H102: =VLOOKUP(G102,'Códigos Banco'!$F$3:$G$18,2,0) -> T23 Directa - Transferencias | I102: =VLOOKUP(E102,'Códigos Banco'!$B$3:$D$27,3,0) -> 230887267 | J102: 0 | K102: 0 | L102: 0 | M102: 0 | N102: 0 | O102: 0 | P102: 0 | Q102: 0 | R102: 0 | S102: 0 | T102: =J102+L102+N102+P102+R102 -> 0 | U102: =K102+M102+O102+Q102+S102 -> 0 | V102: 0 | W102: 0 | X102: =V102-T102 -> 0 | Y102: =W102-U102 -> 0
C103: =C102 -> 2026102 | E103: 23D | F103: =VLOOKUP(E103,'Códigos Banco'!$B$3:$D$27,2,0) -> Occidente - Directa | G103: 13 | H103: =VLOOKUP(G103,'Códigos Banco'!$F$3:$G$18,2,0) -> T23 Directa - Transferencias | I103: =VLOOKUP(E103,'Códigos Banco'!$B$3:$D$27,3,0) -> 230887267 | J103: 0 | K103: 0 | L103: 0 | M103: 0 | N103: 0 | O103: 0 | P103: 0 | Q103: 0 | R103: 0 | S103: 0 | T103: =J103+L103+N103+P103+R103 -> 0 | U103: =K103+M103+O103+Q103+S103 -> 0 | V103: 0 | W103: 0 | X103: =V103-T103 -> 0 | Y103: =W103-U103 -> 0
C104: =C103 -> 2026102 | E104: 23D | F104: =VLOOKUP(E104,'Códigos Banco'!$B$3:$D$27,2,0) -> Occidente - Directa | G104: 13 | H104: =VLOOKUP(G104,'Códigos Banco'!$F$3:$G$18,2,0) -> T23 Directa - Transferencias | I104: =VLOOKUP(E104,'Códigos Banco'!$B$3:$D$27,3,0) -> 230887267 | J104: 0 | K104: 0 | L104: 0 | M104: 0 | N104: 0 | O104: 0 | P104: 0 | Q104: 0 | R104: 0 | S104: 0 | T104: =J104+L104+N104+P104+R104 -> 0 | U104: =K104+M104+O104+Q104+S104 -> 0 | V104: 0 | W104: 0 | X104: =V104-T104 -> 0 | Y104: =W104-U104 -> 0
C105: =C104 -> 2026102 | E105: 23D | F105: =VLOOKUP(E105,'Códigos Banco'!$B$3:$D$27,2,0) -> Occidente - Directa | G105: 13 | H105: =VLOOKUP(G105,'Códigos Banco'!$F$3:$G$18,2,0) -> T23 Directa - Transferencias | I105: =VLOOKUP(E105,'Códigos Banco'!$B$3:$D$27,3,0) -> 230887267 | J105: 0 | K105: 0 | L105: 0 | M105: 0 | N105: 0 | O105: 0 | P105: 0 | Q105: 0 | R105: 0 | S105: 0 | T105: =J105+L105+N105+P105+R105 -> 0 | U105: =K105+M105+O105+Q105+S105 -> 0 | V105: 0 | W105: 0 | X105: =V105-T105 -> 0 | Y105: =W105-U105 -> 0
C106: =C105 -> 2026102 | E106: 23D | F106: =VLOOKUP(E106,'Códigos Banco'!$B$3:$D$27,2,0) -> Occidente - Directa | G106: 13 | H106: =VLOOKUP(G106,'Códigos Banco'!$F$3:$G$18,2,0) -> T23 Directa - Transferencias | I106: =VLOOKUP(E106,'Códigos Banco'!$B$3:$D$27,3,0) -> 230887267 | J106: 0 | K106: 0 | L106: 0 | M106: 0 | N106: 0 | O106: 0 | P106: 0 | Q106: 0 | R106: 0 | S106: 0 | T106: =J106+L106+N106+P106+R106 -> 0 | U106: =K106+M106+O106+Q106+S106 -> 0 | V106: 0 | W106: 0 | X106: =V106-T106 -> 0 | Y106: =W106-U106 -> 0
C107: =C106 -> 2026102 | E107: 23D | F107: =VLOOKUP(E107,'Códigos Banco'!$B$3:$D$27,2,0) -> Occidente - Directa | G107: 13 | H107: =VLOOKUP(G107,'Códigos Banco'!$F$3:$G$18,2,0) -> T23 Directa - Transferencias | I107: =VLOOKUP(E107,'Códigos Banco'!$B$3:$D$27,3,0) -> 230887267 | J107: 0 | K107: 0 | L107: 0 | M107: 0 | N107: 0 | O107: 0 | P107: 0 | Q107: 0 | R107: 0 | S107: 0 | T107: =J107+L107+N107+P107+R107 -> 0 | U107: =K107+M107+O107+Q107+S107 -> 0 | V107: 0 | W107: 0 | X107: =V107-T107 -> 0 | Y107: =W107-U107 -> 0
C108: =C107 -> 2026102 | E108: 23D | F108: =VLOOKUP(E108,'Códigos Banco'!$B$3:$D$27,2,0) -> Occidente - Directa | G108: 13 | H108: =VLOOKUP(G108,'Códigos Banco'!$F$3:$G$18,2,0) -> T23 Directa - Transferencias | I108: =VLOOKUP(E108,'Códigos Banco'!$B$3:$D$27,3,0) -> 230887267 | J108: 0 | K108: 0 | L108: 0 | M108: 0 | N108: 0 | O108: 0 | P108: 0 | Q108: 0 | R108: 0 | S108: 0 | T108: =J108+L108+N108+P108+R108 -> 0 | U108: =K108+M108+O108+Q108+S108 -> 0 | V108: 0 | W108: 0 | X108: =V108-T108 -> 0 | Y108: =W108-U108 -> 0
C109: =C108 -> 2026102 | E109: 23D | F109: =VLOOKUP(E109,'Códigos Banco'!$B$3:$D$27,2,0) -> Occidente - Directa | G109: 13 | H109: =VLOOKUP(G109,'Códigos Banco'!$F$3:$G$18,2,0) -> T23 Directa - Transferencias | I109: =VLOOKUP(E109,'Códigos Banco'!$B$3:$D$27,3,0) -> 230887267 | J109: 0 | K109: 0 | L109: 0 | M109: 0 | N109: 0 | O109: 0 | P109: 0 | Q109: 0 | R109: 0 | S109: 0 | T109: =J109+L109+N109+P109+R109 -> 0 | U109: =K109+M109+O109+Q109+S109 -> 0 | V109: 0 | W109: 0 | X109: =V109-T109 -> 0 | Y109: =W109-U109 -> 0
C110: =C109 -> 2026102 | E110: 23D | F110: =VLOOKUP(E110,'Códigos Banco'!$B$3:$D$27,2,0) -> Occidente - Directa | G110: 13 | H110: =VLOOKUP(G110,'Códigos Banco'!$F$3:$G$18,2,0) -> T23 Directa - Transferencias | I110: =VLOOKUP(E110,'Códigos Banco'!$B$3:$D$27,3,0) -> 230887267 | J110: 0 | K110: 0 | L110: 0 | M110: 0 | N110: 0 | O110: 0 | P110: 0 | Q110: 0 | R110: 0 | S110: 0 | T110: =J110+L110+N110+P110+R110 -> 0 | U110: =K110+M110+O110+Q110+S110 -> 0 | V110: 0 | W110: 0 | X110: =V110-T110 -> 0 | Y110: =W110-U110 -> 0
...

Sheet RESUMEN MES
B2: OPORTUNO | C2: ASE | D2: VALOR 1° Q | E2: NUMERO REG. 1°Q | F2: VALOR 2° Q | G2: NUMERO REG. 2°Q
C3: 1 | D3: =OPORTUNO!K1 -> 322739090 | E3: =OPORTUNO!J1 -> 1616 | F3: =OPORTUNO!K2 -> 186382057 | G3: =OPORTUNO!J2 -> 666
C4: 2 | D4: =OPORTUNO!M1 -> 839789795 | E4: =OPORTUNO!L1 -> 3964 | F4: =OPORTUNO!M2 -> 338362203 | G4: =OPORTUNO!L2 -> 1755
C5: 3 | D5: =OPORTUNO!O1 -> 417500887 | E5: =OPORTUNO!N1 -> 1376 | F5: =OPORTUNO!O2 -> 175516493 | G5: =OPORTUNO!N2 -> 620
C6: 4 | D6: =OPORTUNO!Q1 -> 481464262 | E6: =OPORTUNO!P1 -> 2591 | F6: =OPORTUNO!Q2 -> 193541612 | G6: =OPORTUNO!P2 -> 1098
C7: 5 | D7: =OPORTUNO!S1 -> 168793421 | E7: =OPORTUNO!R1 -> 1160 | F7: =OPORTUNO!S2 -> 80286396 | G7: =OPORTUNO!R2 -> 511
C8: X | D8: =OPORTUNO!Y1 -> 0 | E8: =OPORTUNO!X1 -> 0 | F8: =OPORTUNO!Y2 -> 0 | G8: =OPORTUNO!X2 -> 0
D9: =SUM(D3:D8) -> 2230287455 | E9: =SUM(E3:E8) -> 10707 | F9: =SUM(F3:F8) -> 974088761 | G9: =SUM(G3:G8) -> 4650
C11: ASE | D11: VALOR 1° Q | E11: NUMERO REG. 1°Q | F11: VALOR 2° Q | G11: NUMERO REG. 2°Q
B12: EXTEMP. | C12: 1 | D12: =EXTEMPORANEOS!K1 -> 48127653 | E12: =EXTEMPORANEOS!J1 -> 73 | F12: =EXTEMPORANEOS!K2 -> 21888196 | G12: =EXTEMPORANEOS!J2 -> 106
C13: 2 | D13: =EXTEMPORANEOS!M1 -> 132160935 | E13: =EXTEMPORANEOS!L1 -> 54 | F13: =EXTEMPORANEOS!M2 -> 49312788 | G13: =EXTEMPORANEOS!L2 -> 27
C14: 3 | D14: =EXTEMPORANEOS!O1 -> 19609348 | E14: =EXTEMPORANEOS!N1 -> 11 | F14: =EXTEMPORANEOS!O2 -> 1810000 | G14: =EXTEMPORANEOS!N2 -> 3
C15: 4 | D15: =EXTEMPORANEOS!Q1 -> 118198907 | E15: =EXTEMPORANEOS!P1 -> 9 | F15: =EXTEMPORANEOS!Q2 -> 560460 | G15: =EXTEMPORANEOS!P2 -> 10
C16: 5 | D16: =EXTEMPORANEOS!S1 -> 7112332 | E16: =EXTEMPORANEOS!R1 -> 27 | F16: =EXTEMPORANEOS!S2 -> 251760 | G16: =EXTEMPORANEOS!R2 -> 3
C17: X | D17: =EXTEMPORANEOS!Y1 -> 0 | E17: =EXTEMPORANEOS!X1 -> 0 | F17: =EXTEMPORANEOS!Y2 -> 0 | G17: =EXTEMPORANEOS!X2 -> 0
D18: =SUM(D12:D17) -> 325209175 | E18: =SUM(E12:E17) -> 174 | F18: =SUM(F12:F17) -> 73823204 | G18: =SUM(G12:G17) -> 149
C20: ASE | D20: VALOR 1° Q | E20: NUMERO REG. 1°Q | F20: VALOR 2° Q | G20: NUMERO REG. 2°Q | I20: VALOR TOTAL MES | J20: NUMERO REGISTROS MES
B21: TOTAL | C21: 1 | D21: =D3+D12 -> 370866743 | E21: =E3+E12 -> 1689 | F21: =F3+F12 -> 208270253 | G21: =G3+G12 -> 772 | I21: =D21+F21 -> 579136996 | J21: =E21+G21 -> 2461
C22: 2 | D22: =D4+D13 -> 971950730 | E22: =E4+E13 -> 4018 | F22: =F4+F13 -> 387674991 | G22: =G4+G13 -> 1782 | I22: =D22+F22 -> 1359625721 | J22: =E22+G22 -> 5800
C23: 3 | D23: =D5+D14 -> 437110235 | E23: =E5+E14 -> 1387 | F23: =F5+F14 -> 177326493 | G23: =G5+G14 -> 623 | I23: =D23+F23 -> 614436728 | J23: =E23+G23 -> 2010
C24: 4 | D24: =D6+D15 -> 599663169 | E24: =E6+E15 -> 2600 | F24: =F6+F15 -> 194102072 | G24: =G6+G15 -> 1108 | I24: =D24+F24 -> 793765241 | J24: =E24+G24 -> 3708
C25: 5 | D25: =D7+D16 -> 175905753 | E25: =E7+E16 -> 1187 | F25: =F7+F16 -> 80538156 | G25: =G7+G16 -> 514 | I25: =D25+F25 -> 256443909 | J25: =E25+G25 -> 1701
C26: X | D26: =D8+D17 -> 0 | E26: =E8+E17 -> 0 | F26: =F8+F17 -> 0 | G26: =G8+G17 -> 0 | I26: =D26+F26 -> 0 | J26: =E26+G26 -> 0
D27: =SUM(D21:D26) -> 2555496630 | E27: =SUM(E21:E26) -> 10881 | F27: =SUM(F21:F26) -> 1047911965 | G27: =SUM(G21:G26) -> 4799 | I27: =SUM(I21:I26) -> 3603408595 | J27: =SUM(J21:J26) -> 15680

Sheet Pendientes por Identificar
D1: TOTAL MES | E1: =E3+M3 -> 0 | F1: =F3+N3 -> 0
C3: QUINCENA | D3: =A5 -> 2026101 | E3: =SUM(E5:E104) -> 0 | F3: =COUNT(E5:E104) -> 0 | K3: QUINCENA | L3: =I5 -> 2026102 | M3: =SUM(M5:M105) -> 0 | N3: =COUNT(M5:M105) -> 0
A4: Código Remuneración | B4: Fecha de Recaudo | C4: CANAL RECAUDO | D4: Cuenta Contrato | E4: Valor | F4: Observación | I4: Código Remuneración | J4: Fecha de Recaudo | K4: CANAL RECAUDO | L4: Cuenta Contrato | M4: Valor | N4: Observación
A5: =OPORTUNO!C1 -> 2026101 | I5: =OPORTUNO!C2 -> 2026102
A6: =A5 -> 2026101 | I6: =I5 -> 2026102
A7: =A6 -> 2026101 | I7: =I6 -> 2026102
A8: =A7 -> 2026101 | I8: =I7 -> 2026102
A9: =A8 -> 2026101 | I9: =I8 -> 2026102
A10: =A9 -> 2026101 | I10: =I9 -> 2026102
A11: =A10 -> 2026101 | I11: =I10 -> 2026102
A12: =A11 -> 2026101 | I12: =I11 -> 2026102
A13: =A12 -> 2026101 | I13: =I12 -> 2026102
A14: =A13 -> 2026101 | I14: =I13 -> 2026102
A15: =A14 -> 2026101 | I15: =I14 -> 2026102
A16: =A15 -> 2026101 | I16: =I15 -> 2026102
A17: =A16 -> 2026101 | I17: =I16 -> 2026102
... A104: =A103 -> 2026101 | I104: =I103 -> 2026102

Sheet Reversiones
E3: 2.5.3. INFORMES DE RECAUDO | R3: 2.5.3. INFORMES DE RECAUDO
E4: R2 - INFORME DE CONCILIACION DE RECAUDOS | R4: R2 - INFORME DE CONCILIACION DE RECAUDOS
E5: CONCILIACION DIARIA DE RECAUDO REVERSIONES | R5: CONCILIACION DIARIA DE RECAUDO REVERSIONES
B8: QUINCENA | C8: ='Pendientes por Identificar'!D3 -> 2026101 | O8: QUINCENA | P8: ='Pendientes por Identificar'!L3 -> 2026102
E9: =SUM(E11:E1048576) -> 0 | F9: =SUM(F11:F1048576) -> 0 | G9: =SUM(G11:G1048576) -> 0 | H9: =SUM(H11:H1048576) -> 0 | I9: =SUM(I11:I1048576) -> 0 | J9: =SUM(J11:J1048576) -> 0 | R9: =SUM(R11:R1048576) -> 0 | S9: =SUM(S11:S1048576) -> 0 | T9: =SUM(T11:T1048576) -> 0 | U9: =SUM(U11:U1048576) -> 0 | V9: =SUM(V11:V1048576) -> 0 | W9: =SUM(W11:W1048576) -> 0
B10: Fecha de Reversion | C10: Fecha de Recaudo | D10: Entidad que reporto. | E10: ASE 1 Valor | F10: ASE 2 Valor | G10: ASE 3 Valor | H10: ASE 4 Valor | I10: ASE 5 Valor | J10: Valor Reversado | K10: Cuenta Contrato Reversada | L10: Cuenta Contrato Destino | O10: Fecha de Reversion | P10: Fecha de Recaudo | Q10: Entidad que reporto. | R10: ASE 1 Valor | S10: ASE 2 Valor | T10: ASE 3 Valor | U10: ASE 4 Valor | V10: ASE 5 Valor | W10: Valor Reversado | X10: Cuenta Contrato Reversada | Y10: Cuenta Contrato Destino
J11: =SUM(E11:I11) -> 0 | W11: =SUM(R11:V11) -> 0
J12: =SUM(E12:I12) -> 0 | W12: =SUM(R12:V12) -> 0
W13: =SUM(R13:V13) -> 0
J14: =SUM(E14:I14) -> 0 | W14: =SUM(R14:V14) -> 0
J15: =SUM(E15:I15) -> 0 | W15: =SUM(R15:V15) -> 0
J16: =SUM(E16:I16) -> 0 | W16: =SUM(R16:V16) -> 0
J17: =SUM(E17:I17) -> 0 | W17: =SUM(R17:V17) -> 0
J18: =SUM(E18:I18) -> 0 | W18: =SUM(R18:V18) -> 0
J19: =SUM(E19:I19) -> 0 | W19: =SUM(R19:V19) -> 0
J20: =SUM(E20:I20) -> 0 | W20: =SUM(R20:V20) -> 0
J21: =SUM(E21:I21) -> 0 | W21: =SUM(R21:V21) -> 0
J22: =SUM(E22:I22) -> 0 | W22: =SUM(R22:V22) -> 0
J23: =SUM(E23:I23) -> 0 | W23: =SUM(R23:V23) -> 0
J24: =SUM(E24:I24) -> 0 | W24: =SUM(R24:V24) -> 0
J25: =SUM(E25:I25) -> 0 | W25: =SUM(R25:V25) -> 0
... J51: =SUM(E51:I51) -> 0 | W51: =SUM(R51:V51) -> 0
J52: =SUM(E52:I52) -> 0
J53: =SUM(E53:I53) -> 0
J54: =SUM(E54:I54) -> 0
J55: =SUM(E55:I55) -> 0
J56: =SUM(E56:I56) -> 0
J57: =SUM(E57:I57) -> 0
J58: =SUM(E58:I58) -> 0
J59: =SUM(E59:I59) -> 0
J60: =SUM(E60:I60) -> 0
J61: =SUM(E61:I61) -> 0
J62: =SUM(E62:I62) -> 0
J63: =SUM(E63:I63) -> 0
... J74: =SUM(E74:I74) -> 0

Sheet Códigos Banco
B3: Código BC | C3: Nombre Banco | D3: Cuenta Bancaria | F3: Código CR | G3: Canal Recaudo
B4: 1 | C4: Bogotá | D4: 000344531 | F4: 1 | G4: Oficinas | I4: Recaudo directamente en las cajas de los bancos
B5: 2 | C5: Popular | D5: 110025169335 | F5: 2 | G5: Medios Electrónicos - ATH | I5: Cajeros electrónicos,
B6: 6 | C6: CorpBanca | F6: 3 | G6: Baloto | I6: Red de Baloto
B7: 9 | C7: Citibank | D7: 20935235 | F7: 4 | G7: Servibanca | I7: Cajeros electrónicos de Servibanca
B8: 12 | C8: Sudameris | D8: 100004720 | F8: 5 | G8: Cades | I8: Recaudo en los CADES
B9: 19 | C9: Colpatria | D9: 0121016133 | F9: 6 | G9: Cencosud | I9: Recaudo en Cencosud - Jumbo
B10: 23 | C10: Occidente | D10: 256957093 | F10: 7 | G10: Domiciliación - MPD | I10: Debitos automáticos de cuenta bientes - mis pagos al día
B11: 32 | C11: Caja Social | D11: 21003672665 | F11: 8 | G11: Multilinea | I11: recaudo por internet
B12: 51 | C12: Davivienda | D12: 481869999260 | F12: 9 | G12: Credivisa | I12: Recaudo con tarjeta de crédito en las cajas de la EAAB
B13: 52 | C13: Av Villas | D13: 059027227 | F13: 10 | G13: Redeban | I13: Medio electrónicos,
B14: 7 | C14: Bancolombia | F14: 11 | G14: Pse | I14: Página Web de la EAAB
B15: 13 | C15: BBVA | F15: 12 | G15: H23 Directa - CNB - Baloto - Éxito
B16: 14 | C16: Helm Bank - ITAÚ | F16: 13 | G16: T23 Directa - Transferencias
B17: 24 | C17: Efectivo | F17: 14 | G17: O23 Directa - Oficinas
B18: 40 | C18: Agrario
B19: 60 | C19: Pichincha
B20: 116 | C20: Ersco
B21: 130 | C21: Caja especial de recaudo
B22: 23D | C22: Occidente - Directa | D22: 230887267
B23: 200 | C23: Ciudad Limpia - Prestador | D23: N/A
B24: 201 | C24: EAAB - Prestador | D24: N/A

Sheet Conciliación
B2: =SUMAR.SI.CONJUNTO('[Directa 112019.xlsx]EXTEMPORANEOS'!$Q:$Q;'[Directa 112019.xlsx]EXTEMPORANEOS'!$C:$C;2019112;
B3: '[Directa 112019.xlsx]EXTEMPORANEOS'!$D:$D;C2;'[Directa 112019.xlsx]EXTEMPORANEOS'!$H:$H;IZQUIERDA(A2;3)&"*")

Sheet 1_Oportuno Directa Bco Occident
C1: =OPORTUNO!C1 -> 2026101 | J1: =J16+J20+J24+J28+J32+J36+J40+J44+J48+J52+J56+J60+J64+J68+J72 -> 1616 | K1: =K16+K20+K24+K28+K32+K36+K40+K44+K48+K52+K56+K60+K64+K68+K72 -> 322739090 | L1: =L16+L20+L24+L28+L32+L36+L40+L44+L48+L52+L56+L60+L64+L68+L72 -> 3964 | M1: =M16+M20+M24+M28+M32+M36+M40+M44+M48+M52+M56+M60+M64+M68+M72 -> 839789795 | N1: =N16+N20+N24+N28+N32+N36+N40+N44+N48+N52+N56+N60+N64+N68+N72 -> 1376 | O1: =O16+O20+O24+O28+O32+O36+O40+O44+O48+O52+O56+O60+O64+O68+O72 -> 417500887 | P1: =P16+P20+P24+P28+P32+P36+P40+P44+P48+P52+P56+P60+P64+P68+P72 -> 2591 | Q1: =Q16+Q20+Q24+Q28+Q32+Q36+Q40+Q44+Q48+Q52+Q56+Q60+Q64+Q68+Q72 -> 481464262 | ... Y1: =Y16+Y20+Y24+Y28+Y32+Y36+Y40+Y44+Y48+Y52+Y56+Y60+Y64+Y68+Y72 -> 0 | AC1: =C1=OPORTUNO!C1 -> TRUE | AD1: =D1=OPORTUNO!D1 -> TRUE | AE1: =E1=OPORTUNO!E1 -> TRUE | AF1: =F1=OPORTUNO!F1 -> TRUE | AG1: =G1=OPORTUNO!G1 -> TRUE | AH1: =H1=OPORTUNO!H1 -> TRUE | AI1: =I1=OPORTUNO!I1 -> TRUE | AJ1: =J1=OPORTUNO!J1 -> TRUE | ... AY1: =Y1=OPORTUNO!Y1 -> TRUE
C2: =OPORTUNO!C2 -> 2026102 | J2: =J76+J80+J84+J88+J92+J96+J100+J104+J108+J112+J116+J120+J124+J128+J132+J136 -> 666 | K2: =K76+K80+K84+K88+K92+K96+K100+K104+K108+K112+K116+K120+K124+K128+K132+K136 -> 186382057 | L2: =L76+L80+L84+L88+L92+L96+L100+L104+L108+L112+L116+L120+L124+L128+L132+L136 -> 1755 | M2: =M76+M80+M84+M88+M92+M96+M100+M104+M108+M112+M116+M120+M124+M128+M132+M136 -> 338362203 | N2: =N76+N80+N84+N88+N92+N96+N100+N104+N108+N112+N116+N120+N124+N128+N132+N136 -> 620 | O2: =O76+O80+O84+O88+O92+O96+O100+O104+O108+O112+O116+O120+O124+O128+O132+O136 -> 175516493 | P2: =P76+P80+P84+P88+P92+P96+P100+P104+P108+P112+P116+P120+P124+P128+P132+P136 -> 1098 | Q2: =Q76+Q80+Q84+Q88+Q92+Q96+Q100+Q104+Q108+Q112+Q116+Q120+Q124+Q128+Q132+Q136 -> 193541612 | ... Y2: =Y76+Y80+Y84+Y88+Y92+Y96+Y100+Y104+Y108+Y112+Y116+Y120+Y124+Y128+Y132+Y136 -> 0 | AC2: =C2=OPORTUNO!C2 -> TRUE | AD2: =D2=OPORTUNO!D2 -> TRUE | AE2: =E2=OPORTUNO!E2 -> TRUE | AF2: =F2=OPORTUNO!F2 -> TRUE | AG2: =G2=OPORTUNO!G2 -> TRUE | AH2: =H2=OPORTUNO!H2 -> TRUE | AI2: =I2=OPORTUNO!I2 -> TRUE | AJ2: =J2=OPORTUNO!J2 -> TRUE | ... AY2: =Y2=OPORTUNO!Y2 -> TRUE
C3: =OPORTUNO!C3 -> 202610 | J3: =SUM(J1:J2) -> 2282 | K3: =SUM(K1:K2) -> 509121147 | L3: =SUM(L1:L2) -> 5719 | M3: =SUM(M1:M2) -> 1178151998 | N3: =SUM(N1:N2) -> 1996 | O3: =SUM(O1:O2) -> 593017380 | P3: =SUM(P1:P2) -> 3689 | Q3: =SUM(Q1:Q2) -> 675005874 | ... Y3: =SUM(Y1:Y2) -> 0 | AC3: =C3=OPORTUNO!C3 -> TRUE | AD3: =D3=OPORTUNO!D3 -> TRUE | AE3: =E3=OPORTUNO!E3 -> TRUE | AF3: =F3=OPORTUNO!F3 -> TRUE | AG3: =G3=OPORTUNO!G3 -> TRUE | AH3: =H3=OPORTUNO!H3 -> TRUE | AI3: =I3=OPORTUNO!I3 -> TRUE | AJ3: =J3=OPORTUNO!J3 -> TRUE | ... AY3: =Y3=OPORTUNO!Y3 -> TRUE
H6: 2.5.3. INFORMES DE RECAUDO
H7: R2 - INFORME DE CONCILIACION DE RECAUDOS
H8: CONCILIACION DIARIA DE RECAUDO OPORTUNO DE DIRECTA
E9: NIT: 901 153 639 - 0
H10: =OPORTUNO!H10 -> OCTUBRE_2026 | K10: Recaudo Oportuno de DIRECTA en Banco de Occidente
B12: FECHA APLICACIÓN | C12: CODIGO REMUNERACIÓN | D12: FECHA RECAUDO | E12: CÓDIGO BC | F12: NOMBRE BANCO | G12: CÓDIGO CR | H12: CANAL RECAUDO | I12: N° CUENTA | J12: ASE 1 N° REGISTROS ARCHIVO | K12: ASE 1 VALOR ARCHIVO | L12: ASE 2 N° REGISTROS ARCHIVO | M12: ASE 2 VALOR ARCHIVO | N12: ASE 3 N° REGISTROS ARCHIVO | O12: ASE 3 VALOR ARCHIVO | P12: ASE 4 N° REGISTROS ARCHIVO | Q12: ASE 4 VALOR ARCHIVO | R12: ASE 5 N° REGISTROS ARCHIVO | S12: ASE 5 VALOR ARCHIVO | T12: TOTAL N° REGISTROS APLICADOS | U12: TOTAL VALOR APLICADO | V12: N° REGISTROS REPORTADOS POR BANCO | W12: VALOR REPORTADO POR BANCO | X12: DIFERENCIA REGISTROS | Y12: DIFERENCIA VALOR
B13: =OPORTUNO!B13 -> 46300 | C13: =OPORTUNO!C13 -> 2026101 | D13: =OPORTUNO!D13 -> 1 | E13: =OPORTUNO!E13 -> 23D | F13: =OPORTUNO!F13 -> Occidente - Directa | G13: =OPORTUNO!G13 -> 12 | H13: =OPORTUNO!H13 -> H23 Directa - CNB - Baloto - Éxito | I13: =OPORTUNO!I13 -> 230887267 | ... Y13: =OPORTUNO!Y13 -> 0
B14: =OPORTUNO!B14 -> 46300 | C14: =OPORTUNO!C14 -> 2026101 | D14: =OPORTUNO!D14 -> 1 | E14: =OPORTUNO!E14 -> 23D | F14: =OPORTUNO!F14 -> Occidente - Directa | G14: =OPORTUNO!G14 -> 13 | H14: =OPORTUNO!H14 -> T23 Directa - Transferencias | I14: =OPORTUNO!I14 -> 230887267 | ... Y14: =OPORTUNO!Y14 -> 0
B15: =OPORTUNO!B15 -> 46300 | C15: =OPORTUNO!C15 -> 2026101 | D15: =OPORTUNO!D15 -> 1 | E15: =OPORTUNO!E15 -> 23D | F15: =OPORTUNO!F15 -> Occidente - Directa | G15: =OPORTUNO!G15 -> 14 | H15: =OPORTUNO!H15 -> O23 Directa - Oficinas | I15: =OPORTUNO!I15 -> 230887267 | ... Y15: =OPORTUNO!Y15 -> 0
C16: =OPORTUNO!C16 -> 2026101 | F16: =OPORTUNO!F16 -> TOTAL | G16: =OPORTUNO!G16 -> 0 | H16: =OPORTUNO!H16 -> 0 | I16: =OPORTUNO!I16 -> 0 | J16: =OPORTUNO!J16 -> 70 | K16: =OPORTUNO!K16 -> 11848814 | L16: =OPORTUNO!L16 -> 229 | M16: =OPORTUNO!M16 -> 47753746 | ... Y16: =OPORTUNO!Y16 -> 0
B17: =OPORTUNO!B17 -> 46300 | C17: =OPORTUNO!C17 -> 2026101 | D17: =OPORTUNO!D17 -> 2 | E17: =OPORTUNO!E17 -> 23D | F17: =OPORTUNO!F17 -> Occidente - Directa | G17: =OPORTUNO!G17 -> 12 | H17: =OPORTUNO!H17 -> H23 Directa - CNB - Baloto - Éxito | I17: =OPORTUNO!I17 -> 230887267 | ... Y17: =OPORTUNO!Y17 -> 0
B18: =OPORTUNO!B18 -> 46300 | C18: =OPORTUNO!C18 -> 2026101 | D18: =OPORTUNO!D18 -> 2 | E18: =OPORTUNO!E18 -> 23D | F18: =OPORTUNO!F18 -> Occidente - Directa | G18: =OPORTUNO!G18 -> 13 | H18: =OPORTUNO!H18 -> T23 Directa - Transferencias | I18: =OPORTUNO!I18 -> 230887267 | ... Y18: =OPORTUNO!Y18 -> 0
B19: =OPORTUNO!B19 -> 46300 | C19: =OPORTUNO!C19 -> 2026101 | D19: =OPORTUNO!D19 -> 2 | E19: =OPORTUNO!E19 -> 23D | F19: =OPORTUNO!F19 -> Occidente - Directa | G19: =OPORTUNO!G19 -> 14 | H19: =OPORTUNO!H19 -> O23 Directa - Oficinas | I19: =OPORTUNO!I19 -> 230887267 | ... Y19: =OPORTUNO!Y19 -> 0
C20: =OPORTUNO!C20 -> 2026101 | F20: =OPORTUNO!F20 -> TOTAL | G20: =OPORTUNO!G20 -> 0 | H20: =OPORTUNO!H20 -> 0 | I20: =OPORTUNO!I20 -> 0 | J20: =OPORTUNO!J20 -> 56 | K20: =OPORTUNO!K20 -> 8778524 | L20: =OPORTUNO!L20 -> 206 | M20: =OPORTUNO!M20 -> 91217744 | ... Y20: =OPORTUNO!Y20 -> 0
B21: =OPORTUNO!B21 -> 46300 | C21: =OPORTUNO!C21 -> 2026101 | D21: =OPORTUNO!D21 -> 3 | E21: =OPORTUNO!E21 -> 23D | F21: =OPORTUNO!F21 -> Occidente - Directa | G21: =OPORTUNO!G21 -> 12 | H21: =OPORTUNO!H21 -> H23 Directa - CNB - Baloto - Éxito | I21: =OPORTUNO!I21 -> 230887267 | ... Y21: =OPORTUNO!Y21 -> 0
B22: =OPORTUNO!B22 -> 46300 | C22: =OPORTUNO!C22 -> 2026101 | D22: =OPORTUNO!D22 -> 3 | E22: =OPORTUNO!E22 -> 23D | F22: =OPORTUNO!F22 -> Occidente - Directa | G22: =OPORTUNO!G22 -> 13 | H22: =OPORTUNO!H22 -> T23 Directa - Transferencias | I22: =OPORTUNO!I22 -> 230887267 | ... Y22: =OPORTUNO!Y22 -> 0
B23: =OPORTUNO!B23 -> 46300 | C23: =OPORTUNO!C23 -> 2026101 | D23: =OPORTUNO!D23 -> 3 | E23: =OPORTUNO!E23 -> 23D | F23: =OPORTUNO!F23 -> Occidente - Directa | G23: =OPORTUNO!G23 -> 14 | H23: =OPORTUNO!H23 -> O23 Directa - Oficinas | I23: =OPORTUNO!I23 -> 230887267 | ... Y23: =OPORTUNO!Y23 -> 0
C24: =OPORTUNO!C24 -> 2026101 | F24: =OPORTUNO!F24 -> TOTAL | G24: =OPORTUNO!G24 -> 0 | H24: =OPORTUNO!H24 -> 0 | I24: =OPORTUNO!I24 -> 0 | J24: =OPORTUNO!J24 -> 2 | K24: =OPORTUNO!K24 -> 64240 | L24: =OPORTUNO!L24 -> 28 | M24: =OPORTUNO!M24 -> 3565580 | ... Y24: =OPORTUNO!Y24 -> 0
B25: =OPORTUNO!B25 -> 46300 | C25: =OPORTUNO!C25 -> 2026101 | D25: =OPORTUNO!D25 -> 4 | E25: =OPORTUNO!E25 -> 23D | F25: =OPORTUNO!F25 -> Occidente - Directa | G25: =OPORTUNO!G25 -> 12 | H25: =OPORTUNO!H25 -> H23 Directa - CNB - Baloto - Éxito | I25: =OPORTUNO!I25 -> 230887267 | ... Y25: =OPORTUNO!Y25 -> 0
B26: =OPORTUNO!B26 -> 46300 | C26: =OPORTUNO!C26 -> 2026101 | D26: =OPORTUNO!D26 -> 4 | E26: =OPORTUNO!E26 -> 23D | F26: =OPORTUNO!F26 -> Occidente - Directa | G26: =OPORTUNO!G26 -> 13 | H26: =OPORTUNO!H26 -> T23 Directa - Transferencias | I26: =OPORTUNO!I26 -> 230887267 | ... Y26: =OPORTUNO!Y26 -> 0
B27: =OPORTUNO!B27 -> 46300 | C27: =OPORTUNO!C27 -> 2026101 | D27: =OPORTUNO!D27 -> 4 | E27: =OPORTUNO!E27 -> 23D | F27: =OPORTUNO!F27 -> Occidente - Directa | G27: =OPORTUNO!G27 -> 14 | H27: =OPORTUNO!H27 -> O23 Directa - Oficinas | I27: =OPORTUNO!I27 -> 230887267 | ... Y27: =OPORTUNO!Y27 -> 0
C28: =OPORTUNO!C28 -> 2026101 | F28: =OPORTUNO!F28 -> TOTAL | G28: =OPORTUNO!G28 -> 0 | H28: =OPORTUNO!H28 -> 0 | I28: =OPORTUNO!I28 -> 0 | J28: =OPORTUNO!J28 -> 0 | K28: =OPORTUNO!K28 -> 0 | L28: =OPORTUNO!L28 -> 10 | M28: =OPORTUNO!M28 -> 1370460 | ... Y28: =OPORTUNO!Y28 -> 0
B29: =OPORTUNO!B29 -> 46301 | C29: =OPORTUNO!C29 -> 2026101 | D29: =OPORTUNO!D29 -> 5 | E29: =OPORTUNO!E29 -> 23D | F29: =OPORTUNO!F29 -> Occidente - Directa | G29: =OPORTUNO!G29 -> 12 | H29: =OPORTUNO!H29 -> H23 Directa - CNB - Baloto - Éxito | I29: =OPORTUNO!I29 -> 230887267 | ... Y29: =OPORTUNO!Y29 -> 0
B30: =OPORTUNO!B30 -> 46301 | C30: =OPORTUNO!C30 -> 2026101 | D30: =OPORTUNO!D30 -> 5 | E30: =OPORTUNO!E30 -> 23D | F30: =OPORTUNO!F30 -> Occidente - Directa | G30: =OPORTUNO!G30 -> 13 | H30: =OPORTUNO!H30 -> T23 Directa - Transferencias | I30: =OPORTUNO!I30 -> 230887267 | ... Y30: =OPORTUNO!Y30 -> 0
B31: =OPORTUNO!B31 -> 46301 | C31: =OPORTUNO!C31 -> 2026101 | D31: =OPORTUNO!D31 -> 5 | E31: =OPORTUNO!E31 -> 23D | F31: =OPORTUNO!F31 -> Occidente - Directa | G31: =OPORTUNO!G31 -> 14 | H31: =OPORTUNO!H31 -> O23 Directa - Oficinas | I31: =OPORTUNO!I31 -> 230887267 | ... Y31: =OPORTUNO!Y31 -> 0
C32: =OPORTUNO!C32 -> 2026101 | F32: =OPORTUNO!F32 -> TOTAL | G32: =OPORTUNO!G32 -> 0 | H32: =OPORTUNO!H32 -> 0 | I32: =OPORTUNO!I32 -> 0 | J32: =OPORTUNO!J32 -> 155 | K32: =OPORTUNO!K32 -> 29976934 | L32: =OPORTUNO!L32 -> 384 | M32: =OPORTUNO!M32 -> 55300510 | ... Y32: =OPORTUNO!Y32 -> 0
B33: =OPORTUNO!B33 -> 46302 | C33: =OPORTUNO!C33 -> 2026101 | D33: =OPORTUNO!D33 -> 6 | E33: =OPORTUNO!E33 -> 23D | F33: =OPORTUNO!F33 -> Occidente - Directa | G33: =OPORTUNO!G33 -> 12 | H33: =OPORTUNO!H33 -> H23 Directa - CNB - Baloto - Éxito | I33: =OPORTUNO!I33 -> 230887267 | ... Y33: =OPORTUNO!Y33 -> 0
B34: =OPORTUNO!B34 -> 46302 | C34: =OPORTUNO!C34 -> 2026101 | D34: =OPORTUNO!D34 -> 6 | E34: =OPORTUNO!E34 -> 23D | F34: =OPORTUNO!F34 -> Occidente - Directa | G34: =OPORTUNO!G34 -> 13 | H34: =OPORTUNO!H34 -> T23 Directa - Transferencias | I34: =OPORTUNO!I34 -> 230887267 | ... Y34: =OPORTUNO!Y34 -> 0
B35: =OPORTUNO!B35 -> 46302 | C35: =OPORTUNO!C35 -> 2026101 | D35: =OPORTUNO!D35 -> 6 | E35: =OPORTUNO!E35 -> 23D | F35: =OPORTUNO!F35 -> Occidente - Directa | G35: =OPORTUNO!G35 -> 14 | H35: =OPORTUNO!H35 -> O23 Directa - Oficinas | I35: =OPORTUNO!I35 -> 230887267 | ... Y35: =OPORTUNO!Y35 -> 0
C36: =OPORTUNO!C36 -> 2026101 | F36: =OPORTUNO!F36 -> TOTAL | G36: =OPORTUNO!G36 -> 0 | H36: =OPORTUNO!H36 -> 0 | I36: =OPORTUNO!I36 -> 0 | J36: =OPORTUNO!J36 -> 158 | K36: =OPORTUNO!K36 -> 28493928 | L36: =OPORTUNO!L36 -> 291 | M36: =OPORTUNO!M36 -> 73798996 | ... Y36: =OPORTUNO!Y36 -> 0
B37: =OPORTUNO!B37 -> 46303 | C37: =OPORTUNO!C37 -> 2026101 | D37: =OPORTUNO!D37 -> 7 | E37: =OPORTUNO!E37 -> 23D | F37: =OPORTUNO!F37 -> Occidente - Directa | G37: =OPORTUNO!G37 -> 12 | H37: =OPORTUNO!H37 -> H23 Directa - CNB - Baloto - Éxito | I37: =OPORTUNO!I37 -> 230887267 | ... Y37: =OPORTUNO!Y37 -> 0
B38: =OPORTUNO!B38 -> 46303 | C38: =OPORTUNO!C38 -> 2026101 | D38: =OPORTUNO!D38 -> 7 | E38: =OPORTUNO!E38 -> 23D | F38: =OPORTUNO!F38 -> Occidente - Directa | G38: =OPORTUNO!G38 -> 13 | H38: =OPORTUNO!H38 -> T23 Directa - Transferencias | I38: =OPORTUNO!I38 -> 230887267 | ... Y38: =OPORTUNO!Y38 -> 0
B39: =OPORTUNO!B39 -> 46303 | C39: =OPORTUNO!C39 -> 2026101 | D39: =OPORTUNO!D39 -> 7 | E39: =OPORTUNO!E39 -> 23D | F39: =OPORTUNO!F39 -> Occidente - Directa | G39: =OPORTUNO!G39 -> 14 | H39: =OPORTUNO!H39 -> O23 Directa - Oficinas | I39: =OPORTUNO!I39 -> 230887267 | ... Y39: =OPORTUNO!Y39 -> 0
C40: =OPORTUNO!C40 -> 2026101 | F40: =OPORTUNO!F40 -> TOTAL | G40: =OPORTUNO!G40 -> 0 | H40: =OPORTUNO!H40 -> 0 | I40: =OPORTUNO!I40 -> 0 | J40: =OPORTUNO!J40 -> 166 | K40: =OPORTUNO!K40 -> 40087183 | L40: =OPORTUNO!L40 -> 295 | M40: =OPORTUNO!M40 -> 43692432 | ... Y40: =OPORTUNO!Y40 -> 0
B41: =OPORTUNO!B41 -> 46304 | C41: =OPORTUNO!C41 -> 2026101 | D41: =OPORTUNO!D41 -> 8 | E41: =OPORTUNO!E41 -> 23D | F41: =OPORTUNO!F41 -> Occidente - Directa | G41: =OPORTUNO!G41 -> 12 | H41: =OPORTUNO!H41 -> H23 Directa - CNB - Baloto - Éxito | I41: =OPORTUNO!I41 -> 230887267 | ... Y41: =OPORTUNO!Y41 -> 0
B42: =OPORTUNO!B42 -> 46304 | C42: =OPORTUNO!C42 -> 2026101 | D42: =OPORTUNO!D42 -> 8 | E42: =OPORTUNO!E42 -> 23D | F42: =OPORTUNO!F42 -> Occidente - Directa | G42: =OPORTUNO!G42 -> 13 | H42: =OPORTUNO!H42 -> T23 Directa - Transferencias | I42: =OPORTUNO!I42 -> 230887267 | ... Y42: =OPORTUNO!Y42 -> 0
B43: =OPORTUNO!B43 -> 46304 | C43: =OPORTUNO!C43 -> 2026101 | D43: =OPORTUNO!D43 -> 8 | E43: =OPORTUNO!E43 -> 23D | F43: =OPORTUNO!F43 -> Occidente - Directa | G43: =OPORTUNO!G43 -> 14 | H43: =OPORTUNO!H43 -> O23 Directa - Oficinas | I43: =OPORTUNO!I43 -> 230887267 | ... Y43: =OPORTUNO!Y43 -> 0
C44: =OPORTUNO!C44 -> 2026101 | F44: =OPORTUNO!F44 -> TOTAL | G44: =OPORTUNO!G44 -> 0 | H44: =OPORTUNO!H44 -> 0 | I44: =OPORTUNO!I44 -> 0 | J44: =OPORTUNO!J44 -> 162 | K44: =OPORTUNO!K44 -> 23327781 | L44: =OPORTUNO!L44 -> 324 | M44: =OPORTUNO!M44 -> 107389208 | ... Y44: =OPORTUNO!Y44 -> 0
B45: =OPORTUNO!B45 -> 46308 | C45: =OPORTUNO!C45 -> 2026101 | D45: =OPORTUNO!D45 -> 9 | E45: =OPORTUNO!E45 -> 23D | F45: =OPORTUNO!F45 -> Occidente - Directa | G45: =OPORTUNO!G45 -> 12 | H45: =OPORTUNO!H45 -> H23 Directa - CNB - Baloto - Éxito | I45: =OPORTUNO!I45 -> 230887267 | ... Y45: =OPORTUNO!Y45 -> 0
B46: =OPORTUNO!B46 -> 46308 | C46: =OPORTUNO!C46 -> 2026101 | D46: =OPORTUNO!D46 -> 9 | E46: =OPORTUNO!E46 -> 23D | F46: =OPORTUNO!F46 -> Occidente - Directa | G46: =OPORTUNO!G46 -> 13 | H46: =OPORTUNO!H46 -> T23 Directa - Transferencias | I46: =OPORTUNO!I46 -> 230887267 | ... Y46: =OPORTUNO!Y46 -> 0
B47: =OPORTUNO!B47 -> 46308 | C47: =OPORTUNO!C47 -> 2026101 | D47: =OPORTUNO!D47 -> 9 | E47: =OPORTUNO!E47 -> 23D | F47: =OPORTUNO!F47 -> Occidente - Directa | G47: =OPORTUNO!G47 -> 14 | H47: =OPORTUNO!H47 -> O23 Directa - Oficinas | I47: =OPORTUNO!I47 -> 230887267 | ... Y47: =OPORTUNO!Y47 -> 0
C48: =OPORTUNO!C48 -> 2026101 | F48: =OPORTUNO!F48 -> TOTAL | G48: =OPORTUNO!G48 -> 0 | H48: =OPORTUNO!H48 -> 0 | I48: =OPORTUNO!I48 -> 0 | J48: =OPORTUNO!J48 -> 133 | K48: =OPORTUNO!K48 -> 36254202 | L48: =OPORTUNO!L48 -> 354 | M48: =OPORTUNO!M48 -> 53006178 | ... Y48: =OPORTUNO!Y48 -> 0
B49: =OPORTUNO!B49 -> 46308 | C49: =OPORTUNO!C49 -> 2026101 | D49: =OPORTUNO!D49 -> 10 | E49: =OPORTUNO!E49 -> 23D | F49: =OPORTUNO!F49 -> Occidente - Directa | G49: =OPORTUNO!G49 -> 12 | H49: =OPORTUNO!H49 -> H23 Directa - CNB - Baloto - Éxito | I49: =OPORTUNO!I49 -> 230887267 | ... Y49: =OPORTUNO!Y49 -> 0
B50: =OPORTUNO!B50 -> 46308 | C50: =OPORTUNO!C50 -> 2026101 | D50: =OPORTUNO!D50 -> 10 | E50: =OPORTUNO!E50 -> 23D | F50: =OPORTUNO!F50 -> Occidente - Directa | G50: =OPORTUNO!G50 -> 13 | H50: =OPORTUNO!H50 -> T23 Directa - Transferencias | I50: =OPORTUNO!I50 -> 230887267 | ... Y50: =OPORTUNO!Y50 -> 0
B51: =OPORTUNO!B51 -> 46308 | C51: =OPORTUNO!C51 -> 2026101 | D51: =OPORTUNO!D51 -> 10 | E51: =OPORTUNO!E51 -> 23D | F51: =OPORTUNO!F51 -> Occidente - Directa | G51: =OPORTUNO!G51 -> 14 | H51: =OPORTUNO!H51 -> O23 Directa - Oficinas | I51: =OPORTUNO!I51 -> 230887267 | ... Y51: =OPORTUNO!Y51 -> 0
C52: =OPORTUNO!C52 -> 2026101 | F52: =OPORTUNO!F52 -> TOTAL | G52: =OPORTUNO!G52 -> 0 | H52: =OPORTUNO!H52 -> 0 | I52: =OPORTUNO!I52 -> 0 | J52: =OPORTUNO!J52 -> 1 | K52: =OPORTUNO!K52 -> 24310 | L52: =OPORTUNO!L52 -> 63 | M52: =OPORTUNO!M52 -> 5003190 | ... Y52: =OPORTUNO!Y52 -> 0
B53: =OPORTUNO!B53 -> 46308 | C53: =OPORTUNO!C53 -> 2026101 | D53: =OPORTUNO!D53 -> 11 | E53: =OPORTUNO!E53 -> 23D | F53: =OPORTUNO!F53 -> Occidente - Directa | G53: =OPORTUNO!G53 -> 12 | H53: =OPORTUNO!H53 -> H23 Directa - CNB - Baloto - Éxito | I53: =OPORTUNO!I53 -> 230887267 | ... Y53: =OPORTUNO!Y53 -> 0
B54: =OPORTUNO!B54 -> 46308 | C54: =OPORTUNO!C54 -> 2026101 | D54: =OPORTUNO!D54 -> 11 | E54: =OPORTUNO!E54 -> 23D | F54: =OPORTUNO!F54 -> Occidente - Directa | G54: =OPORTUNO!G54 -> 13 | H54: =OPORTUNO!H54 -> T23 Directa - Transferencias | I54: =OPORTUNO!I54 -> 230887267 | ... Y54: =OPORTUNO!Y54 -> 0
B55: =OPORTUNO!B55 -> 46308 | C55: =OPORTUNO!C55 -> 2026101 | D55: =OPORTUNO!D55 -> 11 | E55: =OPORTUNO!E55 -> 23D | F55: =OPORTUNO!F55 -> Occidente - Directa | G55: =OPORTUNO!G55 -> 14 | H55: =OPORTUNO!H55 -> O23 Directa - Oficinas | I55: =OPORTUNO!I55 -> 230887267 | ... Y55: =OPORTUNO!Y55 -> 0
C56: =OPORTUNO!C56 -> 2026101 | F56: =OPORTUNO!F56 -> TOTAL | G56: =OPORTUNO!G56 -> 0 | H56: =OPORTUNO!H56 -> 0 | I56: =OPORTUNO!I56 -> 0 | J56: =OPORTUNO!J56 -> 3 | K56: =OPORTUNO!K56 -> 164700 | L56: =OPORTUNO!L56 -> 12 | M56: =OPORTUNO!M56 -> 543680 | ... Y56: =OPORTUNO!Y56 -> 0
B57: =OPORTUNO!B57 -> 46308 | C57: =OPORTUNO!C57 -> 2026101 | D57: =OPORTUNO!D57 -> 12 | E57: =OPORTUNO!E57 -> 23D | F57: =OPORTUNO!F57 -> Occidente - Directa | G57: =OPORTUNO!G57 -> 12 | H57: =OPORTUNO!H57 -> H23 Directa - CNB - Baloto - Éxito | I57: =OPORTUNO!I57 -> 230887267 | ... Y57: =OPORTUNO!Y57 -> 0
B58: =OPORTUNO!B58 -> 46308 | C58: =OPORTUNO!C58 -> 2026101 | D58: =OPORTUNO!D58 -> 12 | E58: =OPORTUNO!E58 -> 23D | F58: =OPORTUNO!F58 -> Occidente - Directa | G58: =OPORTUNO!G58 -> 13 | H58: =OPORTUNO!H58 -> T23 Directa - Transferencias | I58: =OPORTUNO!I58 -> 230887267 | ... Y58: =OPORTUNO!Y58 -> 0
B59: =OPORTUNO!B59 -> 46308 | C59: =OPORTUNO!C59 -> 2026101 | D59: =OPORTUNO!D59 -> 12 | E59: =OPORTUNO!E59 -> 23D | F59: =OPORTUNO!F59 -> Occidente - Directa | G59: =OPORTUNO!G59 -> 14 | H59: =OPORTUNO!H59 -> O23 Directa - Oficinas | I59: =OPORTUNO!I59 -> 230887267 | ... Y59: =OPORTUNO!Y59 -> 0
C60: =OPORTUNO!C60 -> 2026101 | F60: =OPORTUNO!F60 -> TOTAL | G60: =OPORTUNO!G60 -> 0 | H60: =OPORTUNO!H60 -> 0 | I60: =OPORTUNO!I60 -> 0 | J60: =OPORTUNO!J60 -> 0 | K60: =OPORTUNO!K60 -> 0 | L60: =OPORTUNO!L60 -> 26 | M60: =OPORTUNO!M60 -> 1185600 | ... Y60: =OPORTUNO!Y60 -> 0
B61: =OPORTUNO!B61 -> 46309 | C61: =OPORTUNO!C61 -> 2026101 | D61: =OPORTUNO!D61 -> 13 | E61: =OPORTUNO!E61 -> 23D | F61: =OPORTUNO!F61 -> Occidente - Directa | G61: =OPORTUNO!G61 -> 12 | H61: =OPORTUNO!H61 -> H23 Directa - CNB - Baloto - Éxito | I61: =OPORTUNO!I61 -> 230887267 | ... Y61: =OPORTUNO!Y61 -> 0
B62: =OPORTUNO!B62 -> 46309 | C62: =OPORTUNO!C62 -> 2026101 | D62: =OPORTUNO!D62 -> 13 | E62: =OPORTUNO!E62 -> 23D | F62: =OPORTUNO!F62 -> Occidente - Directa | G62: =OPORTUNO!G62 -> 13 | H62: =OPORTUNO!H62 -> T23 Directa - Transferencias | I62: =OPORTUNO!I62 -> 230887267 | ... Y62: =OPORTUNO!Y62 -> 0
B63: =OPORTUNO!B63 -> 46309 | C63: =OPORTUNO!C63 -> 2026101 | D63: =OPORTUNO!D63 -> 13 | E63: =OPORTUNO!E63 -> 23D | F63: =OPORTUNO!F63 -> Occidente - Directa | G63: =OPORTUNO!G63 -> 14 | H63: =OPORTUNO!H63 -> O23 Directa - Oficinas | I63: =OPORTUNO!I63 -> 230887267 | ... Y63: =OPORTUNO!Y63 -> 0
C64: =OPORTUNO!C64 -> 2026101 | F64: =OPORTUNO!F64 -> TOTAL | G64: =OPORTUNO!G64 -> 0 | H64: =OPORTUNO!H64 -> 0 | I64: =OPORTUNO!I64 -> 0 | J64: =OPORTUNO!J64 -> 296 | K64: =OPORTUNO!K64 -> 70258827 | L64: =OPORTUNO!L64 -> 723 | M64: =OPORTUNO!M64 -> 166452793 | ... Y64: =OPORTUNO!Y64 -> 0
B65: =OPORTUNO!B65 -> 46310 | C65: =OPORTUNO!C65 -> 2026101 | D65: =OPORTUNO!D65 -> 14 | E65: =OPORTUNO!E65 -> 23D | F65: =OPORTUNO!F65 -> Occidente - Directa | G65: =OPORTUNO!G65 -> 12 | H65: =OPORTUNO!H65 -> H23 Directa - CNB - Baloto - Éxito | I65: =OPORTUNO!I65 -> 230887267 | ... Y65: =OPORTUNO!Y65 -> 0
B66: =OPORTUNO!B66 -> 46310 | C66: =OPORTUNO!C66 -> 2026101 | D66: =OPORTUNO!D66 -> 14 | E66: =OPORTUNO!E66 -> 23D | F66: =OPORTUNO!F66 -> Occidente - Directa | G66: =OPORTUNO!G66 -> 13 | H66: =OPORTUNO!H66 -> T23 Directa - Transferencias | I66: =OPORTUNO!I66 -> 230887267 | ... Y66: =OPORTUNO!Y66 -> 0
B67: =OPORTUNO!B67 -> 46310 | C67: =OPORTUNO!C67 -> 2026101 | D67: =OPORTUNO!D67 -> 14 | E67: =OPORTUNO!E67 -> 23D | F67: =OPORTUNO!F67 -> Occidente - Directa | G67: =OPORTUNO!G67 -> 14 | H67: =OPORTUNO!H67 -> O23 Directa - Oficinas | I67: =OPORTUNO!I67 -> 230887267 | ... Y67: =OPORTUNO!Y67 -> 0
C68: =OPORTUNO!C68 -> 2026101 | F68: =OPORTUNO!F68 -> TOTAL | G68: =OPORTUNO!G68 -> 0 | H68: =OPORTUNO!H68 -> 0 | I68: =OPORTUNO!I68 -> 0 | J68: =OPORTUNO!J68 -> 232 | K68: =OPORTUNO!K68 -> 34725693 | L68: =OPORTUNO!L68 -> 472 | M68: =OPORTUNO!M68 -> 113189141 | ... Y68: =OPORTUNO!Y68 -> 0
B69: =OPORTUNO!B69 -> 46311 | C69: =OPORTUNO!C69 -> 2026101 | D69: =OPORTUNO!D69 -> 15 | E69: =OPORTUNO!E69 -> 23D | F69: =OPORTUNO!F69 -> Occidente - Directa | G69: =OPORTUNO!G69 -> 12 | H69: =OPORTUNO!H69 -> H23 Directa - CNB - Baloto - Éxito | I69: =OPORTUNO!I69 -> 230887267 | ... Y69: =OPORTUNO!Y69 -> 0
B70: =OPORTUNO!B70 -> 46311 | C70: =OPORTUNO!C70 -> 2026101 | D70: =OPORTUNO!D70 -> 15 | E70: =OPORTUNO!E70 -> 23D | F70: =OPORTUNO!F70 -> Occidente - Directa | G70: =OPORTUNO!G70 -> 13 | H70: =OPORTUNO!H70 -> T23 Directa - Transferencias | I70: =OPORTUNO!I70 -> 230887267 | ... Y70: =OPORTUNO!Y70 -> 0
B71: =OPORTUNO!B71 -> 46311 | C71: =OPORTUNO!C71 -> 2026101 | D71: =OPORTUNO!D71 -> 15 | E71: =OPORTUNO!E71 -> 23D | F71: =OPORTUNO!F71 -> Occidente - Directa | G71: =OPORTUNO!G71 -> 14 | H71: =OPORTUNO!H71 -> O23 Directa - Oficinas | I71: =OPORTUNO!I71 -> 230887267 | ... Y71: =OPORTUNO!Y71 -> 0
C72: =OPORTUNO!C72 -> 2026101 | F72: =OPORTUNO!F72 -> TOTAL | G72: =OPORTUNO!G72 -> 0 | H72: =OPORTUNO!H72 -> 0 | I72: =OPORTUNO!I72 -> 0 | J72: =OPORTUNO!J72 -> 182 | K72: =OPORTUNO!K72 -> 38733954 | L72: =OPORTUNO!L72 -> 547 | M72: =OPORTUNO!M72 -> 76320537 | ... Y72: =OPORTUNO!Y72 -> 0
B73: =OPORTUNO!B73 -> 46314 | C73: =OPORTUNO!C73 -> 2026102 | D73: =OPORTUNO!D73 -> 16 | E73: =OPORTUNO!E73 -> 23D | F73: =OPORTUNO!F73 -> Occidente - Directa | G73: =OPORTUNO!G73 -> 12 | H73: =OPORTUNO!H73 -> H23 Directa - CNB - Baloto - Éxito | I73: =OPORTUNO!I73 -> 230887267 | ... Y73: =OPORTUNO!Y73 -> 0
B74: =OPORTUNO!B74 -> 46314 | C74: =OPORTUNO!C74 -> 2026102 | D74: =OPORTUNO!D74 -> 16 | E74: =OPORTUNO!E74 -> 23D | F74: =OPORTUNO!F74 -> Occidente - Directa | G74: =OPORTUNO!G74 -> 13 | H74: =OPORTUNO!H74 -> T23 Directa - Transferencias | I74: =OPORTUNO!I74 -> 230887267 | ... Y74: =OPORTUNO!Y74 -> 0
B75: =OPORTUNO!B75 -> 46314 | C75: =OPORTUNO!C75 -> 2026102 | D75: =OPORTUNO!D75 -> 16 | E75: =OPORTUNO!E75 -> 23D | F75: =OPORTUNO!F75 -> Occidente - Directa | G75: =OPORTUNO!G75 -> 14 | H75: =OPORTUNO!H75 -> O23 Directa - Oficinas | I75: =OPORTUNO!I75 -> 230887267 | ... Y75: =OPORTUNO!Y75 -> 0
C76: =OPORTUNO!C76 -> 2026102 | F76: =OPORTUNO!F76 -> TOTAL | G76: =OPORTUNO!G76 -> 0 | H76: =OPORTUNO!H76 -> 0 | I76: =OPORTUNO!I76 -> 0 | J76: =OPORTUNO!J76 -> 313 | K76: =OPORTUNO!K76 -> 84425969 | L76: =OPORTUNO!L76 -> 569 | M76: =OPORTUNO!M76 -> 148014154 | ... Y76: =OPORTUNO!Y76 -> 0
B77: =OPORTUNO!B77 -> 46314 | C77: =OPORTUNO!C77 -> 2026102 | D77: =OPORTUNO!D77 -> 17 | E77: =OPORTUNO!E77 -> 23D | F77: =OPORTUNO!F77 -> Occidente - Directa | G77: =OPORTUNO!G77 -> 12 | H77: =OPORTUNO!H77 -> H23 Directa - CNB - Baloto - Éxito | I77: =OPORTUNO!I77 -> 230887267 | ... Y77: =OPORTUNO!Y77 -> 0
B78: =OPORTUNO!B78 -> 46314 | C78: =OPORTUNO!C78 -> 2026102 | D78: =OPORTUNO!D78 -> 17 | E78: =OPORTUNO!E78 -> 23D | F78: =OPORTUNO!F78 -> Occidente - Directa | G78: =OPORTUNO!G78 -> 13 | H78: =OPORTUNO!H78 -> T23 Directa - Transferencias | I78: =OPORTUNO!I78 -> 230887267 | ... Y78: =OPORTUNO!Y78 -> 0
B79: =OPORTUNO!B79 -> 46314 | C79: =OPORTUNO!C79 -> 2026102 | D79: =OPORTUNO!D79 -> 17 | E79: =OPORTUNO!E79 -> 23D | F79: =OPORTUNO!F79 -> Occidente - Directa | G79: =OPORTUNO!G79 -> 14 | H79: =OPORTUNO!H79 -> O23 Directa - Oficinas | I79: =OPORTUNO!I79 -> 230887267 | ... Y79: =OPORTUNO!Y79 -> 0
C80: =OPORTUNO!C80 -> 2026102 | F80: =OPORTUNO!F80 -> TOTAL | G80: =OPORTUNO!G80 -> 0 | H80: =OPORTUNO!H80 -> 0 | I80: =OPORTUNO!I80 -> 0 | J80: =OPORTUNO!J80 -> 8 | K80: =OPORTUNO!K80 -> 357780 | L80: =OPORTUNO!L80 -> 140 | M80: =OPORTUNO!M80 -> 11225970 | ... Y80: =OPORTUNO!Y80 -> 0
B81: =OPORTUNO!B81 -> 46314 | C81: =OPORTUNO!C81 -> 2026102 | D81: =OPORTUNO!D81 -> 18 | E81: =OPORTUNO!E81 -> 23D | F81: =OPORTUNO!F81 -> Occidente - Directa | G81: =OPORTUNO!G81 -> 12 | H81: =OPORTUNO!H81 -> H23 Directa - CNB - Baloto - Éxito | I81: =OPORTUNO!I81 -> 230887267 | ... Y81: =OPORTUNO!Y81 -> 0
B82: =OPORTUNO!B82 -> 46314 | C82: =OPORTUNO!C82 -> 2026102 | D82: =OPORTUNO!D82 -> 18 | E82: =OPORTUNO!E82 -> 23D | F82: =OPORTUNO!F82 -> Occidente - Directa | G82: =OPORTUNO!G82 -> 13 | H82: =OPORTUNO!H82 -> T23 Directa - Transferencias | I82: =OPORTUNO!I82 -> 230887267 | ... Y82: =OPORTUNO!Y82 -> 0
B83: =OPORTUNO!B83 -> 46314 | C83: =OPORTUNO!C83 -> 2026102 | D83: =OPORTUNO!D83 -> 18 | E83: =OPORTUNO!E83 -> 23D | F83: =OPORTUNO!F83 -> Occidente - Directa | G83: =OPORTUNO!G83 -> 14 | H83: =OPORTUNO!H83 -> O23 Directa - Oficinas | I83: =OPORTUNO!I83 -> 230887267 | ... Y83: =OPORTUNO!Y83 -> 0
C84: =OPORTUNO!C84 -> 2026102 | F84: =OPORTUNO!F84 -> TOTAL | G84: =OPORTUNO!G84 -> 0 | H84: =OPORTUNO!H84 -> 0 | I84: =OPORTUNO!I84 -> 0 | J84: =OPORTUNO!J84 -> 2 | K84: =OPORTUNO!K84 -> 71560 | L84: =OPORTUNO!L84 -> 32 | M84: =OPORTUNO!M84 -> 2008780 | ... Y84: =OPORTUNO!Y84 -> 0
B85: =OPORTUNO!B85 -> 46315 | C85: =OPORTUNO!C85 -> 2026102 | D85: =OPORTUNO!D85 -> 19 | E85: =OPORTUNO!E85 -> 23D | F85: =OPORTUNO!F85 -> Occidente - Directa | G85: =OPORTUNO!G85 -> 12 | H85: =OPORTUNO!H85 -> H23 Directa - CNB - Baloto - Éxito | I85: =OPORTUNO!I85 -> 230887267 | ... Y85: =OPORTUNO!Y85 -> 0
B86: =OPORTUNO!B86 -> 46315 | C86: =OPORTUNO!C86 -> 2026102 | D86: =OPORTUNO!D86 -> 19 | E86: =OPORTUNO!E86 -> 23D | F86: =OPORTUNO!F86 -> Occidente - Directa | G86: =OPORTUNO!G86 -> 13 | H86: =OPORTUNO!H86 -> T23 Directa - Transferencias | I86: =OPORTUNO!I86 -> 230887267 | ... Y86: =OPORTUNO!Y86 -> 0
B87: =OPORTUNO!B87 -> 46315 | C87: =OPORTUNO!C87 -> 2026102 | D87: =OPORTUNO!D87 -> 19 | E87: =OPORTUNO!E87 -> 23D | F87: =OPORTUNO!F87 -> Occidente - Directa | G87: =OPORTUNO!G87 -> 14 | H87: =OPORTUNO!H87 -> O23 Directa - Oficinas | I87: =OPORTUNO!I87 -> 230887267 | ... Y87: =OPORTUNO!Y87 -> 0
C88: =OPORTUNO!C88 -> 2026102 | F88: =OPORTUNO!F88 -> TOTAL | G88: =OPORTUNO!G88 -> 0 | H88: =OPORTUNO!H88 -> 0 | I88: =OPORTUNO!I88 -> 0 | J88: =OPORTUNO!J88 -> 343 | K88: =OPORTUNO!K88 -> 101526748 | L88: =OPORTUNO!L88 -> 1014 | M88: =OPORTUNO!M88 -> 177113299 | ... Y88: =OPORTUNO!Y88 -> 0
B89: =OPORTUNO!B89 -> 0 | C89: =OPORTUNO!C89 -> 2026102 | D89: =OPORTUNO!D89 -> 20 | E89: =OPORTUNO!E89 -> 23D | F89: =OPORTUNO!F89 -> Occidente - Directa | G89: =OPORTUNO!G89 -> 12 | H89: =OPORTUNO!H89 -> H23 Directa - CNB - Baloto - Éxito | I89: =OPORTUNO!I89 -> 230887267 | ... Y89: =OPORTUNO!Y89 -> 0
B90: =OPORTUNO!B90 -> 0 | C90: =OPORTUNO!C90 -> 2026102 | D90: =OPORTUNO!D90 -> 20 | E90: =OPORTUNO!E90 -> 23D | F90: =OPORTUNO!F90 -> Occidente - Directa | G90: =OPORTUNO!G90 -> 13 | H90: =OPORTUNO!H90 -> T23 Directa - Transferencias | I90: =OPORTUNO!I90 -> 230887267 | ... Y90: =OPORTUNO!Y90 -> 0
B91: =OPORTUNO!B91 -> 0 | C91: =OPORTUNO!C91 -> 2026102 | D91: =OPORTUNO!D91 -> 20 | E91: =OPORTUNO!E91 -> 23D | F91: =OPORTUNO!F91 -> Occidente - Directa | G91: =OPORTUNO!G91 -> 14 | H91: =OPORTUNO!H91 -> O23 Directa - Oficinas | I91: =OPORTUNO!I91 -> 230887267 | ... Y91: =OPORTUNO!Y91 -> 0
C92: =OPORTUNO!C92 -> 2026102 | F92: =OPORTUNO!F92 -> TOTAL | G92: =OPORTUNO!G92 -> 0 | H92: =OPORTUNO!H92 -> 0 | I92: =OPORTUNO!I92 -> 0 | J92: =OPORTUNO!J92 -> 0 | K92: =OPORTUNO!K92 -> 0 | L92: =OPORTUNO!L92 -> 0 | M92: =OPORTUNO!M92 -> 0 | ... Y92: =OPORTUNO!Y92 -> 0
B93: =OPORTUNO!B93 -> 0 | C93: =OPORTUNO!C93 -> 2026102 | D93: =OPORTUNO!D93 -> 21 | E93: =OPORTUNO!E93 -> 23D | F93: =OPORTUNO!F93 -> Occidente - Directa | G93: =OPORTUNO!G93 -> 12 | H93: =OPORTUNO!H93 -> H23 Directa - CNB - Baloto - Éxito | I93: =OPORTUNO!I93 -> 230887267 | ... Y93: =OPORTUNO!Y93 -> 0
B94: =OPORTUNO!B94 -> 0 | C94: =OPORTUNO!C94 -> 2026102 | D94: =OPORTUNO!D94 -> 21 | E94: =OPORTUNO!E94 -> 23D | F94: =OPORTUNO!F94 -> Occidente - Directa | G94: =OPORTUNO!G94 -> 13 | H94: =OPORTUNO!H94 -> T23 Directa - Transferencias | I94: =OPORTUNO!I94 -> 230887267 | ... Y94: =OPORTUNO!Y94 -> 0
B95: =OPORTUNO!B95 -> 0 | C95: =OPORTUNO!C95 -> 2026102 | D95: =OPORTUNO!D95 -> 21 | E95: =OPORTUNO!E95 -> 23D | F95: =OPORTUNO!F95 -> Occidente - Directa | G95: =OPORTUNO!G95 -> 14 | H95: =OPORTUNO!H95 -> O23 Directa - Oficinas | I95: =OPORTUNO!I95 -> 230887267 | ... Y95: =OPORTUNO!Y95 -> 0
C96: =OPORTUNO!C96 -> 2026102 | F96: =OPORTUNO!F96 -> TOTAL | G96: =OPORTUNO!G96 -> 0 | H96: =OPORTUNO!H96 -> 0 | I96: =OPORTUNO!I96 -> 0 | J96: =OPORTUNO!J96 -> 0 | K96: =OPORTUNO!K96 -> 0 | L96: =OPORTUNO!L96 -> 0 | M96: =OPORTUNO!M96 -> 0 | ... Y96: =OPORTUNO!Y96 -> 0
B97: =OPORTUNO!B97 -> 0 | C97: =OPORTUNO!C97 -> 2026102 | D97: =OPORTUNO!D97 -> 22 | E97: =OPORTUNO!E97 -> 23D | F97: =OPORTUNO!F97 -> Occidente - Directa | G97: =OPORTUNO!G97 -> 12 | H97: =OPORTUNO!H97 -> H23 Directa - CNB - Baloto - Éxito | I97: =OPORTUNO!I97 -> 230887267 | ... Y97: =OPORTUNO!Y97 -> 0
B98: =OPORTUNO!B98 -> 0 | C98: =OPORTUNO!C98 -> 2026102 | D98: =OPORTUNO!D98 -> 22 | E98: =OPORTUNO!E98 -> 23D | F98: =OPORTUNO!F98 -> Occidente - Directa | G98: =OPORTUNO!G98 -> 13 | H98: =OPORTUNO!H98 -> T23 Directa - Transferencias | I98: =OPORTUNO!I98 -> 230887267 | ... Y98: =OPORTUNO!Y98 -> 0
B99: =OPORTUNO!B99 -> 0 | C99: =OPORTUNO!C99 -> 2026102 | D99: =OPORTUNO!D99 -> 22 | E99: =OPORTUNO!E99 -> 23D | F99: =OPORTUNO!F99 -> Occidente - Directa | G99: =OPORTUNO!G99 -> 14 | H99: =OPORTUNO!H99 -> O23 Directa - Oficinas | I99: =OPORTUNO!I99 -> 230887267 | ... Y99: =OPORTUNO!Y99 -> 0
C100: =OPORTUNO!C100 -> 2026102 | F100: =OPORTUNO!F100 -> TOTAL | G100: =OPORTUNO!G100 -> 0 | H100: =OPORTUNO!H100 -> 0 | I100: =OPORTUNO!I100 -> 0 | J100: =OPORTUNO!J100 -> 0 | K100: =OPORTUNO!K100 -> 0 | L100: =OPORTUNO!L100 -> 0 | M100: =OPORTUNO!M100 -> 0 | ... Y100: =OPORTUNO!Y100 -> 0
B101: =OPORTUNO!B101 -> 0 | C101: =OPORTUNO!C101 -> 2026102 | D101: =OPORTUNO!D101 -> 23 | E101: =OPORTUNO!E101 -> 23D | F101: =OPORTUNO!F101 -> Occidente - Directa | G101: =OPORTUNO!G101 -> 12 | H101: =OPORTUNO!H101 -> H23 Directa - CNB - Baloto - Éxito | I101: =OPORTUNO!I101 -> 230887267 | ... Y101: =OPORTUNO!Y101 -> 0
B102: =OPORTUNO!B102 -> 0 | C102: =OPORTUNO!C102 -> 2026102 | D102: =OPORTUNO!D102 -> 23 | E102: =OPORTUNO!E102 -> 23D | F102: =OPORTUNO!F102 -> Occidente - Directa | G102: =OPORTUNO!G102 -> 13 | H102: =OPORTUNO!H102 -> T23 Directa - Transferencias | I102: =OPORTUNO!I102 -> 230887267 | ... Y102: =OPORTUNO!Y102 -> 0
B103: =OPORTUNO!B103 -> 0 | C103: =OPORTUNO!C103 -> 2026102 | D103: =OPORTUNO!D103 -> 23 | E103: =OPORTUNO!E103 -> 23D | F103: =OPORTUNO!F103 -> Occidente - Directa | G103: =OPORTUNO!G103 -> 14 | H103: =OPORTUNO!H103 -> O23 Directa - Oficinas | I103: =OPORTUNO!I103 -> 230887267 | ... Y103: =OPORTUNO!Y103 -> 0
...

Sheet 2_Extemporaneo Directa Bco Occi
C1: =EXTEMPORANEOS!C1 -> 2026101 | J1: =SUM(J13:J78) -> #REF! | K1: =SUM(K13:K78) -> #REF! | L1: =SUM(L13:L78) -> #REF! | M1: =SUM(M13:M78) -> #REF! | N1: =SUM(N13:N78) -> #REF! | O1: =SUM(O13:O78) -> #REF! | P1: =SUM(P13:P78) -> #REF! | Q1: =SUM(Q13:Q78) -> #REF! | ... Y1: =SUM(Y13:Y78) -> #REF! | AD1: =C1=EXTEMPORANEOS!C1 -> TRUE | AE1: =D1=EXTEMPORANEOS!D1 -> TRUE | AF1: =E1=EXTEMPORANEOS!E1 -> TRUE | AG1: =F1=EXTEMPORANEOS!F1 -> TRUE | AH1: =G1=EXTEMPORANEOS!G1 -> TRUE | AI1: =H1=EXTEMPORANEOS!H1 -> TRUE | AJ1: =I1=EXTEMPORANEOS!I1 -> TRUE | AK1: =J1=EXTEMPORANEOS!J1 -> #REF! | ... AZ1: =Y1=EXTEMPORANEOS!Y1 -> #REF!
C2: =EXTEMPORANEOS!C2 -> 2026102 | J2: =SUM(J83:J164) -> 106 | K2: =SUM(K83:K164) -> 21888196 | L2: =SUM(L83:L164) -> 27 | M2: =SUM(M83:M164) -> 49312788 | N2: =SUM(N83:N164) -> 3 | O2: =SUM(O83:O164) -> 1810000 | P2: =SUM(P83:P164) -> 10 | Q2: =SUM(Q83:Q164) -> 560460 | ... Y2: =SUM(Y83:Y164) -> 0 | AD2: =C2=EXTEMPORANEOS!C2 -> TRUE | AE2: =D2=EXTEMPORANEOS!D2 -> TRUE | AF2: =E2=EXTEMPORANEOS!E2 -> TRUE | AG2: =F2=EXTEMPORANEOS!F2 -> TRUE | AH2: =G2=EXTEMPORANEOS!G2 -> TRUE | AI2: =H2=EXTEMPORANEOS!H2 -> TRUE | AJ2: =I2=EXTEMPORANEOS!I2 -> TRUE | AK2: =J2=EXTEMPORANEOS!J2 -> TRUE | ... AZ2: =Y2=EXTEMPORANEOS!Y2 -> TRUE
C3: =EXTEMPORANEOS!C3 -> 202610 | J3: =SUM(J1:J2) -> #REF! | K3: =SUM(K1:K2) -> #REF! | L3: =SUM(L1:L2) -> #REF! | M3: =SUM(M1:M2) -> #REF! | N3: =SUM(N1:N2) -> #REF! | O3: =SUM(O1:O2) -> #REF! | P3: =SUM(P1:P2) -> #REF! | Q3: =SUM(Q1:Q2) -> #REF! | ... Y3: =SUM(Y1:Y2) -> #REF! | AD3: =C3=EXTEMPORANEOS!C3 -> TRUE | AE3: =D3=EXTEMPORANEOS!D3 -> TRUE | AF3: =E3=EXTEMPORANEOS!E3 -> TRUE | AG3: =F3=EXTEMPORANEOS!F3 -> TRUE | AH3: =G3=EXTEMPORANEOS!G3 -> TRUE | AI3: =H3=EXTEMPORANEOS!H3 -> TRUE | AJ3: =I3=EXTEMPORANEOS!I3 -> TRUE | AK3: =J3=EXTEMPORANEOS!J3 -> #REF! | ... AZ3: =Y3=EXTEMPORANEOS!Y3 -> #REF!
H6: 2.5.3. INFORMES DE RECAUDO
H7: R2 - INFORME DE CONCILIACION DE RECAUDOS
H8: CONCILIACION DIARIA DE RECAUDO EXTEMPORANEOS DE DIRECTA
E9: NIT: 901 153 639 - 0
H10: =EXTEMPORANEOS!H10 -> OCTUBRE_2026 | K10: Recaudo Extemporaneo de DIRECTA en Banco de Occidente
B12: FECHA APLICACIÓN | C12: CODIGO REMUNERACIÓN | D12: FECHA RECAUDO | E12: CÓDIGO BC | F12: NOMBRE BANCO | G12: CÓDIGO CR | H12: CANAL RECAUDO | I12: N° CUENTA | J12: ASE 1 N° REGISTROS ARCHIVO | K12: ASE 1 VALOR ARCHIVO | L12: ASE 2 N° REGISTROS ARCHIVO | M12: ASE 2 VALOR ARCHIVO | N12: ASE 3 N° REGISTROS ARCHIVO | O12: ASE 3 VALOR ARCHIVO | P12: ASE 4 N° REGISTROS ARCHIVO | Q12: ASE 4 VALOR ARCHIVO | R12: ASE 5 N° REGISTROS ARCHIVO | S12: ASE 5 VALOR ARCHIVO | T12: TOTAL N° REGISTROS APLICADOS | U12: TOTAL VALOR APLICADO | V12: N° REGISTROS REPORTADOS POR BANCO | W12: VALOR REPORTADO POR BANCO | X12: DIFERENCIA REGISTROS | Y12: DIFERENCIA VALOR
B13: =EXTEMPORANEOS!B13 -> 46300 | C13: =EXTEMPORANEOS!C13 -> 2026101 | D13: =EXTEMPORANEOS!D13 -> 46132 | E13: =EXTEMPORANEOS!E13 -> 23D | F13: =EXTEMPORANEOS!F13 -> Occidente - Directa | G13: =EXTEMPORANEOS!G13 -> 13 | H13: =EXTEMPORANEOS!H13 -> T23 Directa - Transferencias | I13: =EXTEMPORANEOS!I13 -> 230887267 | ... Y13: =EXTEMPORANEOS!Y13 -> 0
B14: =EXTEMPORANEOS!B14 -> 46300 | C14: =EXTEMPORANEOS!C14 -> 2026101 | D14: =EXTEMPORANEOS!D14 -> 46255 | E14: =EXTEMPORANEOS!E14 -> 23D | F14: =EXTEMPORANEOS!F14 -> Occidente - Directa | G14: =EXTEMPORANEOS!G14 -> 13 | H14: =EXTEMPORANEOS!H14 -> T23 Directa - Transferencias | I14: =EXTEMPORANEOS!I14 -> 230887267 | ... Y14: =EXTEMPORANEOS!Y14 -> 0
B15: =EXTEMPORANEOS!B15 -> 46300 | C15: =EXTEMPORANEOS!C15 -> 2026101 | D15: =EXTEMPORANEOS!D15 -> 46265 | E15: =EXTEMPORANEOS!E15 -> 23D | F15: =EXTEMPORANEOS!F15 -> Occidente - Directa | G15: =EXTEMPORANEOS!G15 -> 13 | H15: =EXTEMPORANEOS!H15 -> T23 Directa - Transferencias | I15: =EXTEMPORANEOS!I15 -> 230887267 | ... Y15: =EXTEMPORANEOS!Y15 -> 0
B16: =EXTEMPORANEOS!B16 -> 46300 | C16: =EXTEMPORANEOS!C16 -> 2026101 | D16: =EXTEMPORANEOS!D16 -> 46266 | E16: =EXTEMPORANEOS!E16 -> 23D | F16: =EXTEMPORANEOS!F16 -> Occidente - Directa | G16: =EXTEMPORANEOS!G16 -> 13 | H16: =EXTEMPORANEOS!H16 -> T23 Directa - Transferencias | I16: =EXTEMPORANEOS!I16 -> 230887267 | ... Y16: =EXTEMPORANEOS!Y16 -> 0
B17: =EXTEMPORANEOS!B17 -> 46300 | C17: =EXTEMPORANEOS!C17 -> 2026101 | D17: =EXTEMPORANEOS!D17 -> 46267 | E17: =EXTEMPORANEOS!E17 -> 23D | F17: =EXTEMPORANEOS!F17 -> Occidente - Directa | G17: =EXTEMPORANEOS!G17 -> 13 | H17: =EXTEMPORANEOS!H17 -> T23 Directa - Transferencias | I17: =EXTEMPORANEOS!I17 -> 230887267 | ... Y17: =EXTEMPORANEOS!Y17 -> 0
B18: =EXTEMPORANEOS!B18 -> 46300 | C18: =EXTEMPORANEOS!C18 -> 2026101 | D18: =EXTEMPORANEOS!D18 -> 46274 | E18: =EXTEMPORANEOS!E18 -> 23D | F18: =EXTEMPORANEOS!F18 -> Occidente - Directa | G18: =EXTEMPORANEOS!G18 -> 13 | H18: =EXTEMPORANEOS!H18 -> T23 Directa - Transferencias | I18: =EXTEMPORANEOS!I18 -> 230887267 | ... Y18: =EXTEMPORANEOS!Y18 -> 0
B19: =EXTEMPORANEOS!B19 -> 46300 | C19: =EXTEMPORANEOS!C19 -> 2026101 | D19: =EXTEMPORANEOS!D19 -> 46281 | E19: =EXTEMPORANEOS!E19 -> 23D | F19: =EXTEMPORANEOS!F19 -> Occidente - Directa | G19: =EXTEMPORANEOS!G19 -> 13 | H19: =EXTEMPORANEOS!H19 -> T23 Directa - Transferencias | I19: =EXTEMPORANEOS!I19 -> 230887267 | ... Y19: =EXTEMPORANEOS!Y19 -> 0
B20: =EXTEMPORANEOS!B20 -> 46300 | C20: =EXTEMPORANEOS!C20 -> 2026101 | D20: =EXTEMPORANEOS!D20 -> 46283 | E20: =EXTEMPORANEOS!E20 -> 23D | F20: =EXTEMPORANEOS!F20 -> Occidente - Directa | G20: =EXTEMPORANEOS!G20 -> 13 | H20: =EXTEMPORANEOS!H20 -> T23 Directa - Transferencias | I20: =EXTEMPORANEOS!I20 -> 230887267 | ... Y20: =EXTEMPORANEOS!Y20 -> 0
B21: =EXTEMPORANEOS!B21 -> 46300 | C21: =EXTEMPORANEOS!C21 -> 2026101 | D21: =EXTEMPORANEOS!D21 -> 46286 | E21: =EXTEMPORANEOS!E21 -> 23D | F21: =EXTEMPORANEOS!F21 -> Occidente - Directa | G21: =EXTEMPORANEOS!G21 -> 13 | H21: =EXTEMPORANEOS!H21 -> T23 Directa - Transferencias | I21: =EXTEMPORANEOS!I21 -> 230887267 | ... Y21: =EXTEMPORANEOS!Y21 -> 0
B22: =EXTEMPORANEOS!B22 -> 46300 | C22: =EXTEMPORANEOS!C22 -> 2026101 | D22: =EXTEMPORANEOS!D22 -> 46293 | E22: =EXTEMPORANEOS!E22 -> 23D | F22: =EXTEMPORANEOS!F22 -> Occidente - Directa | G22: =EXTEMPORANEOS!G22 -> 13 | H22: =EXTEMPORANEOS!H22 -> T23 Directa - Transferencias | I22: =EXTEMPORANEOS!I22 -> 230887267 | ... Y22: =EXTEMPORANEOS!Y22 -> 0
B23: =EXTEMPORANEOS!B23 -> 46300 | C23: =EXTEMPORANEOS!C23 -> 2026101 | D23: =EXTEMPORANEOS!D23 -> 46294 | E23: =EXTEMPORANEOS!E23 -> 23D | F23: =EXTEMPORANEOS!F23 -> Occidente - Directa | G23: =EXTEMPORANEOS!G23 -> 13 | H23: =EXTEMPORANEOS!H23 -> T23 Directa - Transferencias | I23: =EXTEMPORANEOS!I23 -> 230887267 | ... Y23: =EXTEMPORANEOS!Y23 -> 0
B24: =EXTEMPORANEOS!B24 -> 46300 | C24: =EXTEMPORANEOS!C24 -> 2026101 | D24: =EXTEMPORANEOS!D24 -> 46295 | E24: =EXTEMPORANEOS!E24 -> 23D | F24: =EXTEMPORANEOS!F24 -> Occidente - Directa | G24: =EXTEMPORANEOS!G24 -> 13 | H24: =EXTEMPORANEOS!H24 -> T23 Directa - Transferencias | I24: =EXTEMPORANEOS!I24 -> 230887267 | ... Y24: =EXTEMPORANEOS!Y24 -> 0
... B29: =EXTEMPORANEOS!B29 -> 46304 | C29: =EXTEMPORANEOS!C29 -> 2026101 | D29: =EXTEMPORANEOS!D29 -> 46260 | E29: =EXTEMPORANEOS!E29 -> 23D | F29: =EXTEMPORANEOS!F29 -> Occidente - Directa | G29: =EXTEMPORANEOS!G29 -> 13 | H29: =EXTEMPORANEOS!H29 -> T23 Directa - Transferencias | I29: =EXTEMPORANEOS!I29 -> 230887267 | ... Y29: =EXTEMPORANEOS!Y29 -> 0
B30: =EXTEMPORANEOS!#REF! -> #REF! | C30: =EXTEMPORANEOS!#REF! -> #REF! | D30: =EXTEMPORANEOS!#REF! -> #REF! | E30: =EXTEMPORANEOS!#REF! -> #REF! | F30: =EXTEMPORANEOS!#REF! -> #REF! | G30: =EXTEMPORANEOS!#REF! -> #REF! | H30: =EXTEMPORANEOS!#REF! -> #REF! | I30: =EXTEMPORANEOS!#REF! -> #REF! | ... Y30: =EXTEMPORANEOS!#REF! -> #REF!
B31: =EXTEMPORANEOS!B30 -> 46304 | C31: =EXTEMPORANEOS!C30 -> 2026101 | D31: =EXTEMPORANEOS!D30 -> 46287 | E31: =EXTEMPORANEOS!E30 -> 23D | F31: =EXTEMPORANEOS!F30 -> Occidente - Directa | G31: =EXTEMPORANEOS!G30 -> 13 | H31: =EXTEMPORANEOS!H30 -> T23 Directa - Transferencias | I31: =EXTEMPORANEOS!I30 -> 230887267 | ... Y31: =EXTEMPORANEOS!Y30 -> 0
B32: =EXTEMPORANEOS!B31 -> 46308 | C32: =EXTEMPORANEOS!C31 -> 2026101 | D32: =EXTEMPORANEOS!D31 -> 46282 | E32: =EXTEMPORANEOS!E31 -> 23D | F32: =EXTEMPORANEOS!F31 -> Occidente - Directa | G32: =EXTEMPORANEOS!G31 -> 13 | H32: =EXTEMPORANEOS!H31 -> T23 Directa - Transferencias | I32: =EXTEMPORANEOS!I31 -> 230887267 | ... Y32: =EXTEMPORANEOS!Y31 -> 0
B33: =EXTEMPORANEOS!B32 -> 46279 | C33: =EXTEMPORANEOS!C32 -> 2026101 | D33: =EXTEMPORANEOS!D32 -> 46288 | E33: =EXTEMPORANEOS!E32 -> 23D | F33: =EXTEMPORANEOS!F32 -> Occidente - Directa | G33: =EXTEMPORANEOS!G32 -> 13 | H33: =EXTEMPORANEOS!H32 -> T23 Directa - Transferencias | I33: =EXTEMPORANEOS!I32 -> 230887267 | ... Y33: =EXTEMPORANEOS!Y32 -> 0
B34: =EXTEMPORANEOS!B33 -> 46279 | C34: =EXTEMPORANEOS!C33 -> 2026101 | D34: =EXTEMPORANEOS!D33 -> 46289 | E34: =EXTEMPORANEOS!E33 -> 23D | F34: =EXTEMPORANEOS!F33 -> Occidente - Directa | G34: =EXTEMPORANEOS!G33 -> 13 | H34: =EXTEMPORANEOS!H33 -> T23 Directa - Transferencias | I34: =EXTEMPORANEOS!I33 -> 230887267 | ... Y34: =EXTEMPORANEOS!Y33 -> 0
B35: =EXTEMPORANEOS!B34 -> 46311 | C35: =EXTEMPORANEOS!C34 -> 2026101 | D35: =EXTEMPORANEOS!D34 -> 46076 | E35: =EXTEMPORANEOS!E34 -> 23D | F35: =EXTEMPORANEOS!F34 -> Occidente - Directa | G35: =EXTEMPORANEOS!G34 -> 13 | H35: =EXTEMPORANEOS!H34 -> T23 Directa - Transferencias | I35: =EXTEMPORANEOS!I34 -> 230887267 | ... Y35: =EXTEMPORANEOS!Y34 -> 0
B36: =EXTEMPORANEOS!B35 -> 46311 | C36: =EXTEMPORANEOS!C35 -> 2026101 | D36: =EXTEMPORANEOS!D35 -> 46106 | E36: =EXTEMPORANEOS!E35 -> 23D | F36: =EXTEMPORANEOS!F35 -> Occidente - Directa | G36: =EXTEMPORANEOS!G35 -> 13 | H36: =EXTEMPORANEOS!H35 -> T23 Directa - Transferencias | I36: =EXTEMPORANEOS!I35 -> 230887267 | ... Y36: =EXTEMPORANEOS!Y35 -> 0
B37: =EXTEMPORANEOS!B36 -> 46311 | C37: =EXTEMPORANEOS!C36 -> 2026101 | D37: =EXTEMPORANEOS!D36 -> 46128 | E37: =EXTEMPORANEOS!E36 -> 23D | F37: =EXTEMPORANEOS!F36 -> Occidente - Directa | G37: =EXTEMPORANEOS!G36 -> 13 | H37: =EXTEMPORANEOS!H36 -> T23 Directa - Transferencias | I37: =EXTEMPORANEOS!I36 -> 230887267 | ... Y37: =EXTEMPORANEOS!Y36 -> 0
B38: =EXTEMPORANEOS!B37 -> 46311 | C38: =EXTEMPORANEOS!C37 -> 2026101 | D38: =EXTEMPORANEOS!D37 -> 46157 | E38: =EXTEMPORANEOS!E37 -> 23D | F38: =EXTEMPORANEOS!F37 -> Occidente - Directa | G38: =EXTEMPORANEOS!G37 -> 13 | H38: =EXTEMPORANEOS!H37 -> T23 Directa - Transferencias | I38: =EXTEMPORANEOS!I37 -> 230887267 | ... Y38: =EXTEMPORANEOS!Y37 -> 0
B39: =EXTEMPORANEOS!B38 -> 46311 | C39: =EXTEMPORANEOS!C38 -> 2026101 | D39: =EXTEMPORANEOS!D38 -> 46191 | E39: =EXTEMPORANEOS!E38 -> 23D | F39: =EXTEMPORANEOS!F38 -> Occidente - Directa | G39: =EXTEMPORANEOS!G38 -> 13 | H39: =EXTEMPORANEOS!H38 -> T23 Directa - Transferencias | I39: =EXTEMPORANEOS!I38 -> 230887267 | ... Y39: =EXTEMPORANEOS!Y38 -> 0
B40: =EXTEMPORANEOS!B39 -> 46311 | C40: =EXTEMPORANEOS!C39 -> 2026101 | D40: =EXTEMPORANEOS!D39 -> 46220 | E40: =EXTEMPORANEOS!E39 -> 23D | F40: =EXTEMPORANEOS!F39 -> Occidente - Directa | G40: =EXTEMPORANEOS!G39 -> 13 | H40: =EXTEMPORANEOS!H39 -> T23 Directa - Transferencias | I40: =EXTEMPORANEOS!I39 -> 230887267 | ... Y40: =EXTEMPORANEOS!Y39 -> 0
B41: =EXTEMPORANEOS!B40 -> 46311 | C41: =EXTEMPORANEOS!C40 -> 2026101 | D41: =EXTEMPORANEOS!D40 -> 46254 | E41: =EXTEMPORANEOS!E40 -> 23D | F41: =EXTEMPORANEOS!F40 -> Occidente - Directa | G41: =EXTEMPORANEOS!G40 -> 13 | H41: =EXTEMPORANEOS!H40 -> T23 Directa - Transferencias | I41: =EXTEMPORANEOS!I40 -> 230887267 | ... Y41: =EXTEMPORANEOS!Y40 -> 0
B42: =EXTEMPORANEOS!B41 -> 46311 | C42: =EXTEMPORANEOS!C41 -> 2026101 | D42: =EXTEMPORANEOS!D41 -> 46279 | E42: =EXTEMPORANEOS!E41 -> 23D | F42: =EXTEMPORANEOS!F41 -> Occidente - Directa | G42: =EXTEMPORANEOS!G41 -> 13 | H42: =EXTEMPORANEOS!H41 -> T23 Directa - Transferencias | I42: =EXTEMPORANEOS!I41 -> 230887267 | ... M42: =EXTEMPORANEOS!M41 -> 0 | P42: =EXTEMPORANEOS!P41 -> 0 | Q42: =EXTEMPORANEOS!Q41 -> 0 | R42: =EXTEMPORANEOS!R41 -> 0 | S42: =EXTEMPORANEOS!S41 -> 0 | T42: =EXTEMPORANEOS!T41 -> 4 | U42: =EXTEMPORANEOS!U41 -> 3419680 | V42: =EXTEMPORANEOS!V41 -> 4 | W42: =EXTEMPORANEOS!W41 -> 3419680 | ... Y42: =EXTEMPORANEOS!Y41 -> 0
B43: =EXTEMPORANEOS!B42 -> 0 | C43: =EXTEMPORANEOS!C42 -> 2026101 | D43: =EXTEMPORANEOS!D42 -> 0 | E43: =EXTEMPORANEOS!E42 -> 23D | F43: =EXTEMPORANEOS!F42 -> Occidente - Directa | G43: =EXTEMPORANEOS!G42 -> 13 | H43: =EXTEMPORANEOS!H42 -> T23 Directa - Transferencias | I43: =EXTEMPORANEOS!I42 -> 230887267 | ... Y43: =EXTEMPORANEOS!Y42 -> 0
B44: =EXTEMPORANEOS!B43 -> 0 | C44: =EXTEMPORANEOS!C43 -> 2026101 | D44: =EXTEMPORANEOS!D43 -> 0 | E44: =EXTEMPORANEOS!E43 -> 23D | F44: =EXTEMPORANEOS!F43 -> Occidente - Directa | G44: =EXTEMPORANEOS!G43 -> 13 | H44: =EXTEMPORANEOS!H43 -> T23 Directa - Transferencias | I44: =EXTEMPORANEOS!I43 -> 230887267 | ... Y44: =EXTEMPORANEOS!Y43 -> 0
B45: =EXTEMPORANEOS!B44 -> 0 | C45: =EXTEMPORANEOS!C44 -> 2026101 | D45: =EXTEMPORANEOS!D44 -> 0 | E45: =EXTEMPORANEOS!E44 -> 23D | F45: =EXTEMPORANEOS!F44 -> Occidente - Directa | G45: =EXTEMPORANEOS!G44 -> 13 | H45: =EXTEMPORANEOS!H44 -> T23 Directa - Transferencias | I45: =EXTEMPORANEOS!I44 -> 230887267 | ... Y45: =EXTEMPORANEOS!Y44 -> 0
B46: =EXTEMPORANEOS!B45 -> 0 | C46: =EXTEMPORANEOS!C45 -> 2026101 | D46: =EXTEMPORANEOS!D45 -> 0 | E46: =EXTEMPORANEOS!E45 -> 23D | F46: =EXTEMPORANEOS!F45 -> Occidente - Directa | G46: =EXTEMPORANEOS!G45 -> 13 | H46: =EXTEMPORANEOS!H45 -> T23 Directa - Transferencias | I46: =EXTEMPORANEOS!I45 -> 230887267 | ... Y46: =EXTEMPORANEOS!Y45 -> 0
B47: =EXTEMPORANEOS!B46 -> 0 | C47: =EXTEMPORANEOS!C46 -> 2026101 | D47: =EXTEMPORANEOS!D46 -> 0 | E47: =EXTEMPORANEOS!E46 -> 23D | F47: =EXTEMPORANEOS!F46 -> Occidente - Directa | G47: =EXTEMPORANEOS!G46 -> 13 | H47: =EXTEMPORANEOS!H46 -> T23 Directa - Transferencias | I47: =EXTEMPORANEOS!I46 -> 230887267 | ... Y47: =EXTEMPORANEOS!Y46 -> 0
B48: =EXTEMPORANEOS!B47 -> 0 | C48: =EXTEMPORANEOS!C47 -> 2026101 | D48: =EXTEMPORANEOS!D47 -> 0 | E48: =EXTEMPORANEOS!E47 -> 23D | F48: =EXTEMPORANEOS!F47 -> Occidente - Directa | G48: =EXTEMPORANEOS!G47 -> 13 | H48: =EXTEMPORANEOS!H47 -> T23 Directa - Transferencias | I48: =EXTEMPORANEOS!I47 -> 230887267 | ... Y48: =EXTEMPORANEOS!Y47 -> 0
B49: =EXTEMPORANEOS!B48 -> 0 | C49: =EXTEMPORANEOS!C48 -> 2026101 | D49: =EXTEMPORANEOS!D48 -> 0 | E49: =EXTEMPORANEOS!E48 -> 23D | F49: =EXTEMPORANEOS!F48 -> Occidente - Directa | G49: =EXTEMPORANEOS!G48 -> 13 | H49: =EXTEMPORANEOS!H48 -> T23 Directa - Transferencias | I49: =EXTEMPORANEOS!I48 -> 230887267 | ... Y49: =EXTEMPORANEOS!Y48 -> 0
B50: =EXTEMPORANEOS!B49 -> 0 | C50: =EXTEMPORANEOS!C49 -> 2026101 | D50: =EXTEMPORANEOS!D49 -> 0 | E50: =EXTEMPORANEOS!E49 -> 23D | F50: =EXTEMPORANEOS!F49 -> Occidente - Directa | G50: =EXTEMPORANEOS!G49 -> 13 | H50: =EXTEMPORANEOS!H49 -> T23 Directa - Transferencias | I50: =EXTEMPORANEOS!I49 -> 230887267 | ... Y50: =EXTEMPORANEOS!Y49 -> 0
B51: =EXTEMPORANEOS!B50 -> 0 | C51: =EXTEMPORANEOS!C50 -> 2026101 | D51: =EXTEMPORANEOS!D50 -> 0 | E51: =EXTEMPORANEOS!E50 -> 23D | F51: =EXTEMPORANEOS!F50 -> Occidente - Directa | G51: =EXTEMPORANEOS!G50 -> 13 | H51: =EXTEMPORANEOS!H50 -> T23 Directa - Transferencias | I51: =EXTEMPORANEOS!I50 -> 230887267 | ... Y51: =EXTEMPORANEOS!Y50 -> 0
B52: =EXTEMPORANEOS!B51 -> 0 | C52: =EXTEMPORANEOS!C51 -> 2026101 | D52: =EXTEMPORANEOS!D51 -> 0 | E52: =EXTEMPORANEOS!E51 -> 23D | F52: =EXTEMPORANEOS!F51 -> Occidente - Directa | G52: =EXTEMPORANEOS!G51 -> 13 | H52: =EXTEMPORANEOS!H51 -> T23 Directa - Transferencias | I52: =EXTEMPORANEOS!I51 -> 230887267 | ... Y52: =EXTEMPORANEOS!Y51 -> 0
B53: =EXTEMPORANEOS!B52 -> 0 | C53: =EXTEMPORANEOS!C52 -> 2026101 | D53: =EXTEMPORANEOS!D52 -> 0 | E53: =EXTEMPORANEOS!E52 -> 23D | F53: =EXTEMPORANEOS!F52 -> Occidente - Directa | G53: =EXTEMPORANEOS!G52 -> 13 | H53: =EXTEMPORANEOS!H52 -> T23 Directa - Transferencias | I53: =EXTEMPORANEOS!I52 -> 230887267 | ... Y53: =EXTEMPORANEOS!Y52 -> 0
B54: =EXTEMPORANEOS!B53 -> 0 | C54: =EXTEMPORANEOS!C53 -> 2026101 | D54: =EXTEMPORANEOS!D53 -> 0 | E54: =EXTEMPORANEOS!E53 -> 23D | F54: =EXTEMPORANEOS!F53 -> Occidente - Directa | G54: =EXTEMPORANEOS!G53 -> 13 | H54: =EXTEMPORANEOS!H53 -> T23 Directa - Transferencias | I54: =EXTEMPORANEOS!I53 -> 230887267 | ... Y54: =EXTEMPORANEOS!Y53 -> 0
... B59: =EXTEMPORANEOS!B58 -> 0 | C59: =EXTEMPORANEOS!C58 -> 2026101 | D59: =EXTEMPORANEOS!D58 -> 0 | E59: =EXTEMPORANEOS!E58 -> 23D | F59: =EXTEMPORANEOS!F58 -> Occidente - Directa | G59: =EXTEMPORANEOS!G58 -> 13 | H59: =EXTEMPORANEOS!H58 -> T23 Directa - Transferencias | I59: =EXTEMPORANEOS!I58 -> 230887267 | ... Y59: =EXTEMPORANEOS!Y58 -> 0
B60: =EXTEMPORANEOS!B54 -> 0 | C60: =EXTEMPORANEOS!C59 -> 2026101 | D60: =EXTEMPORANEOS!D59 -> 0 | E60: =EXTEMPORANEOS!E59 -> 23D | F60: =EXTEMPORANEOS!F59 -> Occidente - Directa | G60: =EXTEMPORANEOS!G59 -> 13 | H60: =EXTEMPORANEOS!H59 -> T23 Directa - Transferencias | I60: =EXTEMPORANEOS!I59 -> 230887267 | J60: =EXTEMPORANEOS!J59 -> 0 | ... Y60: =EXTEMPORANEOS!Y59 -> 0
B61: =EXTEMPORANEOS!B60 -> 0 | C61: =EXTEMPORANEOS!C60 -> 2026101 | D61: =EXTEMPORANEOS!D60 -> 0 | E61: =EXTEMPORANEOS!E60 -> 23D | F61: =EXTEMPORANEOS!F60 -> Occidente - Directa | G61: =EXTEMPORANEOS!G60 -> 0 | H61: =EXTEMPORANEOS!H60 -> #N/A | I61: =EXTEMPORANEOS!I60 -> 230887267 | ... Y61: =EXTEMPORANEOS!Y60 -> 0
B62: =EXTEMPORANEOS!B61 -> 0 | C62: =EXTEMPORANEOS!C61 -> 2026101 | D62: =EXTEMPORANEOS!D61 -> 0 | E62: =EXTEMPORANEOS!E61 -> 23D | F62: =EXTEMPORANEOS!F61 -> Occidente - Directa | G62: =EXTEMPORANEOS!G61 -> 0 | H62: =EXTEMPORANEOS!H61 -> #N/A | I62: =EXTEMPORANEOS!I61 -> 230887267 | ... Y62: =EXTEMPORANEOS!Y61 -> 0
B63: =EXTEMPORANEOS!B62 -> 0 | C63: =EXTEMPORANEOS!C62 -> 2026101 | D63: =EXTEMPORANEOS!D62 -> 0 | E63: =EXTEMPORANEOS!E62 -> 23D | F63: =EXTEMPORANEOS!F62 -> Occidente - Directa | G63: =EXTEMPORANEOS!G62 -> 0 | H63: =EXTEMPORANEOS!H62 -> #N/A | I63: =EXTEMPORANEOS!I62 -> 230887267 | ... Y63: =EXTEMPORANEOS!Y62 -> 0
B64: =EXTEMPORANEOS!B63 -> 0 | C64: =EXTEMPORANEOS!C63 -> 2026101 | D64: =EXTEMPORANEOS!D63 -> 0 | E64: =EXTEMPORANEOS!E63 -> 23D | F64: =EXTEMPORANEOS!F63 -> Occidente - Directa | G64: =EXTEMPORANEOS!G63 -> 0 | H64: =EXTEMPORANEOS!H63 -> #N/A | I64: =EXTEMPORANEOS!I63 -> 230887267 | ... Y64: =EXTEMPORANEOS!Y63 -> 0
B65: =EXTEMPORANEOS!B64 -> 0 | C65: =EXTEMPORANEOS!C64 -> 2026101 | D65: =EXTEMPORANEOS!D64 -> 0 | E65: =EXTEMPORANEOS!E64 -> 23D | F65: =EXTEMPORANEOS!F64 -> Occidente - Directa | G65: =EXTEMPORANEOS!G64 -> 0 | H65: =EXTEMPORANEOS!H64 -> #N/A | I65: =EXTEMPORANEOS!I64 -> 230887267 | ... Y65: =EXTEMPORANEOS!Y64 -> 0
B66: =EXTEMPORANEOS!B65 -> 0 | C66: =EXTEMPORANEOS!C65 -> 2026101 | D66: =EXTEMPORANEOS!D65 -> 0 | E66: =EXTEMPORANEOS!E65 -> 23D | F66: =EXTEMPORANEOS!F65 -> Occidente - Directa | G66: =EXTEMPORANEOS!G65 -> 0 | H66: =EXTEMPORANEOS!H65 -> #N/A | I66: =EXTEMPORANEOS!I65 -> 230887267 | ... Y66: =EXTEMPORANEOS!Y65 -> 0
B67: =EXTEMPORANEOS!B66 -> 0 | C67: =EXTEMPORANEOS!C66 -> 2026101 | D67: =EXTEMPORANEOS!D66 -> 0 | E67: =EXTEMPORANEOS!E66 -> 23D | F67: =EXTEMPORANEOS!F66 -> Occidente - Directa | G67: =EXTEMPORANEOS!G66 -> 0 | H67: =EXTEMPORANEOS!H66 -> #N/A | I67: =EXTEMPORANEOS!I66 -> 230887267 | ... Y67: =EXTEMPORANEOS!Y66 -> 0
B68: =EXTEMPORANEOS!B67 -> 0 | C68: =EXTEMPORANEOS!C67 -> 2026101 | D68: =EXTEMPORANEOS!D67 -> 0 | E68: =EXTEMPORANEOS!E67 -> 23D | F68: =EXTEMPORANEOS!F67 -> Occidente - Directa | G68: =EXTEMPORANEOS!G67 -> 0 | H68: =EXTEMPORANEOS!H67 -> #N/A | I68: =EXTEMPORANEOS!I67 -> 230887267 | ... Y68: =EXTEMPORANEOS!Y67 -> 0
B69: =EXTEMPORANEOS!B68 -> 0 | C69: =EXTEMPORANEOS!C68 -> 2026101 | D69: =EXTEMPORANEOS!D68 -> 0 | E69: =EXTEMPORANEOS!E68 -> 23D | F69: =EXTEMPORANEOS!F68 -> Occidente - Directa | G69: =EXTEMPORANEOS!G68 -> 0 | H69: =EXTEMPORANEOS!H68 -> #N/A | I69: =EXTEMPORANEOS!I68 -> 230887267 | ... Y69: =EXTEMPORANEOS!Y68 -> 0
B70: =EXTEMPORANEOS!B69 -> 0 | C70: =EXTEMPORANEOS!C69 -> 2026101 | D70: =EXTEMPORANEOS!D69 -> 0 | E70: =EXTEMPORANEOS!E69 -> 23D | F70: =EXTEMPORANEOS!F69 -> Occidente - Directa | G70: =EXTEMPORANEOS!G69 -> 0 | H70: =EXTEMPORANEOS!H69 -> #N/A | I70: =EXTEMPORANEOS!I69 -> 230887267 | ... Y70: =EXTEMPORANEOS!Y69 -> 0
B71: =EXTEMPORANEOS!B70 -> 0 | C71: =EXTEMPORANEOS!C70 -> 2026101 | D71: =EXTEMPORANEOS!D70 -> 0 | E71: =EXTEMPORANEOS!E70 -> 23D | F71: =EXTEMPORANEOS!F70 -> Occidente - Directa | G71: =EXTEMPORANEOS!G70 -> 0 | H71: =EXTEMPORANEOS!H70 -> #N/A | I71: =EXTEMPORANEOS!I70 -> 230887267 | ... Y71: =EXTEMPORANEOS!Y70 -> 0
B72: =EXTEMPORANEOS!B71 -> 0 | C72: =EXTEMPORANEOS!C71 -> 2026101 | D72: =EXTEMPORANEOS!D71 -> 0 | E72: =EXTEMPORANEOS!E71 -> 23D | F72: =EXTEMPORANEOS!F71 -> Occidente - Directa | G72: =EXTEMPORANEOS!G71 -> 0 | H72: =EXTEMPORANEOS!H71 -> #N/A | I72: =EXTEMPORANEOS!I71 -> 230887267 | ... Y72: =EXTEMPORANEOS!Y71 -> 0
... B78: =EXTEMPORANEOS!B77 -> 0 | C78: =EXTEMPORANEOS!C77 -> 2026101 | D78: =EXTEMPORANEOS!D77 -> 0 | E78: =EXTEMPORANEOS!E77 -> 23D | F78: =EXTEMPORANEOS!F77 -> Occidente - Directa | G78: =EXTEMPORANEOS!G77 -> 0 | H78: =EXTEMPORANEOS!H77 -> #N/A | I78: =EXTEMPORANEOS!I77 -> 230887267 | ... Y78: =EXTEMPORANEOS!Y77 -> 0
B82: FECHA APLICACIÓN | C82: CODIGO REMUNERACIÓN | D82: FECHA RECAUDO | E82: CÓDIGO BC | F82: NOMBRE BANCO | G82: CÓDIGO CR | H82: CANAL RECAUDO | I82: N° CUENTA | J82: ASE 1 N° REGISTROS ARCHIVO | K82: ASE 1 VALOR ARCHIVO | L82: ASE 2 N° REGISTROS ARCHIVO | M82: ASE 2 VALOR ARCHIVO | N82: ASE 3 N° REGISTROS ARCHIVO | O82: ASE 3 VALOR ARCHIVO | P82: ASE 4 N° REGISTROS ARCHIVO | Q82: ASE 4 VALOR ARCHIVO | R82: ASE 5 N° REGISTROS ARCHIVO | S82: ASE 5 VALOR ARCHIVO | T82: TOTAL N° REGISTROS APLICADOS | U82: TOTAL VALOR APLICADO | V82: N° REGISTROS REPORTADOS POR BANCO | W82: VALOR REPORTADO POR BANCO | X82: DIFERENCIA REGISTROS | Y82: DIFERENCIA VALOR
B83: =EXTEMPORANEOS!B82 -> 46314 | C83: =EXTEMPORANEOS!C82 -> 2026102 | D83: =EXTEMPORANEOS!D82 -> 46233 | E83: =EXTEMPORANEOS!E82 -> 23D | F83: =EXTEMPORANEOS!F82 -> Occidente - Directa | G83: =EXTEMPORANEOS!G82 -> 13 | H83: =EXTEMPORANEOS!H82 -> T23 Directa - Transferencias | I83: =EXTEMPORANEOS!I82 -> 230887267 | ... Y83: =EXTEMPORANEOS!Y82 -> 0
B84: =EXTEMPORANEOS!B83 -> 46314 | C84: =EXTEMPORANEOS!C83 -> 2026102 | D84: =EXTEMPORANEOS!D83 -> 46234 | E84: =EXTEMPORANEOS!E83 -> 23D | F84: =EXTEMPORANEOS!F83 -> Occidente - Directa | G84: =EXTEMPORANEOS!G83 -> 13 | H84: =EXTEMPORANEOS!H83 -> T23 Directa - Transferencias | I84: =EXTEMPORANEOS!I83 -> 230887267 | ... Y84: =EXTEMPORANEOS!Y83 -> 0
B85: =EXTEMPORANEOS!B84 -> 46314 | C85: =EXTEMPORANEOS!C84 -> 2026102 | D85: =EXTEMPORANEOS!D84 -> 46261 | E85: =EXTEMPORANEOS!E84 -> 23D | F85: =EXTEMPORANEOS!F84 -> Occidente - Directa | G85: =EXTEMPORANEOS!G84 -> 13 | H85: =EXTEMPORANEOS!H84 -> T23 Directa - Transferencias | I85: =EXTEMPORANEOS!I84 -> 230887267 | ... Y85: =EXTEMPORANEOS!Y84 -> 0
B86: =EXTEMPORANEOS!B85 -> 46314 | C86: =EXTEMPORANEOS!C85 -> 2026102 | D86: =EXTEMPORANEOS!D85 -> 46262 | E86: =EXTEMPORANEOS!E85 -> 23D | F86: =EXTEMPORANEOS!F85 -> Occidente - Directa | G86: =EXTEMPORANEOS!G85 -> 13 | H86: =EXTEMPORANEOS!H85 -> T23 Directa - Transferencias | I86: =EXTEMPORANEOS!I85 -> 230887267 | ... Y86: =EXTEMPORANEOS!Y85 -> 0
B87: =EXTEMPORANEOS!B86 -> 46314 | C87: =EXTEMPORANEOS!C86 -> 2026102 | D87: =EXTEMPORANEOS!D86 -> 46290 | E87: =EXTEMPORANEOS!E86 -> 23D | F87: =EXTEMPORANEOS!F86 -> Occidente - Directa | G87: =EXTEMPORANEOS!G86 -> 13 | H87: =EXTEMPORANEOS!H86 -> T23 Directa - Transferencias | I87: =EXTEMPORANEOS!I86 -> 230887267 | ... Y87: =EXTEMPORANEOS!Y86 -> 0
B88: =EXTEMPORANEOS!B87 -> 46314 | C88: =EXTEMPORANEOS!C87 -> 2026102 | D88: =EXTEMPORANEOS!D87 -> 46310 | E88: =EXTEMPORANEOS!E87 -> 23D | F88: =EXTEMPORANEOS!F87 -> Occidente - Directa | G88: =EXTEMPORANEOS!G87 -> 13 | H88: =EXTEMPORANEOS!H87 -> T23 Directa - Transferencias | I88: =EXTEMPORANEOS!I87 -> 230887267 | ... Y88: =EXTEMPORANEOS!Y87 -> 0
B89: =EXTEMPORANEOS!B88 -> 46314 | C89: =EXTEMPORANEOS!C88 -> 2026102 | D89: =EXTEMPORANEOS!D88 -> 46265 | E89: =EXTEMPORANEOS!E88 -> 23D | F89: =EXTEMPORANEOS!F88 -> Occidente - Directa | G89: =EXTEMPORANEOS!G88 -> 13 | H89: =EXTEMPORANEOS!H88 -> T23 Directa - Transferencias | I89: =EXTEMPORANEOS!I88 -> 230887267 | ... Y89: =EXTEMPORANEOS!Y88 -> 0
B90: =EXTEMPORANEOS!B89 -> 46314 | C90: =EXTEMPORANEOS!C89 -> 2026102 | D90: =EXTEMPORANEOS!D89 -> 46293 | E90: =EXTEMPORANEOS!E89 -> 23D | F90: =EXTEMPORANEOS!F89 -> Occidente - Directa | G90: =EXTEMPORANEOS!G89 -> 13 | H90: =EXTEMPORANEOS!H89 -> T23 Directa - Transferencias | I90: =EXTEMPORANEOS!I89 -> 230887267 | ... Y90: =EXTEMPORANEOS!Y89 -> 0
B91: =EXTEMPORANEOS!B90 -> 46314 | C91: =EXTEMPORANEOS!C90 -> 2026102 | D91: =EXTEMPORANEOS!D90 -> 46294 | E91: =EXTEMPORANEOS!E90 -> 23D | F91: =EXTEMPORANEOS!F90 -> Occidente - Directa | G91: =EXTEMPORANEOS!G90 -> 13 | H91: =EXTEMPORANEOS!H90 -> T23 Directa - Transferencias | I91: =EXTEMPORANEOS!I90 -> 230887267 | ... Y91: =EXTEMPORANEOS!Y90 -> 0
B92: =EXTEMPORANEOS!B91 -> 46314 | C92: =EXTEMPORANEOS!C91 -> 2026102 | D92: =EXTEMPORANEOS!D91 -> 46295 | E92: =EXTEMPORANEOS!E91 -> 23D | F92: =EXTEMPORANEOS!F91 -> Occidente - Directa | G92: =EXTEMPORANEOS!G91 -> 13 | H92: =EXTEMPORANEOS!H91 -> T23 Directa - Transferencias | I92: =EXTEMPORANEOS!I91 -> 230887267 | ... Y92: =EXTEMPORANEOS!Y91 -> 0
B93: =EXTEMPORANEOS!B92 -> 46315 | C93: =EXTEMPORANEOS!C92 -> 2026102 | D93: =EXTEMPORANEOS!D92 -> 46191 | E93: =EXTEMPORANEOS!E92 -> 23D | F93: =EXTEMPORANEOS!F92 -> Occidente - Directa | G93: =EXTEMPORANEOS!G92 -> 13 | H93: =EXTEMPORANEOS!H92 -> T23 Directa - Transferencias | I93: =EXTEMPORANEOS!I92 -> 230887267 | ... Y93: =EXTEMPORANEOS!Y92 -> 0
B94: =EXTEMPORANEOS!B93 -> 46315 | C94: =EXTEMPORANEOS!C93 -> 2026102 | D94: =EXTEMPORANEOS!D93 -> 46219 | E94: =EXTEMPORANEOS!E93 -> 23D | F94: =EXTEMPORANEOS!F93 -> Occidente - Directa | G94: =EXTEMPORANEOS!G93 -> 13 | H94: =EXTEMPORANEOS!H93 -> T23 Directa - Transferencias | I94: =EXTEMPORANEOS!I93 -> 230887267 | ... Y94: =EXTEMPORANEOS!Y93 -> 0
... B164: =EXTEMPORANEOS!B163 -> 0 | C164: =EXTEMPORANEOS!C163 -> 2026102 | D164: =EXTEMPORANEOS!D163 -> 0 | E164: =EXTEMPORANEOS!E163 -> 23D | F164: =EXTEMPORANEOS!F163 -> Occidente - Directa | G164: =EXTEMPORANEOS!G163 -> 0 | H164: =EXTEMPORANEOS!H163 -> #N/A | I164: =EXTEMPORANEOS!I163 -> 230887267 | ... Y164: =EXTEMPORANEOS!Y163 -> 0
