Workbook
Name Bancos: [1]Fx!$C$1:$C$23
Name NNN: #REF!
Name Ref.: #REF!
Name Ref.: #REF!
Name Ref.: #REF!
Name Ref.: #REF!
Name XXX: #REF!

Sheet Oportuno
C1: =VALUE(C3&1) -> 2026091 | J1: =J38+J66+J94+J122+J150+J178+J206+J234+J262+J290+J318+J346+J374+J402+J430 -> 0 | K1: =K38+K66+K94+K122+K150+K178+K206+K234+K262+K290+K318+K346+K374+K402+K430 -> 0 | L1: =L38+L66+L94+L122+L150+L178+L206+L234+L262+L290+L318+L346+L374+L402+L430 -> 0 | M1: =M38+M66+M94+M122+M150+M178+M206+M234+M262+M290+M318+M346+M374+M402+M430 -> 0 | N1: =N38+N66+N94+N122+N150+N178+N206+N234+N262+N290+N318+N346+N374+N402+N430 -> 0 | O1: =O38+O66+O94+O122+O150+O178+O206+O234+O262+O290+O318+O346+O374+O402+O430 -> 0 | P1: =P38+P66+P94+P122+P150+P178+P206+P234+P262+P290+P318+P346+P374+P402+P430 -> 0 | Q1: =Q38+Q66+Q94+Q122+Q150+Q178+Q206+Q234+Q262+Q290+Q318+Q346+Q374+Q402+Q430 -> 0 | ... Y1: =Y38+Y66+Y94+Y122+Y150+Y178+Y206+Y234+Y262+Y290+Y318+Y346+Y374+Y402+Y430 -> 0 | AD1: =AD38+AD66+AD94+AD122+AD150+AD178+AD206+AD234+AD262+AD290+AD318+AD346+AD374+AD402+AD430 -> 0 | AE1: =AE38+AE66+AE94+AE122+AE150+AE178+AE206+AE234+AE262+AE290+AE318+AE346+AE374+AE402+AE430 -> 0 | AF1: =AF38+AF66+AF94+AF122+AF150+AF178+AF206+AF234+AF262+AF290+AF318+AF346+AF374+AF402+AF430 -> 0 | AG1: =AG38+AG66+AG94+AG122+AG150+AG178+AG206+AG234+AG262+AG290+AG318+AG346+AG374+AG402+AG430 -> 0 | AI1: =AI38+AI66+AI94+AI122+AI150+AI178+AI206+AI234+AI262+AI290+AI318+AI346+AI374+AI402+AI430 -> 0 | AJ1: =AJ38+AJ66+AJ94+AJ122+AJ150+AJ178+AJ206+AJ234+AJ262+AJ290+AJ318+AJ346+AJ374+AJ402+AJ430 -> 0 | AK1: =AK38+AK66+AK94+AK122+AK150+AK178+AK206+AK234+AK262+AK290+AK318+AK346+AK374+AK402+AK430 -> 0 | AL1: =AL38+AL66+AL94+AL122+AL150+AL178+AL206+AL234+AL262+AL290+AL318+AL346+AL374+AL402+AL430 -> 0
C2: =VALUE(C3&2) -> 2026092 | J2: =J458+J486+J514+J542+J570+J598+J626+J654+J682+J710+J738+J766+J794+J822+J850+J878 -> 0 | K2: =K458+K486+K514+K542+K570+K598+K626+K654+K682+K710+K738+K766+K794+K822+K850+K878 -> 0 | L2: =L458+L486+L514+L542+L570+L598+L626+L654+L682+L710+L738+L766+L794+L822+L850+L878 -> 0 | M2: =M458+M486+M514+M542+M570+M598+M626+M654+M682+M710+M738+M766+M794+M822+M850+M878 -> 0 | N2: =N458+N486+N514+N542+N570+N598+N626+N654+N682+N710+N738+N766+N794+N822+N850+N878 -> 0 | O2: =O458+O486+O514+O542+O570+O598+O626+O654+O682+O710+O738+O766+O794+O822+O850+O878 -> 0 | P2: =P458+P486+P514+P542+P570+P598+P626+P654+P682+P710+P738+P766+P794+P822+P850+P878 -> 0 | Q2: =Q458+Q486+Q514+Q542+Q570+Q598+Q626+Q654+Q682+Q710+Q738+Q766+Q794+Q822+Q850+Q878 -> 0 | ... Y2: =Y458+Y486+Y514+Y542+Y570+Y598+Y626+Y654+Y682+Y710+Y738+Y766+Y794+Y822+Y850+Y878 -> 0 | AD2: =AD458+AD486+AD514+AD542+AD570+AD598+AD626+AD654+AD682+AD710+AD738+AD766+AD794+AD822+AD850+AD878 -> 0 | AE2: =AE458+AE486+AE514+AE542+AE570+AE598+AE626+AE654+AE682+AE710+AE738+AE766+AE794+AE822+AE850+AE878 -> 0 | AF2: =AF458+AF486+AF514+AF542+AF570+AF598+AF626+AF654+AF682+AF710+AF738+AF766+AF794+AF822+AF850+AF878 -> 0 | AG2: =AG458+AG486+AG514+AG542+AG570+AG598+AG626+AG654+AG682+AG710+AG738+AG766+AG794+AG822+AG850+AG878 -> 0 | AI2: =AI458+AI486+AI514+AI542+AI570+AI598+AI626+AI654+AI682+AI710+AI738+AI766+AI794+AI822+AI850+AI878 -> 0 | AJ2: =AJ458+AJ486+AJ514+AJ542+AJ570+AJ598+AJ626+AJ654+AJ682+AJ710+AJ738+AJ766+AJ794+AJ822+AJ850+AJ878 -> 0 | AK2: =AK458+AK486+AK514+AK542+AK570+AK598+AK626+AK654+AK682+AK710+AK738+AK766+AK794+AK822+AK850+AK878 -> 0 | AL2: =AL458+AL486+AL514+AL542+AL570+AL598+AL626+AL654+AL682+AL710+AL738+AL766+AL794+AL822+AL850+AL878 -> 0
C3: 202609 | J3: =SUM(J1:J2) -> 0 | K3: =SUM(K1:K2) -> 0 | L3: =SUM(L1:L2) -> 0 | M3: =SUM(M1:M2) -> 0 | N3: =SUM(N1:N2) -> 0 | O3: =SUM(O1:O2) -> 0 | P3: =SUM(P1:P2) -> 0 | Q3: =SUM(Q1:Q2) -> 0 | ... Y3: =SUM(Y1:Y2) -> 0 | AD3: =SUM(AD1:AD2) -> 0 | AE3: =SUM(AE1:AE2) -> 0 | AF3: =SUM(AF1:AF2) -> 0 | AG3: =SUM(AG1:AG2) -> 0 | AI3: =SUM(AI1:AI2) -> 0 | AJ3: =SUM(AJ1:AJ2) -> 0 | AK3: =SUM(AK1:AK2) -> 0 | AL3: =SUM(AL1:AL2) -> 0
H6: 2.5.3. INFORMES DE RECAUDO
H7: R2 - INFORME DE CONCILIACION DE RECAUDOS
H8: CONCILIACION DIARIA DE RECAUDO OPORTUNO
E9: NIT: 901 153 639 - 0
H10: =SUBSTITUTE(UPPER(TEXT(DATE(LEFT(C3,4),RIGHT(C3,2),1),"MMMM YYYY"))," ","_") -> SEPTIEMBRE_2026 | J10: Recaudo Oportuno de las cuentas bancarias de ENEL
B12: FECHA APLICACIÓN | C12: CODIGO REMUNERACIÓN | D12: FECHA RECAUDO | E12: CÓDIGO BC | F12: NOMBRE BANCO | G12: CÓDIGO CR | H12: CANAL RECAUDO | I12: N° CUENTA | J12: ASE 1 N° REGISTROS ARCHIVO | K12: ASE 1 VALOR ARCHIVO | L12: ASE 2 N° REGISTROS ARCHIVO | M12: ASE 2 VALOR ARCHIVO | N12: ASE 3 N° REGISTROS ARCHIVO | O12: ASE 3 VALOR ARCHIVO | P12: ASE 4 N° REGISTROS ARCHIVO | Q12: ASE 4 VALOR ARCHIVO | R12: ASE 5 N° REGISTROS ARCHIVO | S12: ASE 5 VALOR ARCHIVO | T12: TOTAL N° REGISTROS APLICADOS | U12: TOTAL VALOR APLICADO | V12: N° REGISTROS REPORTADOS POR BANCO | W12: VALOR REPORTADO POR BANCO | X12: DIFERENCIA REGISTROS | Y12: DIFERENCIA VALOR | AC12: DIFERENCIA REGISTROS | AD12: REGISTROS ENVIADOS EAAB // SON CARTERA | AE12: REGISTROS NO IDENTIFICADO - NI. | AF12: REGISTROS CON VALOR EN $0 | AG12: VALIDACION | AI12: DIFERENCIA VALOR | AJ12: VALOR ENVIADOS EAAB // SON CARTERA | AK12: VALOR NO IDENTIFICADO - NI. | AL12: VALIDACION
B13: 3/09/2026 | C13: =IF(D13<=15,$C$1,$C$2) -> 2026091 | D13: 1 | E13: 20 | F13: =VLOOKUP(E13,'Códigos bancos'!$B$4:$C$29,2,0) -> Bancolombia ENERBIT | G13: 1 | H13: =VLOOKUP(G13,'Códigos bancos'!$F$4:$G$14,2,0) -> Oficinas | J13: 0 | K13: 0 | L13: 0 | M13: 0 | N13: 0 | O13: 0 | P13: 0 | Q13: 0 | R13: 144 | S13: 6520660 | T13: =J13+L13+N13+P13+R13 -> 144 | U13: =K13+M13+O13+Q13+S13 -> 6520660 | V13: 144 | W13: 6520660 | X13: =V13-T13 -> 0 | Y13: =W13-U13 -> 0 | AC13: =X13 -> 0 | AG13: =AC13=(AD13+AE13+AF13) -> TRUE | AI13: =Y13 -> 0 | AL13: =AI13=(AJ13+AK13) -> TRUE
C14: =IF(D14<=15,$C$1,$C$2) -> 2026091 | D14: 1 | E14: 0 | F14: =VLOOKUP(E14,'Códigos bancos'!$B$4:$C$29,2,0) -> #N/A | G14: 1 | H14: =VLOOKUP(G14,'Códigos bancos'!$F$4:$G$14,2,0) -> Oficinas | J14: 0 | K14: 0 | L14: 0 | M14: 0 | N14: 0 | O14: 0 | P14: 0 | Q14: 0 | R14: 0 | T14: =J14+L14+N14+P14+R14 -> 0 | U14: =K14+M14+O14+Q14+S14 -> 0 | V14: 0 | X14: =V14-T14 -> 0 | Y14: =W14-U14 -> 0 | AC14: =X14 -> 0 | AG14: =AC14=(AD14+AE14+AF14) -> TRUE | AI14: =Y14 -> 0 | AL14: =AI14=(AJ14+AK14) -> TRUE
C15: =IF(D15<=15,$C$1,$C$2) -> 2026091 | D15: 1 | E15: 0 | F15: =VLOOKUP(E15,'Códigos bancos'!$B$4:$C$29,2,0) -> #N/A | G15: 1 | H15: =VLOOKUP(G15,'Códigos bancos'!$F$4:$G$14,2,0) -> Oficinas | J15: 0 | K15: 0 | L15: 0 | M15: 0 | N15: 0 | O15: 0 | P15: 0 | Q15: 0 | R15: 0 | S15: 0 | T15: =J15+L15+N15+P15+R15 -> 0 | U15: =K15+M15+O15+Q15+S15 -> 0 | V15: 0 | W15: 0 | X15: =V15-T15 -> 0 | Y15: =W15-U15 -> 0 | AC15: =X15 -> 0 | AG15: =AC15=(AD15+AE15+AF15) -> TRUE | AI15: =Y15 -> 0 | AL15: =AI15=(AJ15+AK15) -> TRUE
C16: =IF(D16<=15,$C$1,$C$2) -> 2026091 | D16: 1 | E16: 0 | F16: =VLOOKUP(E16,'Códigos bancos'!$B$4:$C$29,2,0) -> #N/A | G16: 1 | H16: =VLOOKUP(G16,'Códigos bancos'!$F$4:$G$14,2,0) -> Oficinas | J16: 0 | K16: 0 | L16: 0 | M16: 0 | N16: 0 | O16: 0 | P16: 0 | Q16: 0 | R16: 0 | S16: 0 | T16: =J16+L16+N16+P16+R16 -> 0 | U16: =K16+M16+O16+Q16+S16 -> 0 | V16: 0 | W16: 0 | X16: =V16-T16 -> 0 | Y16: =W16-U16 -> 0 | AC16: =X16 -> 0 | AG16: =AC16=(AD16+AE16+AF16) -> TRUE | AI16: =Y16 -> 0 | AL16: =AI16=(AJ16+AK16) -> TRUE
C17: =IF(D17<=15,$C$1,$C$2) -> 2026091 | D17: 1 | E17: 0 | F17: =VLOOKUP(E17,'Códigos bancos'!$B$4:$C$29,2,0) -> #N/A | G17: 1 | H17: =VLOOKUP(G17,'Códigos bancos'!$F$4:$G$14,2,0) -> Oficinas | J17: 0 | K17: 0 | L17: 0 | M17: 0 | N17: 0 | O17: 0 | P17: 0 | Q17: 0 | R17: 0 | S17: 0 | T17: =J17+L17+N17+P17+R17 -> 0 | U17: =K17+M17+O17+Q17+S17 -> 0 | V17: 0 | W17: 0 | X17: =V17-T17 -> 0 | Y17: =W17-U17 -> 0 | AC17: =X17 -> 0 | AG17: =AC17=(AD17+AE17+AF17) -> TRUE | AI17: =Y17 -> 0 | AL17: =AI17=(AJ17+AK17) -> TRUE
C18: =IF(D18<=15,$C$1,$C$2) -> 2026091 | D18: 1 | E18: 0 | F18: =VLOOKUP(E18,'Códigos bancos'!$B$4:$C$29,2,0) -> #N/A | G18: 1 | H18: =VLOOKUP(G18,'Códigos bancos'!$F$4:$G$14,2,0) -> Oficinas | J18: 0 | K18: 0 | L18: 0 | M18: 0 | N18: 0 | O18: 0 | P18: 0 | Q18: 0 | R18: 0 | S18: 0 | T18: =J18+L18+N18+P18+R18 -> 0 | U18: =K18+M18+O18+Q18+S18 -> 0 | V18: 0 | W18: 0 | X18: =V18-T18 -> 0 | Y18: =W18-U18 -> 0 | AC18: =X18 -> 0 | AG18: =AC18=(AD18+AE18+AF18) -> TRUE | AI18: =Y18 -> 0 | AL18: =AI18=(AJ18+AK18) -> TRUE
C19: =IF(D19<=15,$C$1,$C$2) -> 2026091 | D19: 1 | E19: 0 | F19: =VLOOKUP(E19,'Códigos bancos'!$B$4:$C$29,2,0) -> #N/A | G19: 1 | H19: =VLOOKUP(G19,'Códigos bancos'!$F$4:$G$14,2,0) -> Oficinas | J19: 0 | K19: 0 | L19: 0 | M19: 0 | N19: 0 | O19: 0 | P19: 0 | Q19: 0 | R19: 0 | S19: 0 | T19: =J19+L19+N19+P19+R19 -> 0 | U19: =K19+M19+O19+Q19+S19 -> 0 | V19: 0 | W19: 0 | X19: =V19-T19 -> 0 | Y19: =W19-U19 -> 0 | AC19: =X19 -> 0 | AG19: =AC19=(AD19+AE19+AF19) -> TRUE | AI19: =Y19 -> 0 | AL19: =AI19=(AJ19+AK19) -> TRUE
C20: =IF(D20<=15,$C$1,$C$2) -> 2026091 | D20: 1 | E20: 0 | F20: =VLOOKUP(E20,'Códigos bancos'!$B$4:$C$29,2,0) -> #N/A | G20: 1 | H20: =VLOOKUP(G20,'Códigos bancos'!$F$4:$G$14,2,0) -> Oficinas | J20: 0 | K20: 0 | L20: 0 | M20: 0 | N20: 0 | O20: 0 | P20: 0 | Q20: 0 | R20: 0 | S20: 0 | T20: =J20+L20+N20+P20+R20 -> 0 | U20: =K20+M20+O20+Q20+S20 -> 0 | V20: 0 | W20: 0 | X20: =V20-T20 -> 0 | Y20: =W20-U20 -> 0 | AC20: =X20 -> 0 | AG20: =AC20=(AD20+AE20+AF20) -> TRUE | AI20: =Y20 -> 0 | AL20: =AI20=(AJ20+AK20) -> TRUE
C21: =IF(D21<=15,$C$1,$C$2) -> 2026091 | D21: 1 | E21: 0 | F21: =VLOOKUP(E21,'Códigos bancos'!$B$4:$C$29,2,0) -> #N/A | G21: 1 | H21: =VLOOKUP(G21,'Códigos bancos'!$F$4:$G$14,2,0) -> Oficinas | J21: 0 | K21: 0 | L21: 0 | M21: 0 | N21: 0 | O21: 0 | P21: 0 | Q21: 0 | R21: 0 | S21: 0 | T21: =J21+L21+N21+P21+R21 -> 0 | U21: =K21+M21+O21+Q21+S21 -> 0 | V21: 0 | W21: 0 | X21: =V21-T21 -> 0 | Y21: =W21-U21 -> 0 | AC21: =X21 -> 0 | AG21: =AC21=(AD21+AE21+AF21) -> TRUE | AI21: =Y21 -> 0 | AL21: =AI21=(AJ21+AK21) -> TRUE
C22: =IF(D22<=15,$C$1,$C$2) -> 2026091 | D22: 1 | E22: 0 | F22: =VLOOKUP(E22,'Códigos bancos'!$B$4:$C$29,2,0) -> #N/A | G22: 1 | H22: =VLOOKUP(G22,'Códigos bancos'!$F$4:$G$14,2,0) -> Oficinas | J22: 0 | K22: 0 | L22: 0 | M22: 0 | N22: 0 | O22: 0 | P22: 0 | Q22: 0 | R22: 0 | S22: 0 | T22: =J22+L22+N22+P22+R22 -> 0 | U22: =K22+M22+O22+Q22+S22 -> 0 | V22: 0 | W22: 0 | X22: =V22-T22 -> 0 | Y22: =W22-U22 -> 0 | AC22: =X22 -> 0 | AG22: =AC22=(AD22+AE22+AF22) -> TRUE | AI22: =Y22 -> 0 | AL22: =AI22=(AJ22+AK22) -> TRUE
C23: =IF(D23<=15,$C$1,$C$2) -> 2026091 | D23: 1 | E23: 0 | F23: =VLOOKUP(E23,'Códigos bancos'!$B$4:$C$29,2,0) -> #N/A | G23: 1 | H23: =VLOOKUP(G23,'Códigos bancos'!$F$4:$G$14,2,0) -> Oficinas | J23: 0 | K23: 0 | L23: 0 | M23: 0 | N23: 0 | O23: 0 | P23: 0 | Q23: 0 | R23: 0 | S23: 0 | T23: =J23+L23+N23+P23+R23 -> 0 | U23: =K23+M23+O23+Q23+S23 -> 0 | V23: 0 | W23: 0 | X23: =V23-T23 -> 0 | Y23: =W23-U23 -> 0 | AC23: =X23 -> 0 | AG23: =AC23=(AD23+AE23+AF23) -> TRUE | AI23: =Y23 -> 0 | AL23: =AI23=(AJ23+AK23) -> TRUE
C24: =IF(D24<=15,$C$1,$C$2) -> 2026091 | D24: 1 | E24: 0 | F24: =VLOOKUP(E24,'Códigos bancos'!$B$4:$C$29,2,0) -> #N/A | G24: 1 | H24: =VLOOKUP(G24,'Códigos bancos'!$F$4:$G$14,2,0) -> Oficinas | J24: 0 | K24: 0 | L24: 0 | M24: 0 | N24: 0 | O24: 0 | P24: 0 | Q24: 0 | R24: 0 | S24: 0 | T24: =J24+L24+N24+P24+R24 -> 0 | U24: =K24+M24+O24+Q24+S24 -> 0 | V24: 0 | W24: 0 | X24: =V24-T24 -> 0 | Y24: =W24-U24 -> 0 | AC24: =X24 -> 0 | AG24: =AC24=(AD24+AE24+AF24) -> TRUE | AI24: =Y24 -> 0 | AL24: =AI24=(AJ24+AK24) -> TRUE
C25: =IF(D25<=15,$C$1,$C$2) -> 2026091 | D25: 1 | E25: 0 | F25: =VLOOKUP(E25,'Códigos bancos'!$B$4:$C$29,2,0) -> #N/A | G25: 1 | H25: =VLOOKUP(G25,'Códigos bancos'!$F$4:$G$14,2,0) -> Oficinas | J25: 0 | K25: 0 | L25: 0 | M25: 0 | N25: 0 | O25: 0 | P25: 0 | Q25: 0 | R25: 0 | S25: 0 | T25: =J25+L25+N25+P25+R25 -> 0 | U25: =K25+M25+O25+Q25+S25 -> 0 | V25: 0 | W25: 0 | X25: =V25-T25 -> 0 | Y25: =W25-U25 -> 0 | AC25: =X25 -> 0 | AG25: =AC25=(AD25+AE25+AF25) -> TRUE | AI25: =Y25 -> 0 | AL25: =AI25=(AJ25+AK25) -> TRUE
C26: =IF(D26<=15,$C$1,$C$2) -> 2026091 | D26: 1 | E26: 0 | F26: =VLOOKUP(E26,'Códigos bancos'!$B$4:$C$29,2,0) -> #N/A | G26: 1 | H26: =VLOOKUP(G26,'Códigos bancos'!$F$4:$G$14,2,0) -> Oficinas | J26: 0 | K26: 0 | L26: 0 | M26: 0 | N26: 0 | O26: 0 | P26: 0 | Q26: 0 | R26: 0 | S26: 0 | T26: =J26+L26+N26+P26+R26 -> 0 | U26: =K26+M26+O26+Q26+S26 -> 0 | V26: 0 | W26: 0 | X26: =V26-T26 -> 0 | Y26: =W26-U26 -> 0 | AC26: =X26 -> 0 | AG26: =AC26=(AD26+AE26+AF26) -> TRUE | AI26: =Y26 -> 0 | AL26: =AI26=(AJ26+AK26) -> TRUE
... C28: =IF(D28<=15,$C$1,$C$2) -> 2026091 | D28: 1 | E28: 0 | F28: =VLOOKUP(E28,'Códigos bancos'!$B$4:$C$29,2,0) -> #N/A | G28: 1 | H28: =VLOOKUP(G28,'Códigos bancos'!$F$4:$G$14,2,0) -> Oficinas | J28: 0 | K28: 0 | L28: 0 | M28: 0 | N28: 0 | O28: 0 | P28: 0 | Q28: 0 | R28: 0 | S28: 0 | T28: =J28+L28+N28+P28+R28 -> 0 | U28: =K28+M28+O28+Q28+S28 -> 0 | V28: 0 | W28: 0 | X28: =V28-T28 -> 0 | Y28: =W28-U28 -> 0 | AC28: =X28 -> 0 | AG28: =AC28=(AD28+AE28+AF28) -> TRUE | AI28: =Y28 -> 0 | AL28: =AI28=(AJ28+AK28) -> TRUE
C29: =IF(D29<=15,$C$1,$C$2) -> 2026091 | D29: 1 | E29: 0 | F29: =VLOOKUP(E29,'Códigos bancos'!$B$4:$C$29,2,0) -> #N/A | G29: 1 | H29: =VLOOKUP(G29,'Códigos bancos'!$F$4:$G$14,2,0) -> Oficinas | J29: 0 | K29: 0 | L29: 0 | M29: 0 | N29: 0 | O29: 0 | P29: 0 | Q29: 0 | R29: 0 | S29: 0 | T29: =J29+L29+N29+P29+R29 -> 0 | U29: =K29+M29+O29+Q29+S29 -> 0 | V29: 0 | W29: 0 | X29: =V29-T29 -> 0 | Y29: =W29-U29 -> 0 | AC29: =X29 -> 0 | AG29: =AC29=(AD29+AE29+AF29) -> TRUE | AI29: =Y29 -> 0 | AK29: 0 | AL29: =AI29=(AJ29+AK29) -> TRUE
C30: =IF(D30<=15,$C$1,$C$2) -> 2026091 | D30: 1 | E30: 0 | F30: =VLOOKUP(E30,'Códigos bancos'!$B$4:$C$29,2,0) -> #N/A | G30: 1 | H30: =VLOOKUP(G30,'Códigos bancos'!$F$4:$G$14,2,0) -> Oficinas | J30: 0 | K30: 0 | L30: 0 | M30: 0 | N30: 0 | O30: 0 | P30: 0 | Q30: 0 | R30: 0 | S30: 0 | T30: =J30+L30+N30+P30+R30 -> 0 | U30: =K30+M30+O30+Q30+S30 -> 0 | V30: 0 | W30: 0 | X30: =V30-T30 -> 0 | Y30: =W30-U30 -> 0 | AC30: =X30 -> 0 | AG30: =AC30=(AD30+AE30+AF30) -> TRUE | AI30: =Y30 -> 0 | AK30: 0 | AL30: =AI30=(AJ30+AK30) -> TRUE
C31: =IF(D31<=15,$C$1,$C$2) -> 2026091 | D31: 1 | E31: 0 | F31: =VLOOKUP(E31,'Códigos bancos'!$B$4:$C$29,2,0) -> #N/A | G31: 1 | H31: =VLOOKUP(G31,'Códigos bancos'!$F$4:$G$14,2,0) -> Oficinas | J31: 0 | K31: 0 | L31: 0 | M31: 0 | N31: 0 | O31: 0 | P31: 0 | Q31: 0 | R31: 0 | S31: 0 | T31: =J31+L31+N31+P31+R31 -> 0 | U31: =K31+M31+O31+Q31+S31 -> 0 | V31: 0 | W31: 0 | X31: =V31-T31 -> 0 | Y31: =W31-U31 -> 0 | AC31: =X31 -> 0 | AG31: =AC31=(AD31+AE31+AF31) -> TRUE | AI31: =Y31 -> 0 | AL31: =AI31=(AJ31+AK31) -> TRUE
C32: =IF(D32<=15,$C$1,$C$2) -> 2026091 | D32: 1 | E32: 0 | F32: =VLOOKUP(E32,'Códigos bancos'!$B$4:$C$29,2,0) -> #N/A | G32: 1 | H32: =VLOOKUP(G32,'Códigos bancos'!$F$4:$G$14,2,0) -> Oficinas | J32: 0 | K32: 0 | L32: 0 | M32: 0 | N32: 0 | O32: 0 | P32: 0 | Q32: 0 | R32: 0 | S32: 0 | T32: =J32+L32+N32+P32+R32 -> 0 | U32: =K32+M32+O32+Q32+S32 -> 0 | V32: 0 | W32: 0 | X32: =V32-T32 -> 0 | Y32: =W32-U32 -> 0 | AC32: =X32 -> 0 | AG32: =AC32=(AD32+AE32+AF32) -> TRUE | AI32: =Y32 -> 0 | AL32: =AI32=(AJ32+AK32) -> TRUE
C33: =IF(D33<=15,$C$1,$C$2) -> 2026091 | D33: 1 | E33: 0 | F33: =VLOOKUP(E33,'Códigos bancos'!$B$4:$C$29,2,0) -> #N/A | G33: 1 | H33: =VLOOKUP(G33,'Códigos bancos'!$F$4:$G$14,2,0) -> Oficinas | J33: 0 | K33: 0 | L33: 0 | M33: 0 | N33: 0 | O33: 0 | P33: 0 | Q33: 0 | R33: 0 | S33: 0 | T33: =J33+L33+N33+P33+R33 -> 0 | U33: =K33+M33+O33+Q33+S33 -> 0 | V33: 0 | W33: 0 | X33: =V33-T33 -> 0 | Y33: =W33-U33 -> 0 | AC33: =X33 -> 0 | AG33: =AC33=(AD33+AE33+AF33) -> TRUE | AI33: =Y33 -> 0 | AL33: =AI33=(AJ33+AK33) -> TRUE
C34: =IF(D34<=15,$C$1,$C$2) -> 2026091 | D34: 1 | E34: 0 | F34: =VLOOKUP(E34,'Códigos bancos'!$B$4:$C$29,2,0) -> #N/A | G34: 1 | H34: =VLOOKUP(G34,'Códigos bancos'!$F$4:$G$14,2,0) -> Oficinas | J34: 0 | K34: 0 | L34: 0 | M34: 0 | N34: 0 | O34: 0 | P34: 0 | Q34: 0 | R34: 0 | S34: 0 | T34: =J34+L34+N34+P34+R34 -> 0 | U34: =K34+M34+O34+Q34+S34 -> 0 | V34: 0 | W34: 0 | X34: =V34-T34 -> 0 | Y34: =W34-U34 -> 0 | AC34: =X34 -> 0 | AG34: =AC34=(AD34+AE34+AF34) -> TRUE | AI34: =Y34 -> 0 | AL34: =AI34=(AJ34+AK34) -> TRUE
C35: =IF(D35<=15,$C$1,$C$2) -> 2026091 | D35: 1 | E35: 0 | F35: =VLOOKUP(E35,'Códigos bancos'!$B$4:$C$29,2,0) -> #N/A | G35: 1 | H35: =VLOOKUP(G35,'Códigos bancos'!$F$4:$G$14,2,0) -> Oficinas | J35: 0 | K35: 0 | L35: 0 | M35: 0 | N35: 0 | O35: 0 | P35: 0 | Q35: 0 | R35: 0 | S35: 0 | T35: =J35+L35+N35+P35+R35 -> 0 | U35: =K35+M35+O35+Q35+S35 -> 0 | V35: 0 | W35: 0 | X35: =V35-T35 -> 0 | Y35: =W35-U35 -> 0 | AC35: =X35 -> 0 | AG35: =AC35=(AD35+AE35+AF35) -> TRUE | AL35: =AI35=(AJ35+AK35) -> TRUE
C36: =IF(D36<=15,$C$1,$C$2) -> 2026091 | D36: 1 | E36: 0 | F36: =VLOOKUP(E36,'Códigos bancos'!$B$4:$C$29,2,0) -> #N/A | G36: 1 | H36: =VLOOKUP(G36,'Códigos bancos'!$F$4:$G$14,2,0) -> Oficinas | J36: 0 | K36: 0 | L36: 0 | M36: 0 | N36: 0 | O36: 0 | P36: 0 | Q36: 0 | R36: 0 | S36: 0 | T36: =J36+L36+N36+P36+R36 -> 0 | U36: =K36+M36+O36+Q36+S36 -> 0 | V36: 0 | W36: 0 | X36: =V36-T36 -> 0 | Y36: =W36-U36 -> 0 | AC36: =X36 -> 0 | AG36: =AC36=(AD36+AE36+AF36) -> TRUE | AI36: =Y36 -> 0 | AL36: =AI36=(AJ36+AK36) -> TRUE
C37: =IF(D37<=15,$C$1,$C$2) -> 2026091 | D37: 1 | E37: 0 | F37: =VLOOKUP(E37,'Códigos bancos'!$B$4:$C$29,2,0) -> #N/A | G37: 1 | H37: =VLOOKUP(G37,'Códigos bancos'!$F$4:$G$14,2,0) -> Oficinas | J37: 0 | K37: 0 | L37: 0 | M37: 0 | N37: 0 | O37: 0 | P37: 0 | Q37: 0 | R37: 0 | S37: 0 | T37: =J37+L37+N37+P37+R37 -> 0 | U37: =K37+M37+O37+Q37+S37 -> 0 | V37: 0 | W37: 0 | X37: =V37-T37 -> 0 | Y37: =W37-U37 -> 0 | AC37: =X37 -> 0 | AG37: =AC37=(AD37+AE37+AF37) -> TRUE | AI37: =Y37 -> 0 | AL37: =AI37=(AJ37+AK37) -> TRUE
F38: TOTAL RECAUDO | J38: =SUM(J13:J37) -> 0 | K38: =SUM(K13:K37) -> 0 | L38: =SUM(L13:L37) -> 0 | M38: =SUM(M13:M37) -> 0 | N38: =SUM(N13:N37) -> 0 | O38: =SUM(O13:O37) -> 0 | P38: =SUM(P13:P37) -> 0 | Q38: =SUM(Q13:Q37) -> 0 | ... Y38: =SUM(Y13:Y37) -> 0 | AC38: =SUM(AC13:AC37) -> 0 | AD38: =SUM(AD13:AD37) -> 0 | AE38: =SUM(AE13:AE37) -> 0 | AF38: =SUM(AF13:AF37) -> 0 | AI38: =SUM(AI13:AI37) -> 0 | AJ38: =SUM(AJ13:AJ37) -> 0 | AK38: =SUM(AK13:AK37) -> 0
B40: FECHA APLICACIÓN | C40: CODIGO REMUNERACIÓN | D40: FECHA RECAUDO | E40: CÓDIGO BC | F40: NOMBRE BANCO | G40: CÓDIGO CR | H40: CANAL RECAUDO | I40: N° CUENTA | J40: ASE 1 N° REGISTROS ARCHIVO | K40: ASE 1 VALOR ARCHIVO | L40: ASE 2 N° REGISTROS ARCHIVO | M40: ASE 2 VALOR ARCHIVO | N40: ASE 3 N° REGISTROS ARCHIVO | O40: ASE 3 VALOR ARCHIVO | P40: ASE 4 N° REGISTROS ARCHIVO | Q40: ASE 4 VALOR ARCHIVO | R40: ASE 5 N° REGISTROS ARCHIVO | S40: ASE 5 VALOR ARCHIVO | T40: TOTAL N° REGISTROS APLICADOS | U40: TOTAL VALOR APLICADO | V40: N° REGISTROS REPORTADOS POR BANCO | W40: VALOR REPORTADO POR BANCO | X40: DIFERENCIA REGISTROS | Y40: DIFERENCIA VALOR | AC40: DIFERENCIA REGISTROS | AD40: REGISTROS ENVIADOS EAAB // SON CARTERA | AE40: REGISTROS NO IDENTIFICADO - NI. | AF40: REGISTROS CON VALOR EN $0 | AG40: VALIDACION | AI40: DIFERENCIA VALOR | AJ40: VALOR ENVIADOS EAAB // SON CARTERA | AK40: VALOR NO IDENTIFICADO - NI. | AL40: VALIDACION
B41: 3/09/2026 | C41: =IF(D41<=15,$C$1,$C$2) -> 2026091 | D41: 2 | E41: 20 | F41: =VLOOKUP(E41,'Códigos bancos'!$B$4:$C$29,2,0) -> Bancolombia ENERBIT | G41: 1 | H41: =VLOOKUP(G41,'Códigos bancos'!$F$4:$G$14,2,0) -> Oficinas | J41: 0 | K41: 0 | L41: 0 | M41: 0 | N41: 0 | O41: 0 | P41: 0 | Q41: 0 | R41: 515 | S41: 22706710 | T41: =J41+L41+N41+P41+R41 -> 515 | U41: =K41+M41+O41+Q41+S41 -> 22706710 | V41: 515 | W41: 22706710 | X41: =V41-T41 -> 0 | Y41: =W41-U41 -> 0 | AC41: =X41 -> 0 | AG41: =AC41=(AD41+AE41+AF41) -> TRUE | AI41: =Y41 -> 0 | AL41: =AI41=(AJ41+AK41) -> TRUE
C42: =IF(D42<=15,$C$1,$C$2) -> 2026091 | D42: 2 | E42: 0 | F42: =VLOOKUP(E42,'Códigos bancos'!$B$4:$C$29,2,0) -> #N/A | G42: 1 | H42: =VLOOKUP(G42,'Códigos bancos'!$F$4:$G$14,2,0) -> Oficinas | J42: 0 | K42: 0 | L42: 0 | M42: 0 | N42: 0 | O42: 0 | P42: 0 | Q42: 0 | R42: 0 | S42: 0 | T42: =J42+L42+N42+P42+R42 -> 0 | U42: =K42+M42+O42+Q42+S42 -> 0 | V42: 0 | W42: 0 | X42: =V42-T42 -> 0 | Y42: =W42-U42 -> 0 | AC42: =X42 -> 0 | AG42: =AC42=(AD42+AE42+AF42) -> TRUE | AI42: =Y42 -> 0 | AL42: =AI42=(AJ42+AK42) -> TRUE
C43: =IF(D43<=15,$C$1,$C$2) -> 2026091 | D43: 2 | E43: 0 | F43: =VLOOKUP(E43,'Códigos bancos'!$B$4:$C$29,2,0) -> #N/A | G43: 1 | H43: =VLOOKUP(G43,'Códigos bancos'!$F$4:$G$14,2,0) -> Oficinas | J43: 0 | K43: 0 | L43: 0 | M43: 0 | N43: 0 | O43: 0 | P43: 0 | Q43: 0 | R43: 0 | S43: 0 | T43: =J43+L43+N43+P43+R43 -> 0 | U43: =K43+M43+O43+Q43+S43 -> 0 | V43: 0 | W43: 0 | X43: =V43-T43 -> 0 | Y43: =W43-U43 -> 0 | AC43: =X43 -> 0 | AG43: =AC43=(AD43+AE43+AF43) -> TRUE | AI43: =Y43 -> 0 | AL43: =AI43=(AJ43+AK43) -> TRUE
C44: =IF(D44<=15,$C$1,$C$2) -> 2026091 | D44: 2 | E44: 0 | F44: =VLOOKUP(E44,'Códigos bancos'!$B$4:$C$29,2,0) -> #N/A | G44: 1 | H44: =VLOOKUP(G44,'Códigos bancos'!$F$4:$G$14,2,0) -> Oficinas | J44: 0 | K44: 0 | L44: 0 | M44: 0 | N44: 0 | O44: 0 | P44: 0 | Q44: 0 | R44: 0 | S44: 0 | T44: =J44+L44+N44+P44+R44 -> 0 | U44: =K44+M44+O44+Q44+S44 -> 0 | V44: 0 | W44: 0 | X44: =V44-T44 -> 0 | Y44: =W44-U44 -> 0 | AC44: =X44 -> 0 | AG44: =AC44=(AD44+AE44+AF44) -> TRUE | AI44: =Y44 -> 0 | AL44: =AI44=(AJ44+AK44) -> TRUE
C45: =IF(D45<=15,$C$1,$C$2) -> 2026091 | D45: 2 | E45: 0 | F45: =VLOOKUP(E45,'Códigos bancos'!$B$4:$C$29,2,0) -> #N/A | G45: 1 | H45: =VLOOKUP(G45,'Códigos bancos'!$F$4:$G$14,2,0) -> Oficinas | J45: 0 | K45: 0 | L45: 0 | M45: 0 | N45: 0 | O45: 0 | P45: 0 | Q45: 0 | R45: 0 | S45: 0 | T45: =J45+L45+N45+P45+R45 -> 0 | U45: =K45+M45+O45+Q45+S45 -> 0 | V45: 0 | W45: 0 | X45: =V45-T45 -> 0 | Y45: =W45-U45 -> 0 | AC45: =X45 -> 0 | AG45: =AC45=(AD45+AE45+AF45) -> TRUE | AI45: =Y45 -> 0 | AL45: =AI45=(AJ45+AK45) -> TRUE
C46: =IF(D46<=15,$C$1,$C$2) -> 2026091 | D46: 2 | E46: 0 | F46: =VLOOKUP(E46,'Códigos bancos'!$B$4:$C$29,2,0) -> #N/A | G46: 1 | H46: =VLOOKUP(G46,'Códigos bancos'!$F$4:$G$14,2,0) -> Oficinas | J46: 0 | K46: 0 | L46: 0 | M46: 0 | N46: 0 | O46: 0 | P46: 0 | Q46: 0 | R46: 0 | S46: 0 | T46: =J46+L46+N46+P46+R46 -> 0 | U46: =K46+M46+O46+Q46+S46 -> 0 | V46: 0 | W46: 0 | X46: =V46-T46 -> 0 | Y46: =W46-U46 -> 0 | AC46: =X46 -> 0 | AG46: =AC46=(AD46+AE46+AF46) -> TRUE | AI46: =Y46 -> 0 | AL46: =AI46=(AJ46+AK46) -> TRUE
C47: =IF(D47<=15,$C$1,$C$2) -> 2026091 | D47: 2 | E47: 0 | F47: =VLOOKUP(E47,'Códigos bancos'!$B$4:$C$29,2,0) -> #N/A | G47: 1 | H47: =VLOOKUP(G47,'Códigos bancos'!$F$4:$G$14,2,0) -> Oficinas | J47: 0 | K47: 0 | L47: 0 | M47: 0 | N47: 0 | O47: 0 | P47: 0 | Q47: 0 | R47: 0 | S47: 0 | T47: =J47+L47+N47+P47+R47 -> 0 | U47: =K47+M47+O47+Q47+S47 -> 0 | V47: 0 | W47: 0 | X47: =V47-T47 -> 0 | Y47: =W47-U47 -> 0 | AC47: =X47 -> 0 | AG47: =AC47=(AD47+AE47+AF47) -> TRUE | AI47: =Y47 -> 0 | AL47: =AI47=(AJ47+AK47) -> TRUE
C48: =IF(D48<=15,$C$1,$C$2) -> 2026091 | D48: 2 | E48: 0 | F48: =VLOOKUP(E48,'Códigos bancos'!$B$4:$C$29,2,0) -> #N/A | G48: 1 | H48: =VLOOKUP(G48,'Códigos bancos'!$F$4:$G$14,2,0) -> Oficinas | J48: 0 | K48: 0 | L48: 0 | M48: 0 | N48: 0 | O48: 0 | P48: 0 | Q48: 0 | R48: 0 | S48: 0 | T48: =J48+L48+N48+P48+R48 -> 0 | U48: =K48+M48+O48+Q48+S48 -> 0 | V48: 0 | W48: 0 | X48: =V48-T48 -> 0 | Y48: =W48-U48 -> 0 | AC48: =X48 -> 0 | AG48: =AC48=(AD48+AE48+AF48) -> TRUE | AI48: =Y48 -> 0 | AL48: =AI48=(AJ48+AK48) -> TRUE
C49: =IF(D49<=15,$C$1,$C$2) -> 2026091 | D49: 2 | E49: 0 | F49: =VLOOKUP(E49,'Códigos bancos'!$B$4:$C$29,2,0) -> #N/A | G49: 1 | H49: =VLOOKUP(G49,'Códigos bancos'!$F$4:$G$14,2,0) -> Oficinas | J49: 0 | K49: 0 | L49: 0 | M49: 0 | N49: 0 | O49: 0 | P49: 0 | Q49: 0 | R49: 0 | S49: 0 | T49: =J49+L49+N49+P49+R49 -> 0 | U49: =K49+M49+O49+Q49+S49 -> 0 | V49: 0 | W49: 0 | X49: =V49-T49 -> 0 | Y49: =W49-U49 -> 0 | AC49: =X49 -> 0 | AG49: =AC49=(AD49+AE49+AF49) -> TRUE | AI49: =Y49 -> 0 | AL49: =AI49=(AJ49+AK49) -> TRUE
C50: =IF(D50<=15,$C$1,$C$2) -> 2026091 | D50: 2 | E50: 0 | F50: =VLOOKUP(E50,'Códigos bancos'!$B$4:$C$29,2,0) -> #N/A | G50: 1 | H50: =VLOOKUP(G50,'Códigos bancos'!$F$4:$G$14,2,0) -> Oficinas | J50: 0 | K50: 0 | L50: 0 | M50: 0 | N50: 0 | O50: 0 | P50: 0 | Q50: 0 | R50: 0 | S50: 0 | T50: =J50+L50+N50+P50+R50 -> 0 | U50: =K50+M50+O50+Q50+S50 -> 0 | V50: 0 | W50: 0 | X50: =V50-T50 -> 0 | Y50: =W50-U50 -> 0 | AC50: =X50 -> 0 | AG50: =AC50=(AD50+AE50+AF50) -> TRUE | AI50: =Y50 -> 0 | AL50: =AI50=(AJ50+AK50) -> TRUE
C51: =IF(D51<=15,$C$1,$C$2) -> 2026091 | D51: 2 | E51: 0 | F51: =VLOOKUP(E51,'Códigos bancos'!$B$4:$C$29,2,0) -> #N/A | G51: 1 | H51: =VLOOKUP(G51,'Códigos bancos'!$F$4:$G$14,2,0) -> Oficinas | J51: 0 | K51: 0 | L51: 0 | M51: 0 | N51: 0 | O51: 0 | P51: 0 | Q51: 0 | R51: 0 | S51: 0 | T51: =J51+L51+N51+P51+R51 -> 0 | U51: =K51+M51+O51+Q51+S51 -> 0 | V51: 0 | W51: 0 | X51: =V51-T51 -> 0 | Y51: =W51-U51 -> 0 | AC51: =X51 -> 0 | AG51: =AC51=(AD51+AE51+AF51) -> TRUE | AI51: =Y51 -> 0 | AL51: =AI51=(AJ51+AK51) -> TRUE
C52: =IF(D52<=15,$C$1,$C$2) -> 2026091 | D52: 2 | E52: 0 | F52: =VLOOKUP(E52,'Códigos bancos'!$B$4:$C$29,2,0) -> #N/A | G52: 1 | H52: =VLOOKUP(G52,'Códigos bancos'!$F$4:$G$14,2,0) -> Oficinas | J52: 0 | K52: 0 | L52: 0 | M52: 0 | N52: 0 | O52: 0 | P52: 0 | Q52: 0 | R52: 0 | S52: 0 | T52: =J52+L52+N52+P52+R52 -> 0 | U52: =K52+M52+O52+Q52+S52 -> 0 | V52: 0 | W52: 0 | X52: =V52-T52 -> 0 | Y52: =W52-U52 -> 0 | AC52: =X52 -> 0 | AG52: =AC52=(AD52+AE52+AF52) -> TRUE | AI52: =Y52 -> 0 | AL52: =AI52=(AJ52+AK52) -> TRUE
C53: =IF(D53<=15,$C$1,$C$2) -> 2026091 | D53: 2 | E53: 0 | F53: =VLOOKUP(E53,'Códigos bancos'!$B$4:$C$29,2,0) -> #N/A | G53: 1 | H53: =VLOOKUP(G53,'Códigos bancos'!$F$4:$G$14,2,0) -> Oficinas | J53: 0 | K53: 0 | L53: 0 | M53: 0 | N53: 0 | O53: 0 | P53: 0 | Q53: 0 | R53: 0 | S53: 0 | T53: =J53+L53+N53+P53+R53 -> 0 | U53: =K53+M53+O53+Q53+S53 -> 0 | V53: 0 | W53: 0 | X53: =V53-T53 -> 0 | Y53: =W53-U53 -> 0 | AC53: =X53 -> 0 | AG53: =AC53=(AD53+AE53+AF53) -> TRUE | AI53: =Y53 -> 0 | AL53: =AI53=(AJ53+AK53) -> TRUE
... C62: =IF(D62<=15,$C$1,$C$2) -> 2026091 | D62: 2 | E62: 0 | F62: =VLOOKUP(E62,'Códigos bancos'!$B$4:$C$29,2,0) -> #N/A | G62: 1 | H62: =VLOOKUP(G62,'Códigos bancos'!$F$4:$G$14,2,0) -> Oficinas | J62: 0 | K62: 0 | L62: 0 | M62: 0 | N62: 0 | O62: 0 | P62: 0 | Q62: 0 | R62: 0 | S62: 0 | T62: =J62+L62+N62+P62+R62 -> 0 | U62: =K62+M62+O62+Q62+S62 -> 0 | V62: 0 | W62: 0 | X62: =V62-T62 -> 0 | Y62: =W62-U62 -> 0 | AC62: =X62 -> 0 | AG62: =AC62=(AD62+AE62+AF62) -> TRUE | AI62: =Y62 -> 0 | AL62: =AI62=(AJ62+AK62) -> TRUE
C63: =IF(D63<=15,$C$1,$C$2) -> 2026091 | D63: 2 | E63: 0 | F63: =VLOOKUP(E63,'Códigos bancos'!$B$4:$C$29,2,0) -> #N/A | G63: 1 | H63: =VLOOKUP(G63,'Códigos bancos'!$F$4:$G$14,2,0) -> Oficinas | J63: 0 | K63: 0 | L63: 0 | M63: 0 | N63: 0 | O63: 0 | P63: 0 | Q63: 0 | R63: 0 | S63: 0 | T63: =J63+L63+N63+P63+R63 -> 0 | U63: =K63+M63+O63+Q63+S63 -> 0 | V63: 0 | W63: 0 | X63: =V63-T63 -> 0 | Y63: =W63-U63 -> 0 | AC63: =X63 -> 0 | AG63: =AC63=(AD63+AE63+AF63) -> TRUE | AL63: =AI63=(AJ63+AK63) -> TRUE
C64: =IF(D64<=15,$C$1,$C$2) -> 2026091 | D64: 2 | E64: 0 | F64: =VLOOKUP(E64,'Códigos bancos'!$B$4:$C$29,2,0) -> #N/A | G64: 1 | H64: =VLOOKUP(G64,'Códigos bancos'!$F$4:$G$14,2,0) -> Oficinas | J64: 0 | K64: 0 | L64: 0 | M64: 0 | N64: 0 | O64: 0 | P64: 0 | Q64: 0 | R64: 0 | S64: 0 | T64: =J64+L64+N64+P64+R64 -> 0 | U64: =K64+M64+O64+Q64+S64 -> 0 | V64: 0 | W64: 0 | X64: =V64-T64 -> 0 | Y64: =W64-U64 -> 0 | AC64: =X64 -> 0 | AG64: =AC64=(AD64+AE64+AF64) -> TRUE | AI64: =Y64 -> 0 | AL64: =AI64=(AJ64+AK64) -> TRUE
C65: =IF(D65<=15,$C$1,$C$2) -> 2026091 | D65: 2 | E65: 0 | F65: =VLOOKUP(E65,'Códigos bancos'!$B$4:$C$29,2,0) -> #N/A | G65: 1 | H65: =VLOOKUP(G65,'Códigos bancos'!$F$4:$G$14,2,0) -> Oficinas | J65: 0 | K65: 0 | L65: 0 | M65: 0 | N65: 0 | O65: 0 | P65: 0 | Q65: 0 | R65: 0 | S65: 0 | T65: =J65+L65+N65+P65+R65 -> 0 | U65: =K65+M65+O65+Q65+S65 -> 0 | V65: 0 | W65: 0 | X65: =V65-T65 -> 0 | Y65: =W65-U65 -> 0 | AC65: =X65 -> 0 | AG65: =AC65=(AD65+AE65+AF65) -> TRUE | AI65: =Y65 -> 0 | AL65: =AI65=(AJ65+AK65) -> TRUE
F66: TOTAL RECAUDO | J66: =SUM(J41:J65) -> 0 | K66: =SUM(K41:K65) -> 0 | L66: =SUM(L41:L65) -> 0 | M66: =SUM(M41:M65) -> 0 | N66: =SUM(N41:N65) -> 0 | O66: =SUM(O41:O65) -> 0 | P66: =SUM(P41:P65) -> 0 | Q66: =SUM(Q41:Q65) -> 0 | ... Y66: =SUM(Y41:Y65) -> 0 | AC66: =SUM(AC41:AC65) -> 0 | AD66: =SUM(AD41:AD65) -> 0 | AE66: =SUM(AE41:AE65) -> 0 | AF66: =SUM(AF41:AF65) -> 0 | AI66: =SUM(AI41:AI65) -> 0 | AJ66: =SUM(AJ41:AJ65) -> 0 | AK66: =SUM(AK41:AK65) -> 0
B68: FECHA APLICACIÓN | C68: CODIGO REMUNERACIÓN | D68: FECHA RECAUDO | E68: CÓDIGO BC | F68: NOMBRE BANCO | G68: CÓDIGO CR | H68: CANAL RECAUDO | I68: N° CUENTA | J68: ASE 1 N° REGISTROS ARCHIVO | K68: ASE 1 VALOR ARCHIVO | L68: ASE 2 N° REGISTROS ARCHIVO | M68: ASE 2 VALOR ARCHIVO | N68: ASE 3 N° REGISTROS ARCHIVO | O68: ASE 3 VALOR ARCHIVO | P68: ASE 4 N° REGISTROS ARCHIVO | Q68: ASE 4 VALOR ARCHIVO | R68: ASE 5 N° REGISTROS ARCHIVO | S68: ASE 5 VALOR ARCHIVO | T68: TOTAL N° REGISTROS APLICADOS | U68: TOTAL VALOR APLICADO | V68: N° REGISTROS REPORTADOS POR BANCO | W68: VALOR REPORTADO POR BANCO | X68: DIFERENCIA REGISTROS | Y68: DIFERENCIA VALOR | AC68: DIFERENCIA REGISTROS | AD68: REGISTROS ENVIADOS EAAB // SON CARTERA | AE68: REGISTROS NO IDENTIFICADO - NI. | AF68: REGISTROS CON VALOR EN $0 | AG68: VALIDACION | AI68: DIFERENCIA VALOR | AK68: VALOR NO IDENTIFICADO - NI. | AL68: VALIDACION
B69: 3/09/2026 | C69: =IF(D69<=15,$C$1,$C$2) -> 2026091 | D69: 3 | E69: 20 | F69: =VLOOKUP(E69,'Códigos bancos'!$B$4:$C$29,2,0) -> Bancolombia ENERBIT | G69: 1 | H69: =VLOOKUP(G69,'Códigos bancos'!$F$4:$G$14,2,0) -> Oficinas | J69: 0 | K69: 0 | L69: 0 | M69: 0 | N69: 0 | O69: 0 | P69: 0 | Q69: 0 | R69: 330 | S69: 14638040 | T69: =J69+L69+N69+P69+R69 -> 330 | U69: =K69+M69+O69+Q69+S69 -> 14638040 | V69: 330 | W69: 14638040 | X69: =V69-T69 -> 0 | Y69: =W69-U69 -> 0 | AC69: =X69 -> 0 | AG69: =AC69=(AD69+AE69+AF69) -> TRUE | AI69: =Y69 -> 0 | AL69: =AI69=(AJ69+AK69) -> TRUE
C70: =IF(D70<=15,$C$1,$C$2) -> 2026091 | D70: 3 | E70: 0 | F70: =VLOOKUP(E70,'Códigos bancos'!$B$4:$C$29,2,0) -> #N/A | G70: 1 | H70: =VLOOKUP(G70,'Códigos bancos'!$F$4:$G$14,2,0) -> Oficinas | J70: 0 | K70: 0 | L70: 0 | M70: 0 | N70: 0 | O70: 0 | P70: 0 | Q70: 0 | R70: 0 | S70: 0 | T70: =J70+L70+N70+P70+R70 -> 0 | U70: =K70+M70+O70+Q70+S70 -> 0 | V70: 0 | W70: 0 | X70: =V70-T70 -> 0 | Y70: =W70-U70 -> 0 | AC70: =X70 -> 0 | AG70: =AC70=(AD70+AE70+AF70) -> TRUE | AI70: =Y70 -> 0 | AL70: =AI70=(AJ70+AK70) -> TRUE
C71: =IF(D71<=15,$C$1,$C$2) -> 2026091 | D71: 3 | E71: 0 | F71: =VLOOKUP(E71,'Códigos bancos'!$B$4:$C$29,2,0) -> #N/A | G71: 1 | H71: =VLOOKUP(G71,'Códigos bancos'!$F$4:$G$14,2,0) -> Oficinas | J71: 0 | K71: 0 | L71: 0 | M71: 0 | N71: 0 | O71: 0 | P71: 0 | Q71: 0 | R71: 0 | S71: 0 | T71: =J71+L71+N71+P71+R71 -> 0 | U71: =K71+M71+O71+Q71+S71 -> 0 | V71: 0 | W71: 0 | X71: =V71-T71 -> 0 | Y71: =W71-U71 -> 0 | AC71: =X71 -> 0 | AG71: =AC71=(AD71+AE71+AF71) -> TRUE | AI71: =Y71 -> 0 | AL71: =AI71=(AJ71+AK71) -> TRUE
C72: =IF(D72<=15,$C$1,$C$2) -> 2026091 | D72: 3 | E72: 0 | F72: =VLOOKUP(E72,'Códigos bancos'!$B$4:$C$29,2,0) -> #N/A | G72: 1 | H72: =VLOOKUP(G72,'Códigos bancos'!$F$4:$G$14,2,0) -> Oficinas | J72: 0 | K72: 0 | L72: 0 | M72: 0 | N72: 0 | O72: 0 | P72: 0 | Q72: 0 | R72: 0 | S72: 0 | T72: =J72+L72+N72+P72+R72 -> 0 | U72: =K72+M72+O72+Q72+S72 -> 0 | V72: 0 | W72: 0 | X72: =V72-T72 -> 0 | Y72: =W72-U72 -> 0 | AC72: =X72 -> 0 | AG72: =AC72=(AD72+AE72+AF72) -> TRUE | AI72: =Y72 -> 0 | AL72: =AI72=(AJ72+AK72) -> TRUE
C73: =IF(D73<=15,$C$1,$C$2) -> 2026091 | D73: 3 | E73: 0 | F73: =VLOOKUP(E73,'Códigos bancos'!$B$4:$C$29,2,0) -> #N/A | G73: 1 | H73: =VLOOKUP(G73,'Códigos bancos'!$F$4:$G$14,2,0) -> Oficinas | J73: 0 | K73: 0 | L73: 0 | M73: 0 | N73: 0 | O73: 0 | P73: 0 | Q73: 0 | R73: 0 | S73: 0 | T73: =J73+L73+N73+P73+R73 -> 0 | U73: =K73+M73+O73+Q73+S73 -> 0 | V73: 0 | W73: 0 | X73: =V73-T73 -> 0 | Y73: =W73-U73 -> 0 | AC73: =X73 -> 0 | AG73: =AC73=(AD73+AE73+AF73) -> TRUE | AI73: =Y73 -> 0 | AL73: =AI73=(AJ73+AK73) -> TRUE
C74: =IF(D74<=15,$C$1,$C$2) -> 2026091 | D74: 3 | E74: 0 | F74: =VLOOKUP(E74,'Códigos bancos'!$B$4:$C$29,2,0) -> #N/A | G74: 1 | H74: =VLOOKUP(G74,'Códigos bancos'!$F$4:$G$14,2,0) -> Oficinas | J74: 0 | K74: 0 | L74: 0 | M74: 0 | N74: 0 | O74: 0 | P74: 0 | Q74: 0 | R74: 0 | S74: 0 | T74: =J74+L74+N74+P74+R74 -> 0 | U74: =K74+M74+O74+Q74+S74 -> 0 | V74: 0 | W74: 0 | X74: =V74-T74 -> 0 | Y74: =W74-U74 -> 0 | AC74: =X74 -> 0 | AG74: =AC74=(AD74+AE74+AF74) -> TRUE | AI74: =Y74 -> 0 | AL74: =AI74=(AJ74+AK74) -> TRUE
C75: =IF(D75<=15,$C$1,$C$2) -> 2026091 | D75: 3 | E75: 0 | F75: =VLOOKUP(E75,'Códigos bancos'!$B$4:$C$29,2,0) -> #N/A | G75: 1 | H75: =VLOOKUP(G75,'Códigos bancos'!$F$4:$G$14,2,0) -> Oficinas | J75: 0 | K75: 0 | L75: 0 | M75: 0 | N75: 0 | O75: 0 | P75: 0 | Q75: 0 | R75: 0 | S75: 0 | T75: =J75+L75+N75+P75+R75 -> 0 | U75: =K75+M75+O75+Q75+S75 -> 0 | V75: 0 | W75: 0 | X75: =V75-T75 -> 0 | Y75: =W75-U75 -> 0 | AC75: =X75 -> 0 | AG75: =AC75=(AD75+AE75+AF75) -> TRUE | AI75: =Y75 -> 0 | AL75: =AI75=(AJ75+AK75) -> TRUE
C76: =IF(D76<=15,$C$1,$C$2) -> 2026091 | D76: 3 | E76: 0 | F76: =VLOOKUP(E76,'Códigos bancos'!$B$4:$C$29,2,0) -> #N/A | G76: 1 | H76: =VLOOKUP(G76,'Códigos bancos'!$F$4:$G$14,2,0) -> Oficinas | J76: 0 | K76: 0 | L76: 0 | M76: 0 | N76: 0 | O76: 0 | P76: 0 | Q76: 0 | R76: 0 | S76: 0 | T76: =J76+L76+N76+P76+R76 -> 0 | U76: =K76+M76+O76+Q76+S76 -> 0 | V76: 0 | W76: 0 | X76: =V76-T76 -> 0 | Y76: =W76-U76 -> 0 | AC76: =X76 -> 0 | AG76: =AC76=(AD76+AE76+AF76) -> TRUE | AI76: =Y76 -> 0 | AL76: =AI76=(AJ76+AK76) -> TRUE
C77: =IF(D77<=15,$C$1,$C$2) -> 2026091 | D77: 3 | E77: 0 | F77: =VLOOKUP(E77,'Códigos bancos'!$B$4:$C$29,2,0) -> #N/A | G77: 1 | H77: =VLOOKUP(G77,'Códigos bancos'!$F$4:$G$14,2,0) -> Oficinas | J77: 0 | K77: 0 | L77: 0 | M77: 0 | N77: 0 | O77: 0 | P77: 0 | Q77: 0 | R77: 0 | S77: 0 | T77: =J77+L77+N77+P77+R77 -> 0 | U77: =K77+M77+O77+Q77+S77 -> 0 | V77: 0 | W77: 0 | X77: =V77-T77 -> 0 | Y77: =W77-U77 -> 0 | AC77: =X77 -> 0 | AG77: =AC77=(AD77+AE77+AF77) -> TRUE | AI77: =Y77 -> 0 | AL77: =AI77=(AJ77+AK77) -> TRUE
C78: =IF(D78<=15,$C$1,$C$2) -> 2026091 | D78: 3 | E78: 0 | F78: =VLOOKUP(E78,'Códigos bancos'!$B$4:$C$29,2,0) -> #N/A | G78: 1 | H78: =VLOOKUP(G78,'Códigos bancos'!$F$4:$G$14,2,0) -> Oficinas | J78: 0 | K78: 0 | L78: 0 | M78: 0 | N78: 0 | O78: 0 | P78: 0 | Q78: 0 | R78: 0 | S78: 0 | T78: =J78+L78+N78+P78+R78 -> 0 | U78: =K78+M78+O78+Q78+S78 -> 0 | V78: 0 | W78: 0 | X78: =V78-T78 -> 0 | Y78: =W78-U78 -> 0 | AC78: =X78 -> 0 | AG78: =AC78=(AD78+AE78+AF78) -> TRUE | AI78: =Y78 -> 0 | AL78: =AI78=(AJ78+AK78) -> TRUE
C79: =IF(D79<=15,$C$1,$C$2) -> 2026091 | D79: 3 | E79: 0 | F79: =VLOOKUP(E79,'Códigos bancos'!$B$4:$C$29,2,0) -> #N/A | G79: 1 | H79: =VLOOKUP(G79,'Códigos bancos'!$F$4:$G$14,2,0) -> Oficinas | J79: 0 | K79: 0 | L79: 0 | M79: 0 | N79: 0 | O79: 0 | P79: 0 | Q79: 0 | R79: 0 | S79: 0 | T79: =J79+L79+N79+P79+R79 -> 0 | U79: =K79+M79+O79+Q79+S79 -> 0 | V79: 0 | W79: 0 | X79: =V79-T79 -> 0 | Y79: =W79-U79 -> 0 | AC79: =X79 -> 0 | AG79: =AC79=(AD79+AE79+AF79) -> TRUE | AI79: =Y79 -> 0 | AL79: =AI79=(AJ79+AK79) -> TRUE
C80: =IF(D80<=15,$C$1,$C$2) -> 2026091 | D80: 3 | E80: 0 | F80: =VLOOKUP(E80,'Códigos bancos'!$B$4:$C$29,2,0) -> #N/A | G80: 1 | H80: =VLOOKUP(G80,'Códigos bancos'!$F$4:$G$14,2,0) -> Oficinas | J80: 0 | K80: 0 | L80: 0 | M80: 0 | N80: 0 | O80: 0 | P80: 0 | Q80: 0 | R80: 0 | S80: 0 | T80: =J80+L80+N80+P80+R80 -> 0 | U80: =K80+M80+O80+Q80+S80 -> 0 | V80: 0 | W80: 0 | X80: =V80-T80 -> 0 | Y80: =W80-U80 -> 0 | AC80: =X80 -> 0 | AG80: =AC80=(AD80+AE80+AF80) -> TRUE | AI80: =Y80 -> 0 | AL80: =AI80=(AJ80+AK80) -> TRUE
C81: =IF(D81<=15,$C$1,$C$2) -> 2026091 | D81: 3 | E81: 0 | F81: =VLOOKUP(E81,'Códigos bancos'!$B$4:$C$29,2,0) -> #N/A | G81: 1 | H81: =VLOOKUP(G81,'Códigos bancos'!$F$4:$G$14,2,0) -> Oficinas | J81: 0 | K81: 0 | L81: 0 | M81: 0 | N81: 0 | O81: 0 | P81: 0 | Q81: 0 | R81: 0 | S81: 0 | T81: =J81+L81+N81+P81+R81 -> 0 | U81: =K81+M81+O81+Q81+S81 -> 0 | V81: 0 | W81: 0 | X81: =V81-T81 -> 0 | Y81: =W81-U81 -> 0 | AC81: =X81 -> 0 | AG81: =AC81=(AD81+AE81+AF81) -> TRUE | AI81: =Y81 -> 0 | AL81: =AI81=(AJ81+AK81) -> TRUE
... C90: =IF(D90<=15,$C$1,$C$2) -> 2026091 | D90: 3 | E90: 0 | F90: =VLOOKUP(E90,'Códigos bancos'!$B$4:$C$29,2,0) -> #N/A | G90: 1 | H90: =VLOOKUP(G90,'Códigos bancos'!$F$4:$G$14,2,0) -> Oficinas | J90: 0 | K90: 0 | L90: 0 | M90: 0 | N90: 0 | O90: 0 | P90: 0 | Q90: 0 | R90: 0 | S90: 0 | T90: =J90+L90+N90+P90+R90 -> 0 | U90: =K90+M90+O90+Q90+S90 -> 0 | V90: 0 | W90: 0 | X90: =V90-T90 -> 0 | Y90: =W90-U90 -> 0 | AC90: =X90 -> 0 | AG90: =AC90=(AD90+AE90+AF90) -> TRUE | AI90: =Y90 -> 0 | AL90: =AI90=(AJ90+AK90) -> TRUE
C91: =IF(D91<=15,$C$1,$C$2) -> 2026091 | D91: 3 | E91: 0 | F91: =VLOOKUP(E91,'Códigos bancos'!$B$4:$C$29,2,0) -> #N/A | G91: 1 | H91: =VLOOKUP(G91,'Códigos bancos'!$F$4:$G$14,2,0) -> Oficinas | J91: 0 | K91: 0 | L91: 0 | M91: 0 | N91: 0 | O91: 0 | P91: 0 | Q91: 0 | R91: 0 | S91: 0 | T91: =J91+L91+N91+P91+R91 -> 0 | U91: =K91+M91+O91+Q91+S91 -> 0 | V91: 0 | W91: 0 | X91: =V91-T91 -> 0 | Y91: =W91-U91 -> 0 | AC91: =X91 -> 0 | AG91: =AC91=(AD91+AE91+AF91) -> TRUE | AL91: =AI91=(AJ91+AK91) -> TRUE
C92: =IF(D92<=15,$C$1,$C$2) -> 2026091 | D92: 3 | E92: 0 | F92: =VLOOKUP(E92,'Códigos bancos'!$B$4:$C$29,2,0) -> #N/A | G92: 1 | H92: =VLOOKUP(G92,'Códigos bancos'!$F$4:$G$14,2,0) -> Oficinas | J92: 0 | K92: 0 | L92: 0 | M92: 0 | N92: 0 | O92: 0 | P92: 0 | Q92: 0 | R92: 0 | S92: 0 | T92: =J92+L92+N92+P92+R92 -> 0 | U92: =K92+M92+O92+Q92+S92 -> 0 | V92: 0 | W92: 0 | X92: =V92-T92 -> 0 | Y92: =W92-U92 -> 0 | AC92: =X92 -> 0 | AG92: =AC92=(AD92+AE92+AF92) -> TRUE | AI92: =Y92 -> 0 | AL92: =AI92=(AJ92+AK92) -> TRUE
C93: =IF(D93<=15,$C$1,$C$2) -> 2026091 | D93: 3 | E93: 0 | F93: =VLOOKUP(E93,'Códigos bancos'!$B$4:$C$29,2,0) -> #N/A | G93: 1 | H93: =VLOOKUP(G93,'Códigos bancos'!$F$4:$G$14,2,0) -> Oficinas | J93: 0 | K93: 0 | L93: 0 | M93: 0 | N93: 0 | O93: 0 | P93: 0 | Q93: 0 | R93: 0 | S93: 0 | T93: =J93+L93+N93+P93+R93 -> 0 | U93: =K93+M93+O93+Q93+S93 -> 0 | V93: 0 | W93: 0 | X93: =V93-T93 -> 0 | Y93: =W93-U93 -> 0 | AC93: =X93 -> 0 | AG93: =AC93=(AD93+AE93+AF93) -> TRUE | AI93: =Y93 -> 0 | AL93: =AI93=(AJ93+AK93) -> TRUE
F94: TOTAL RECAUDO | J94: =SUM(J69:J93) -> 0 | K94: =SUM(K69:K93) -> 0 | L94: =SUM(L69:L93) -> 0 | M94: =SUM(M69:M93) -> 0 | N94: =SUM(N69:N93) -> 0 | O94: =SUM(O69:O93) -> 0 | P94: =SUM(P69:P93) -> 0 | Q94: =SUM(Q69:Q93) -> 0 | ... Y94: =SUM(Y69:Y93) -> 0 | AC94: =SUM(AC69:AC93) -> 0 | AD94: =SUM(AD69:AD93) -> 0 | AE94: =SUM(AE69:AE93) -> 0 | AF94: =SUM(AF69:AF93) -> 0 | AI94: =SUM(AI69:AI93) -> 0 | AJ94: =SUM(AJ69:AJ93) -> 0 | AK94: =SUM(AK69:AK93) -> 0
B96: FECHA APLICACIÓN | C96: CODIGO REMUNERACIÓN | D96: FECHA RECAUDO | E96: CÓDIGO BC | F96: NOMBRE BANCO | G96: CÓDIGO CR | H96: CANAL RECAUDO | I96: N° CUENTA | J96: ASE 1 N° REGISTROS ARCHIVO | K96: ASE 1 VALOR ARCHIVO | L96: ASE 2 N° REGISTROS ARCHIVO | M96: ASE 2 VALOR ARCHIVO | N96: ASE 3 N° REGISTROS ARCHIVO | O96: ASE 3 VALOR ARCHIVO | P96: ASE 4 N° REGISTROS ARCHIVO | Q96: ASE 4 VALOR ARCHIVO | R96: ASE 5 N° REGISTROS ARCHIVO | S96: ASE 5 VALOR ARCHIVO | T96: TOTAL N° REGISTROS APLICADOS | U96: TOTAL VALOR APLICADO | V96: N° REGISTROS REPORTADOS POR BANCO | W96: VALOR REPORTADO POR BANCO | X96: DIFERENCIA REGISTROS | Y96: DIFERENCIA VALOR | AC96: DIFERENCIA REGISTROS | AD96: REGISTROS ENVIADOS EAAB // SON CARTERA | AE96: REGISTROS NO IDENTIFICADO - NI. | AF96: REGISTROS CON VALOR EN $0 | AG96: VALIDACION | AI96: DIFERENCIA VALOR | AJ96: VALOR ENVIADOS EAAB // SON CARTERA | AK96: VALOR NO IDENTIFICADO - NI. | AL96: VALIDACION
B97: 7/09/2026 | C97: =IF(D97<=15,$C$1,$C$2) -> 2026091 | D97: 4 | E97: 20 | F97: =VLOOKUP(E97,'Códigos bancos'!$B$4:$C$29,2,0) -> Bancolombia ENERBIT | G97: 1 | H97: =VLOOKUP(G97,'Códigos bancos'!$F$4:$G$14,2,0) -> Oficinas | J97: 0 | K97: 0 | L97: 0 | M97: 0 | N97: 0 | O97: 0 | P97: 0 | Q97: 0 | R97: 216 | S97: 9174690 | T97: =J97+L97+N97+P97+R97 -> 216 | U97: =K97+M97+O97+Q97+S97 -> 9174690 | V97: 216 | W97: 9174690 | X97: =V97-T97 -> 0 | Y97: =W97-U97 -> 0 | AC97: =X97 -> 0 | AG97: =AC97=(AD97+AE97+AF97) -> TRUE | AI97: =Y97 -> 0 | AL97: =AI97=(AJ97+AK97) -> TRUE
C98: =IF(D98<=15,$C$1,$C$2) -> 2026091 | D98: 4 | E98: 0 | F98: =VLOOKUP(E98,'Códigos bancos'!$B$4:$C$29,2,0) -> #N/A | G98: 1 | H98: =VLOOKUP(G98,'Códigos bancos'!$F$4:$G$14,2,0) -> Oficinas | J98: 0 | K98: 0 | L98: 0 | M98: 0 | N98: 0 | O98: 0 | P98: 0 | Q98: 0 | R98: 0 | S98: 0 | T98: =J98+L98+N98+P98+R98 -> 0 | U98: =K98+M98+O98+Q98+S98 -> 0 | V98: 0 | W98: 0 | X98: =V98-T98 -> 0 | Y98: =W98-U98 -> 0 | AC98: =X98 -> 0 | AG98: =AC98=(AD98+AE98+AF98) -> TRUE | AI98: =Y98 -> 0 | AL98: =AI98=(AJ98+AK98) -> TRUE
C99: =IF(D99<=15,$C$1,$C$2) -> 2026091 | D99: 4 | E99: 0 | F99: =VLOOKUP(E99,'Códigos bancos'!$B$4:$C$29,2,0) -> #N/A | G99: 1 | H99: =VLOOKUP(G99,'Códigos bancos'!$F$4:$G$14,2,0) -> Oficinas | J99: 0 | K99: 0 | L99: 0 | M99: 0 | N99: 0 | O99: 0 | P99: 0 | Q99: 0 | R99: 0 | S99: 0 | T99: =J99+L99+N99+P99+R99 -> 0 | U99: =K99+M99+O99+Q99+S99 -> 0 | V99: 0 | W99: 0 | X99: =V99-T99 -> 0 | Y99: =W99-U99 -> 0 | AC99: =X99 -> 0 | AG99: =AC99=(AD99+AE99+AF99) -> TRUE | AI99: =Y99 -> 0 | AL99: =AI99=(AJ99+AK99) -> TRUE
C100: =IF(D100<=15,$C$1,$C$2) -> 2026091 | D100: 4 | E100: 0 | F100: =VLOOKUP(E100,'Códigos bancos'!$B$4:$C$29,2,0) -> #N/A | G100: 1 | H100: =VLOOKUP(G100,'Códigos bancos'!$F$4:$G$14,2,0) -> Oficinas | J100: 0 | K100: 0 | L100: 0 | M100: 0 | N100: 0 | O100: 0 | P100: 0 | Q100: 0 | R100: 0 | S100: 0 | T100: =J100+L100+N100+P100+R100 -> 0 | U100: =K100+M100+O100+Q100+S100 -> 0 | V100: 0 | W100: 0 | X100: =V100-T100 -> 0 | Y100: =W100-U100 -> 0 | AC100: =X100 -> 0 | AG100: =AC100=(AD100+AE100+AF100) -> TRUE | AI100: =Y100 -> 0 | AL100: =AI100=(AJ100+AK100) -> TRUE
C101: =IF(D101<=15,$C$1,$C$2) -> 2026091 | D101: 4 | E101: 0 | F101: =VLOOKUP(E101,'Códigos bancos'!$B$4:$C$29,2,0) -> #N/A | G101: 1 | H101: =VLOOKUP(G101,'Códigos bancos'!$F$4:$G$14,2,0) -> Oficinas | J101: 0 | K101: 0 | L101: 0 | M101: 0 | N101: 0 | O101: 0 | P101: 0 | Q101: 0 | R101: 0 | S101: 0 | T101: =J101+L101+N101+P101+R101 -> 0 | U101: =K101+M101+O101+Q101+S101 -> 0 | V101: 0 | W101: 0 | X101: =V101-T101 -> 0 | Y101: =W101-U101 -> 0 | AC101: =X101 -> 0 | AG101: =AC101=(AD101+AE101+AF101) -> TRUE | AI101: =Y101 -> 0 | AL101: =AI101=(AJ101+AK101) -> TRUE
C102: =IF(D102<=15,$C$1,$C$2) -> 2026091 | D102: 4 | E102: 0 | F102: =VLOOKUP(E102,'Códigos bancos'!$B$4:$C$29,2,0) -> #N/A | G102: 1 | H102: =VLOOKUP(G102,'Códigos bancos'!$F$4:$G$14,2,0) -> Oficinas | J102: 0 | K102: 0 | L102: 0 | M102: 0 | N102: 0 | O102: 0 | P102: 0 | Q102: 0 | R102: 0 | S102: 0 | T102: =J102+L102+N102+P102+R102 -> 0 | U102: =K102+M102+O102+Q102+S102 -> 0 | V102: 0 | W102: 0 | X102: =V102-T102 -> 0 | Y102: =W102-U102 -> 0 | AC102: =X102 -> 0 | AG102: =AC102=(AD102+AE102+AF102) -> TRUE | AI102: =Y102 -> 0 | AL102: =AI102=(AJ102+AK102) -> TRUE
C103: =IF(D103<=15,$C$1,$C$2) -> 2026091 | D103: 4 | E103: 0 | F103: =VLOOKUP(E103,'Códigos bancos'!$B$4:$C$29,2,0) -> #N/A | G103: 1 | H103: =VLOOKUP(G103,'Códigos bancos'!$F$4:$G$14,2,0) -> Oficinas | J103: 0 | K103: 0 | L103: 0 | M103: 0 | N103: 0 | O103: 0 | P103: 0 | Q103: 0 | R103: 0 | S103: 0 | T103: =J103+L103+N103+P103+R103 -> 0 | U103: =K103+M103+O103+Q103+S103 -> 0 | V103: 0 | W103: 0 | X103: =V103-T103 -> 0 | Y103: =W103-U103 -> 0 | AC103: =X103 -> 0 | AG103: =AC103=(AD103+AE103+AF103) -> TRUE | AI103: =Y103 -> 0 | AL103: =AI103=(AJ103+AK103) -> TRUE
C104: =IF(D104<=15,$C$1,$C$2) -> 2026091 | D104: 4 | E104: 0 | F104: =VLOOKUP(E104,'Códigos bancos'!$B$4:$C$29,2,0) -> #N/A | G104: 1 | H104: =VLOOKUP(G104,'Códigos bancos'!$F$4:$G$14,2,0) -> Oficinas | J104: 0 | K104: 0 | L104: 0 | M104: 0 | N104: 0 | O104: 0 | P104: 0 | Q104: 0 | R104: 0 | S104: 0 | T104: =J104+L104+N104+P104+R104 -> 0 | U104: =K104+M104+O104+Q104+S104 -> 0 | V104: 0 | W104: 0 | X104: =V104-T104 -> 0 | Y104: =W104-U104 -> 0 | AC104: =X104 -> 0 | AG104: =AC104=(AD104+AE104+AF104) -> TRUE | AI104: =Y104 -> 0 | AL104: =AI104=(AJ104+AK104) -> TRUE
C105: =IF(D105<=15,$C$1,$C$2) -> 2026091 | D105: 4 | E105: 0 | F105: =VLOOKUP(E105,'Códigos bancos'!$B$4:$C$29,2,0) -> #N/A | G105: 1 | H105: =VLOOKUP(G105,'Códigos bancos'!$F$4:$G$14,2,0) -> Oficinas | J105: 0 | K105: 0 | L105: 0 | M105: 0 | N105: 0 | O105: 0 | P105: 0 | Q105: 0 | R105: 0 | S105: 0 | T105: =J105+L105+N105+P105+R105 -> 0 | U105: =K105+M105+O105+Q105+S105 -> 0 | V105: 0 | W105: 0 | X105: =V105-T105 -> 0 | Y105: =W105-U105 -> 0 | AC105: =X105 -> 0 | AG105: =AC105=(AD105+AE105+AF105) -> TRUE | AI105: =Y105 -> 0 | AL105: =AI105=(AJ105+AK105) -> TRUE
C106: =IF(D106<=15,$C$1,$C$2) -> 2026091 | D106: 4 | E106: 0 | F106: =VLOOKUP(E106,'Códigos bancos'!$B$4:$C$29,2,0) -> #N/A | G106: 1 | H106: =VLOOKUP(G106,'Códigos bancos'!$F$4:$G$14,2,0) -> Oficinas | J106: 0 | K106: 0 | L106: 0 | M106: 0 | N106: 0 | O106: 0 | P106: 0 | Q106: 0 | R106: 0 | S106: 0 | T106: =J106+L106+N106+P106+R106 -> 0 | U106: =K106+M106+O106+Q106+S106 -> 0 | V106: 0 | W106: 0 | X106: =V106-T106 -> 0 | Y106: =W106-U106 -> 0 | AC106: =X106 -> 0 | AG106: =AC106=(AD106+AE106+AF106) -> TRUE | AI106: =Y106 -> 0 | AL106: =AI106=(AJ106+AK106) -> TRUE
C107: =IF(D107<=15,$C$1,$C$2) -> 2026091 | D107: 4 | E107: 0 | F107: =VLOOKUP(E107,'Códigos bancos'!$B$4:$C$29,2,0) -> #N/A | G107: 1 | H107: =VLOOKUP(G107,'Códigos bancos'!$F$4:$G$14,2,0) -> Oficinas | J107: 0 | K107: 0 | L107: 0 | M107: 0 | N107: 0 | O107: 0 | P107: 0 | Q107: 0 | R107: 0 | S107: 0 | T107: =J107+L107+N107+P107+R107 -> 0 | U107: =K107+M107+O107+Q107+S107 -> 0 | V107: 0 | W107: 0 | X107: =V107-T107 -> 0 | Y107: =W107-U107 -> 0 | AC107: =X107 -> 0 | AG107: =AC107=(AD107+AE107+AF107) -> TRUE | AI107: =Y107 -> 0 | AL107: =AI107=(AJ107+AK107) -> TRUE
C108: =IF(D108<=15,$C$1,$C$2) -> 2026091 | D108: 4 | E108: 0 | F108: =VLOOKUP(E108,'Códigos bancos'!$B$4:$C$29,2,0) -> #N/A | G108: 1 | H108: =VLOOKUP(G108,'Códigos bancos'!$F$4:$G$14,2,0) -> Oficinas | J108: 0 | K108: 0 | L108: 0 | M108: 0 | N108: 0 | O108: 0 | P108: 0 | Q108: 0 | R108: 0 | S108: 0 | T108: =J108+L108+N108+P108+R108 -> 0 | U108: =K108+M108+O108+Q108+S108 -> 0 | V108: 0 | W108: 0 | X108: =V108-T108 -> 0 | Y108: =W108-U108 -> 0 | AC108: =X108 -> 0 | AG108: =AC108=(AD108+AE108+AF108) -> TRUE | AI108: =Y108 -> 0 | AL108: =AI108=(AJ108+AK108) -> TRUE
C109: =IF(D109<=15,$C$1,$C$2) -> 2026091 | D109: 4 | E109: 0 | F109: =VLOOKUP(E109,'Códigos bancos'!$B$4:$C$29,2,0) -> #N/A | G109: 1 | H109: =VLOOKUP(G109,'Códigos bancos'!$F$4:$G$14,2,0) -> Oficinas | J109: 0 | K109: 0 | L109: 0 | M109: 0 | N109: 0 | O109: 0 | P109: 0 | Q109: 0 | R109: 0 | S109: 0 | T109: =J109+L109+N109+P109+R109 -> 0 | U109: =K109+M109+O109+Q109+S109 -> 0 | V109: 0 | W109: 0 | X109: =V109-T109 -> 0 | Y109: =W109-U109 -> 0 | AC109: =X109 -> 0 | AG109: =AC109=(AD109+AE109+AF109) -> TRUE | AI109: =Y109 -> 0 | AL109: =AI109=(AJ109+AK109) -> TRUE
... C118: =IF(D118<=15,$C$1,$C$2) -> 2026091 | D118: 4 | E118: 0 | F118: =VLOOKUP(E118,'Códigos bancos'!$B$4:$C$29,2,0) -> #N/A | G118: 1 | H118: =VLOOKUP(G118,'Códigos bancos'!$F$4:$G$14,2,0) -> Oficinas | J118: 0 | K118: 0 | L118: 0 | M118: 0 | N118: 0 | O118: 0 | P118: 0 | Q118: 0 | R118: 0 | S118: 0 | T118: =J118+L118+N118+P118+R118 -> 0 | U118: =K118+M118+O118+Q118+S118 -> 0 | V118: 0 | W118: 0 | X118: =V118-T118 -> 0 | Y118: =W118-U118 -> 0 | AC118: =X118 -> 0 | AG118: =AC118=(AD118+AE118+AF118) -> TRUE | AI118: =Y118 -> 0 | AL118: =AI118=(AJ118+AK118) -> TRUE
C119: =IF(D119<=15,$C$1,$C$2) -> 2026091 | D119: 4 | E119: 0 | F119: =VLOOKUP(E119,'Códigos bancos'!$B$4:$C$29,2,0) -> #N/A | G119: 1 | H119: =VLOOKUP(G119,'Códigos bancos'!$F$4:$G$14,2,0) -> Oficinas | J119: 0 | K119: 0 | L119: 0 | M119: 0 | N119: 0 | O119: 0 | P119: 0 | Q119: 0 | R119: 0 | S119: 0 | T119: =J119+L119+N119+P119+R119 -> 0 | U119: =K119+M119+O119+Q119+S119 -> 0 | V119: 0 | W119: 0 | X119: =V119-T119 -> 0 | Y119: =W119-U119 -> 0 | AC119: =X119 -> 0 | AG119: =AC119=(AD119+AE119+AF119) -> TRUE | AL119: =AI119=(AJ119+AK119) -> TRUE
C120: =IF(D120<=15,$C$1,$C$2) -> 2026091 | D120: 4 | E120: 0 | F120: =VLOOKUP(E120,'Códigos bancos'!$B$4:$C$29,2,0) -> #N/A | G120: 1 | H120: =VLOOKUP(G120,'Códigos bancos'!$F$4:$G$14,2,0) -> Oficinas | J120: 0 | K120: 0 | L120: 0 | M120: 0 | N120: 0 | O120: 0 | P120: 0 | Q120: 0 | R120: 0 | S120: 0 | T120: =J120+L120+N120+P120+R120 -> 0 | U120: =K120+M120+O120+Q120+S120 -> 0 | V120: 0 | W120: 0 | X120: =V120-T120 -> 0 | Y120: =W120-U120 -> 0 | AC120: =X120 -> 0 | AG120: =AC120=(AD120+AE120+AF120) -> TRUE | AI120: =Y120 -> 0 | AL120: =AI120=(AJ120+AK120) -> TRUE
C121: =IF(D121<=15,$C$1,$C$2) -> 2026091 | D121: 4 | E121: 0 | F121: =VLOOKUP(E121,'Códigos bancos'!$B$4:$C$29,2,0) -> #N/A | G121: 1 | H121: =VLOOKUP(G121,'Códigos bancos'!$F$4:$G$14,2,0) -> Oficinas | J121: 0 | K121: 0 | L121: 0 | M121: 0 | N121: 0 | O121: 0 | P121: 0 | Q121: 0 | R121: 0 | S121: 0 | T121: =J121+L121+N121+P121+R121 -> 0 | U121: =K121+M121+O121+Q121+S121 -> 0 | V121: 0 | W121: 0 | X121: =V121-T121 -> 0 | Y121: =W121-U121 -> 0 | AC121: =X121 -> 0 | AG121: =AC121=(AD121+AE121+AF121) -> TRUE | AI121: =Y121 -> 0 | AL121: =AI121=(AJ121+AK121) -> TRUE
F122: TOTAL RECAUDO | J122: =SUM(J97:J121) -> 0 | K122: =SUM(K97:K121) -> 0 | L122: =SUM(L97:L121) -> 0 | M122: =SUM(M97:M121) -> 0 | N122: =SUM(N97:N121) -> 0 | O122: =SUM(O97:O121) -> 0 | P122: =SUM(P97:P121) -> 0 | Q122: =SUM(Q97:Q121) -> 0 | ... Y122: =SUM(Y97:Y121) -> 0 | AC122: =SUM(AC97:AC121) -> 0 | AD122: =SUM(AD97:AD121) -> 0 | AE122: =SUM(AE97:AE121) -> 0 | AF122: =SUM(AF97:AF121) -> 0 | AI122: =SUM(AI97:AI121) -> 0 | AJ122: =SUM(AJ97:AJ121) -> 0 | AK122: =SUM(AK97:AK121) -> 0
B124: FECHA APLICACIÓN | C124: CODIGO REMUNERACIÓN | D124: FECHA RECAUDO | E124: CÓDIGO BC | F124: NOMBRE BANCO | G124: CÓDIGO CR | H124: CANAL RECAUDO | I124: N° CUENTA | J124: ASE 1 N° REGISTROS ARCHIVO | K124: ASE 1 VALOR ARCHIVO | L124: ASE 2 N° REGISTROS ARCHIVO | M124: ASE 2 VALOR ARCHIVO | N124: ASE 3 N° REGISTROS ARCHIVO | O124: ASE 3 VALOR ARCHIVO | P124: ASE 4 N° REGISTROS ARCHIVO | Q124: ASE 4 VALOR ARCHIVO | R124: ASE 5 N° REGISTROS ARCHIVO | S124: ASE 5 VALOR ARCHIVO | T124: TOTAL N° REGISTROS APLICADOS | U124: TOTAL VALOR APLICADO | V124: N° REGISTROS REPORTADOS POR BANCO | W124: VALOR REPORTADO POR BANCO | X124: DIFERENCIA REGISTROS | Y124: DIFERENCIA VALOR | AC124: DIFERENCIA REGISTROS | AD124: REGISTROS ENVIADOS EAAB // SON CARTERA | AE124: REGISTROS NO IDENTIFICADO - NI. | AF124: REGISTROS CON VALOR EN $0 | AG124: VALIDACION | AI124: DIFERENCIA VALOR | AJ124: VALOR ENVIADOS EAAB // SON CARTERA | AK124: VALOR NO IDENTIFICADO - NI. | AL124: VALIDACION
B125: 7/09/2026 | C125: =IF(D125<=15,$C$1,$C$2) -> 2026091 | D125: 5 | E125: 20 | F125: =VLOOKUP(E125,'Códigos bancos'!$B$4:$C$29,2,0) -> Bancolombia ENERBIT | G125: 1 | H125: =VLOOKUP(G125,'Códigos bancos'!$F$4:$G$14,2,0) -> Oficinas | J125: 0 | K125: 0 | L125: 0 | M125: 0 | N125: 0 | O125: 0 | P125: 0 | Q125: 0 | R125: 162 | S125: 7073230 | T125: =J125+L125+N125+P125+R125 -> 162 | U125: =K125+M125+O125+Q125+S125 -> 7073230 | V125: 162 | W125: 7073230 | X125: =V125-T125 -> 0 | Y125: =W125-U125 -> 0 | AC125: =X125 -> 0 | AG125: =AC125=(AD125+AE125+AF125) -> TRUE | AI125: =Y125 -> 0 | AL125: =AI125=(AJ125+AK125) -> TRUE
C126: =IF(D126<=15,$C$1,$C$2) -> 2026091 | D126: 5 | E126: 0 | F126: =VLOOKUP(E126,'Códigos bancos'!$B$4:$C$29,2,0) -> #N/A | G126: 1 | H126: =VLOOKUP(G126,'Códigos bancos'!$F$4:$G$14,2,0) -> Oficinas | J126: 0 | K126: 0 | L126: 0 | M126: 0 | N126: 0 | O126: 0 | P126: 0 | Q126: 0 | R126: 0 | S126: 0 | T126: =J126+L126+N126+P126+R126 -> 0 | U126: =K126+M126+O126+Q126+S126 -> 0 | V126: 0 | W126: 0 | X126: =V126-T126 -> 0 | Y126: =W126-U126 -> 0 | AC126: =X126 -> 0 | AG126: =AC126=(AD126+AE126+AF126) -> TRUE | AI126: =Y126 -> 0 | AL126: =AI126=(AJ126+AK126) -> TRUE
C127: =IF(D127<=15,$C$1,$C$2) -> 2026091 | D127: 5 | E127: 0 | F127: =VLOOKUP(E127,'Códigos bancos'!$B$4:$C$29,2,0) -> #N/A | G127: 1 | H127: =VLOOKUP(G127,'Códigos bancos'!$F$4:$G$14,2,0) -> Oficinas | J127: 0 | K127: 0 | L127: 0 | M127: 0 | N127: 0 | O127: 0 | P127: 0 | Q127: 0 | R127: 0 | S127: 0 | T127: =J127+L127+N127+P127+R127 -> 0 | U127: =K127+M127+O127+Q127+S127 -> 0 | V127: 0 | W127: 0 | X127: =V127-T127 -> 0 | Y127: =W127-U127 -> 0 | AC127: =X127 -> 0 | AG127: =AC127=(AD127+AE127+AF127) -> TRUE | AI127: =Y127 -> 0 | AL127: =AI127=(AJ127+AK127) -> TRUE
C128: =IF(D128<=15,$C$1,$C$2) -> 2026091 | D128: 5 | E128: 0 | F128: =VLOOKUP(E128,'Códigos bancos'!$B$4:$C$29,2,0) -> #N/A | G128: 1 | H128: =VLOOKUP(G128,'Códigos bancos'!$F$4:$G$14,2,0) -> Oficinas | J128: 0 | K128: 0 | L128: 0 | M128: 0 | N128: 0 | O128: 0 | P128: 0 | Q128: 0 | R128: 0 | S128: 0 | T128: =J128+L128+N128+P128+R128 -> 0 | U128: =K128+M128+O128+Q128+S128 -> 0 | V128: 0 | W128: 0 | X128: =V128-T128 -> 0 | Y128: =W128-U128 -> 0 | AC128: =X128 -> 0 | AG128: =AC128=(AD128+AE128+AF128) -> TRUE | AI128: =Y128 -> 0 | AL128: =AI128=(AJ128+AK128) -> TRUE
C129: =IF(D129<=15,$C$1,$C$2) -> 2026091 | D129: 5 | E129: 0 | F129: =VLOOKUP(E129,'Códigos bancos'!$B$4:$C$29,2,0) -> #N/A | G129: 1 | H129: =VLOOKUP(G129,'Códigos bancos'!$F$4:$G$14,2,0) -> Oficinas | J129: 0 | K129: 0 | L129: 0 | M129: 0 | N129: 0 | O129: 0 | P129: 0 | Q129: 0 | R129: 0 | S129: 0 | T129: =J129+L129+N129+P129+R129 -> 0 | U129: =K129+M129+O129+Q129+S129 -> 0 | V129: 0 | W129: 0 | X129: =V129-T129 -> 0 | Y129: =W129-U129 -> 0 | AC129: =X129 -> 0 | AG129: =AC129=(AD129+AE129+AF129) -> TRUE | AI129: =Y129 -> 0 | AL129: =AI129=(AJ129+AK129) -> TRUE
C130: =IF(D130<=15,$C$1,$C$2) -> 2026091 | D130: 5 | E130: 0 | F130: =VLOOKUP(E130,'Códigos bancos'!$B$4:$C$29,2,0) -> #N/A | G130: 1 | H130: =VLOOKUP(G130,'Códigos bancos'!$F$4:$G$14,2,0) -> Oficinas | J130: 0 | K130: 0 | L130: 0 | M130: 0 | N130: 0 | O130: 0 | P130: 0 | Q130: 0 | R130: 0 | S130: 0 | T130: =J130+L130+N130+P130+R130 -> 0 | U130: =K130+M130+O130+Q130+S130 -> 0 | V130: 0 | W130: 0 | X130: =V130-T130 -> 0 | Y130: =W130-U130 -> 0 | AC130: =X130 -> 0 | AG130: =AC130=(AD130+AE130+AF130) -> TRUE | AI130: =Y130 -> 0 | AL130: =AI130=(AJ130+AK130) -> TRUE
C131: =IF(D131<=15,$C$1,$C$2) -> 2026091 | D131: 5 | E131: 0 | F131: =VLOOKUP(E131,'Códigos bancos'!$B$4:$C$29,2,0) -> #N/A | G131: 1 | H131: =VLOOKUP(G131,'Códigos bancos'!$F$4:$G$14,2,0) -> Oficinas | J131: 0 | K131: 0 | L131: 0 | M131: 0 | N131: 0 | O131: 0 | P131: 0 | Q131: 0 | R131: 0 | S131: 0 | T131: =J131+L131+N131+P131+R131 -> 0 | U131: =K131+M131+O131+Q131+S131 -> 0 | V131: 0 | W131: 0 | X131: =V131-T131 -> 0 | Y131: =W131-U131 -> 0 | AC131: =X131 -> 0 | AG131: =AC131=(AD131+AE131+AF131) -> TRUE | AI131: =Y131 -> 0 | AL131: =AI131=(AJ131+AK131) -> TRUE
C132: =IF(D132<=15,$C$1,$C$2) -> 2026091 | D132: 5 | E132: 0 | F132: =VLOOKUP(E132,'Códigos bancos'!$B$4:$C$29,2,0) -> #N/A | G132: 1 | H132: =VLOOKUP(G132,'Códigos bancos'!$F$4:$G$14,2,0) -> Oficinas | J132: 0 | K132: 0 | L132: 0 | M132: 0 | N132: 0 | O132: 0 | P132: 0 | Q132: 0 | R132: 0 | S132: 0 | T132: =J132+L132+N132+P132+R132 -> 0 | U132: =K132+M132+O132+Q132+S132 -> 0 | V132: 0 | W132: 0 | X132: =V132-T132 -> 0 | Y132: =W132-U132 -> 0 | AC132: =X132 -> 0 | AG132: =AC132=(AD132+AE132+AF132) -> TRUE | AI132: =Y132 -> 0 | AL132: =AI132=(AJ132+AK132) -> TRUE
...

Sheet EXTEMPORANEO
C1: =Oportuno!C1 -> 2026091 | J1: =SUM(J13:J110) -> 0 | K1: =SUM(K13:K110) -> 0 | L1: =SUM(L13:L110) -> 0 | M1: =SUM(M13:M110) -> 0 | N1: =SUM(N13:N110) -> 0 | O1: =SUM(O13:O110) -> 0 | P1: =SUM(P13:P110) -> 0 | Q1: =SUM(Q13:Q110) -> 0 | ... Y1: =SUM(Y13:Y110) -> 0 | AD1: =SUM(AD13:AD110) -> 0 | AE1: =SUM(AE13:AE110) -> 0 | AF1: =SUM(AF13:AF110) -> 0 | AG1: =SUM(AG13:AG110) -> 0 | AI1: =SUM(AI13:AI110) -> 0 | AJ1: =SUM(AJ13:AJ110) -> 0 | AK1: =SUM(AK13:AK110) -> 0 | AL1: =SUM(AL13:AL110) -> 0
C2: =Oportuno!C2 -> 2026092 | J2: =SUM(J115:J217) -> 0 | K2: =SUM(K115:K217) -> 0 | L2: =SUM(L115:L217) -> 0 | M2: =SUM(M115:M217) -> 0 | N2: =SUM(N115:N217) -> 0 | O2: =SUM(O115:O217) -> 0 | P2: =SUM(P115:P217) -> 0 | Q2: =SUM(Q115:Q217) -> 0 | ... Y2: =SUM(Y115:Y217) -> 0 | AD2: =SUM(AD115:AD217) -> 0 | AE2: =SUM(AE115:AE217) -> 0 | AF2: =SUM(AF115:AF217) -> 0 | AG2: =SUM(AG115:AG217) -> 0 | AI2: =SUM(AI115:AI217) -> 0 | AJ2: =SUM(AJ115:AJ217) -> 0 | AK2: =SUM(AK115:AK217) -> 0 | AL2: =SUM(AL115:AL217) -> 0
C3: =Oportuno!C3 -> 202609 | J3: =SUM(J1:J2) -> 0 | K3: =SUM(K1:K2) -> 0 | L3: =SUM(L1:L2) -> 0 | M3: =SUM(M1:M2) -> 0 | N3: =SUM(N1:N2) -> 0 | O3: =SUM(O1:O2) -> 0 | P3: =SUM(P1:P2) -> 0 | Q3: =SUM(Q1:Q2) -> 0 | ... Y3: =SUM(Y1:Y2) -> 0 | AD3: =SUM(AD1:AD2) -> 0 | AE3: =SUM(AE1:AE2) -> 0 | AF3: =SUM(AF1:AF2) -> 0 | AG3: =SUM(AG1:AG2) -> 0 | AI3: =SUM(AI1:AI2) -> 0 | AJ3: =SUM(AJ1:AJ2) -> 0 | AK3: =SUM(AK1:AK2) -> 0 | AL3: =SUM(AL1:AL2) -> 0
H6: 2.5.3. INFORMES DE RECAUDO
H7: R2 - INFORME DE CONCILIACION DE RECAUDOS
H8: CONCILIACION DIARIA DE RECAUDO EXTEMPORANEO
E9: NIT: 901 153 639 - 0
H10: =Oportuno!H10 -> SEPTIEMBRE_2026
B12: FECHA APLICACIÓN | C12: CODIGO REMUNERACIÓN | D12: FECHA RECAUDO | E12: CÓDIGO BC | F12: NOMBRE BANCO | G12: CÓDIGO CR | H12: CANAL RECAUDO | I12: N° CUENTA | J12: ASE 1 N° REGISTROS ARCHIVO | K12: ASE 1 VALOR ARCHIVO | L12: ASE 2 N° REGISTROS ARCHIVO | M12: ASE 2 VALOR ARCHIVO | N12: ASE 3 N° REGISTROS ARCHIVO | O12: ASE 3 VALOR ARCHIVO | P12: ASE 4 N° REGISTROS ARCHIVO | Q12: ASE 4 VALOR ARCHIVO | R12: ASE 5 N° REGISTROS ARCHIVO | S12: ASE 5 VALOR ARCHIVO | T12: TOTAL N° REGISTROS APLICADOS | U12: TOTAL VALOR APLICADO | V12: N° REGISTROS REPORTADOS POR BANCO | W12: VALOR REPORTADO POR BANCO | X12: DIFERENCIA REGISTROS | Y12: DIFERENCIA VALOR | AC12: DIFERENCIA REGISTROS | AD12: REGISTROS ENVIADOS EAAB // SON CARTERA | AE12: REGISTROS NO IDENTIFICADO - NI. | AF12: REGISTROS CON VALOR EN $0 | AG12: VALIDACION | AI12: DIFERENCIA VALOR | AJ12: VALOR ENVIADOS EAAB // SON CARTERA | AK12: VALOR NO IDENTIFICADO - NI. | AL12: VALIDACION
B13: 3/09/2026 | C13: =$C$1 -> 2026091 | D13: 46260 | E13: 20 | F13: =VLOOKUP(E13,'Códigos bancos'!$B$3:$D$29,2,0) -> Bancolombia ENERBIT | G13: 1 | H13: =VLOOKUP(G13,'Códigos bancos'!$F$3:$G$14,2,0) -> Oficinas | I13: =VLOOKUP(E13,'Códigos bancos'!$B$3:$D$29,3,0) -> 0 | J13: 0 | K13: 0 | L13: 0 | M13: 0 | N13: 0 | O13: 0 | P13: 0 | Q13: 0 | R13: 6 | S13: 1179300 | T13: =J13+L13+N13+P13+R13 -> 6 | U13: =K13+M13+O13+Q13+S13 -> 1179300 | V13: 6 | W13: 1179300 | X13: =V13-T13 -> 0 | Y13: =W13-U13 -> 0 | AC13: =X13 -> 0 | AD13: 0 | AE13: 0 | AF13: 0 | AG13: =AC13=(AD13+AE13+AF13) -> TRUE | AI13: =Y13 -> 0 | AJ13: 0 | AK13: 0 | AL13: =AI13=(AJ13+AK13) -> TRUE
C14: =$C$1 -> 2026091 | F14: =VLOOKUP(E14,'Códigos bancos'!$B$3:$D$29,2,0) -> #N/A | G14: =IFERROR(IF(T14>0,1,""),"") | H14: =VLOOKUP(G14,'Códigos bancos'!$F$3:$G$14,2,0) -> #N/A | I14: =VLOOKUP(E14,'Códigos bancos'!$B$3:$D$29,3,0) -> #N/A | T14: =J14+L14+N14+P14+R14 -> 0 | U14: =K14+M14+O14+Q14+S14 -> 0 | V14: 0 | X14: =V14-T14 -> 0 | Y14: =W14-U14 -> 0 | AC14: =X14 -> 0 | AD14: 0 | AE14: 0 | AF14: 0 | AG14: =AC14=(AD14+AE14+AF14) -> TRUE | AI14: =Y14 -> 0 | AJ14: 0 | AK14: 0 | AL14: =AI14=(AJ14+AK14) -> TRUE
C15: =$C$1 -> 2026091 | F15: =VLOOKUP(E15,'Códigos bancos'!$B$3:$D$29,2,0) -> #N/A | G15: =IFERROR(IF(T15>0,1,""),"") | H15: =VLOOKUP(G15,'Códigos bancos'!$F$3:$G$14,2,0) -> #N/A | I15: =VLOOKUP(E15,'Códigos bancos'!$B$3:$D$29,3,0) -> #N/A | T15: =J15+L15+N15+P15+R15 -> 0 | U15: =K15+M15+O15+Q15+S15 -> 0 | V15: 0 | W15: 0 | X15: =V15-T15 -> 0 | Y15: =W15-U15 -> 0 | AC15: =X15 -> 0 | AD15: 0 | AE15: 0 | AF15: 0 | AG15: =AC15=(AD15+AE15+AF15) -> TRUE | AI15: =Y15 -> 0 | AJ15: 0 | AK15: 0 | AL15: =AI15=(AJ15+AK15) -> TRUE
C16: =$C$1 -> 2026091 | F16: =VLOOKUP(E16,'Códigos bancos'!$B$3:$D$29,2,0) -> #N/A | G16: =IFERROR(IF(T16>0,1,""),"") | H16: =VLOOKUP(G16,'Códigos bancos'!$F$3:$G$14,2,0) -> #N/A | I16: =VLOOKUP(E16,'Códigos bancos'!$B$3:$D$29,3,0) -> #N/A | T16: =J16+L16+N16+P16+R16 -> 0 | U16: =K16+M16+O16+Q16+S16 -> 0 | V16: 0 | W16: 0 | X16: =V16-T16 -> 0 | Y16: =W16-U16 -> 0 | AC16: =X16 -> 0 | AD16: 0 | AE16: 0 | AF16: 0 | AG16: =AC16=(AD16+AE16+AF16) -> TRUE | AI16: =Y16 -> 0 | AJ16: 0 | AK16: 0 | AL16: =AI16=(AJ16+AK16) -> TRUE
C17: =$C$1 -> 2026091 | F17: =VLOOKUP(E17,'Códigos bancos'!$B$3:$D$29,2,0) -> #N/A | G17: =IFERROR(IF(T17>0,1,""),"") | H17: =VLOOKUP(G17,'Códigos bancos'!$F$3:$G$14,2,0) -> #N/A | I17: =VLOOKUP(E17,'Códigos bancos'!$B$3:$D$29,3,0) -> #N/A | T17: =J17+L17+N17+P17+R17 -> 0 | U17: =K17+M17+O17+Q17+S17 -> 0 | V17: 0 | W17: 0 | X17: =V17-T17 -> 0 | Y17: =W17-U17 -> 0 | AC17: =X17 -> 0 | AD17: 0 | AE17: 0 | AF17: 0 | AG17: =AC17=(AD17+AE17+AF17) -> TRUE | AI17: =Y17 -> 0 | AJ17: 0 | AK17: 0 | AL17: =AI17=(AJ17+AK17) -> TRUE
C18: =$C$1 -> 2026091 | F18: =VLOOKUP(E18,'Códigos bancos'!$B$3:$D$29,2,0) -> #N/A | G18: =IFERROR(IF(T18>0,1,""),"") | H18: =VLOOKUP(G18,'Códigos bancos'!$F$3:$G$14,2,0) -> #N/A | I18: =VLOOKUP(E18,'Códigos bancos'!$B$3:$D$29,3,0) -> #N/A | T18: =J18+L18+N18+P18+R18 -> 0 | U18: =K18+M18+O18+Q18+S18 -> 0 | V18: 0 | W18: 0 | X18: =V18-T18 -> 0 | Y18: =W18-U18 -> 0 | AC18: =X18 -> 0 | AD18: 0 | AE18: 0 | AF18: 0 | AG18: =AC18=(AD18+AE18+AF18) -> TRUE | AI18: =Y18 -> 0 | AJ18: 0 | AK18: 0 | AL18: =AI18=(AJ18+AK18) -> TRUE
C19: =$C$1 -> 2026091 | F19: =VLOOKUP(E19,'Códigos bancos'!$B$3:$D$29,2,0) -> #N/A | G19: =IFERROR(IF(T19>0,1,""),"") | H19: =VLOOKUP(G19,'Códigos bancos'!$F$3:$G$14,2,0) -> #N/A | I19: =VLOOKUP(E19,'Códigos bancos'!$B$3:$D$29,3,0) -> #N/A | T19: =J19+L19+N19+P19+R19 -> 0 | U19: =K19+M19+O19+Q19+S19 -> 0 | V19: 0 | W19: 0 | X19: =V19-T19 -> 0 | Y19: =W19-U19 -> 0 | AC19: =X19 -> 0 | AD19: 0 | AE19: 0 | AF19: 0 | AG19: =AC19=(AD19+AE19+AF19) -> TRUE | AI19: =Y19 -> 0 | AJ19: 0 | AK19: 0 | AL19: =AI19=(AJ19+AK19) -> TRUE
C20: =$C$1 -> 2026091 | F20: =VLOOKUP(E20,'Códigos bancos'!$B$3:$D$29,2,0) -> #N/A | G20: =IFERROR(IF(T20>0,1,""),"") | H20: =VLOOKUP(G20,'Códigos bancos'!$F$3:$G$14,2,0) -> #N/A | I20: =VLOOKUP(E20,'Códigos bancos'!$B$3:$D$29,3,0) -> #N/A | T20: =J20+L20+N20+P20+R20 -> 0 | U20: =K20+M20+O20+Q20+S20 -> 0 | V20: 0 | W20: 0 | X20: =V20-T20 -> 0 | Y20: =W20-U20 -> 0 | AC20: =X20 -> 0 | AD20: 0 | AE20: 0 | AF20: 0 | AG20: =AC20=(AD20+AE20+AF20) -> TRUE | AI20: =Y20 -> 0 | AJ20: 0 | AK20: 0 | AL20: =AI20=(AJ20+AK20) -> TRUE
C21: =$C$1 -> 2026091 | F21: =VLOOKUP(E21,'Códigos bancos'!$B$3:$D$29,2,0) -> #N/A | G21: =IFERROR(IF(T21>0,1,""),"") | H21: =VLOOKUP(G21,'Códigos bancos'!$F$3:$G$14,2,0) -> #N/A | I21: =VLOOKUP(E21,'Códigos bancos'!$B$3:$D$29,3,0) -> #N/A | T21: =J21+L21+N21+P21+R21 -> 0 | U21: =K21+M21+O21+Q21+S21 -> 0 | V21: 0 | W21: 0 | X21: =V21-T21 -> 0 | Y21: =W21-U21 -> 0 | AC21: =X21 -> 0 | AD21: 0 | AE21: 0 | AF21: 0 | AG21: =AC21=(AD21+AE21+AF21) -> TRUE | AI21: =Y21 -> 0 | AJ21: 0 | AK21: 0 | AL21: =AI21=(AJ21+AK21) -> TRUE
C22: =$C$1 -> 2026091 | F22: =VLOOKUP(E22,'Códigos bancos'!$B$3:$D$29,2,0) -> #N/A | G22: =IFERROR(IF(T22>0,1,""),"") | H22: =VLOOKUP(G22,'Códigos bancos'!$F$3:$G$14,2,0) -> #N/A | I22: =VLOOKUP(E22,'Códigos bancos'!$B$3:$D$29,3,0) -> #N/A | T22: =J22+L22+N22+P22+R22 -> 0 | U22: =K22+M22+O22+Q22+S22 -> 0 | V22: 0 | W22: 0 | X22: =V22-T22 -> 0 | Y22: =W22-U22 -> 0 | AC22: =X22 -> 0 | AD22: 0 | AE22: 0 | AF22: 0 | AG22: =AC22=(AD22+AE22+AF22) -> TRUE | AI22: =Y22 -> 0 | AJ22: 0 | AK22: 0 | AL22: =AI22=(AJ22+AK22) -> TRUE
C23: =$C$1 -> 2026091 | F23: =VLOOKUP(E23,'Códigos bancos'!$B$3:$D$29,2,0) -> #N/A | G23: =IFERROR(IF(T23>0,1,""),"") | H23: =VLOOKUP(G23,'Códigos bancos'!$F$3:$G$14,2,0) -> #N/A | I23: =VLOOKUP(E23,'Códigos bancos'!$B$3:$D$29,3,0) -> #N/A | T23: =J23+L23+N23+P23+R23 -> 0 | U23: =K23+M23+O23+Q23+S23 -> 0 | V23: 0 | W23: 0 | X23: =V23-T23 -> 0 | Y23: =W23-U23 -> 0 | AC23: =X23 -> 0 | AD23: 0 | AE23: 0 | AF23: 0 | AG23: =AC23=(AD23+AE23+AF23) -> TRUE | AI23: =Y23 -> 0 | AJ23: 0 | AK23: 0 | AL23: =AI23=(AJ23+AK23) -> TRUE
C24: =$C$1 -> 2026091 | F24: =VLOOKUP(E24,'Códigos bancos'!$B$3:$D$29,2,0) -> #N/A | G24: =IFERROR(IF(T24>0,1,""),"") | H24: =VLOOKUP(G24,'Códigos bancos'!$F$3:$G$14,2,0) -> #N/A | I24: =VLOOKUP(E24,'Códigos bancos'!$B$3:$D$29,3,0) -> #N/A | T24: =J24+L24+N24+P24+R24 -> 0 | U24: =K24+M24+O24+Q24+S24 -> 0 | V24: 0 | W24: 0 | X24: =V24-T24 -> 0 | Y24: =W24-U24 -> 0 | AC24: =X24 -> 0 | AD24: 0 | AE24: 0 | AF24: 0 | AG24: =AC24=(AD24+AE24+AF24) -> TRUE | AI24: =Y24 -> 0 | AJ24: 0 | AK24: 0 | AL24: =AI24=(AJ24+AK24) -> TRUE
C25: =$C$1 -> 2026091 | F25: =VLOOKUP(E25,'Códigos bancos'!$B$3:$D$29,2,0) -> #N/A | G25: =IFERROR(IF(T25>0,1,""),"") | H25: =VLOOKUP(G25,'Códigos bancos'!$F$3:$G$14,2,0) -> #N/A | I25: =VLOOKUP(E25,'Códigos bancos'!$B$3:$D$29,3,0) -> #N/A | T25: =J25+L25+N25+P25+R25 -> 0 | U25: =K25+M25+O25+Q25+S25 -> 0 | V25: 0 | W25: 0 | X25: =V25-T25 -> 0 | Y25: =W25-U25 -> 0 | AC25: =X25 -> 0 | AD25: 0 | AE25: 0 | AF25: 0 | AG25: =AC25=(AD25+AE25+AF25) -> TRUE | AI25: =Y25 -> 0 | AJ25: 0 | AK25: 0 | AL25: =AI25=(AJ25+AK25) -> TRUE
C26: =$C$1 -> 2026091 | F26: =VLOOKUP(E26,'Códigos bancos'!$B$3:$D$29,2,0) -> #N/A | G26: =IFERROR(IF(T26>0,1,""),"") | H26: =VLOOKUP(G26,'Códigos bancos'!$F$3:$G$14,2,0) -> #N/A | I26: =VLOOKUP(E26,'Códigos bancos'!$B$3:$D$29,3,0) -> #N/A | T26: =J26+L26+N26+P26+R26 -> 0 | U26: =K26+M26+O26+Q26+S26 -> 0 | V26: 0 | W26: 0 | X26: =V26-T26 -> 0 | Y26: =W26-U26 -> 0 | AC26: =X26 -> 0 | AD26: 0 | AE26: 0 | AF26: 0 | AG26: =AC26=(AD26+AE26+AF26) -> TRUE | AI26: =Y26 -> 0 | AJ26: 0 | AK26: 0 | AL26: =AI26=(AJ26+AK26) -> TRUE
... C110: =$C$1 -> 2026091 | F110: =VLOOKUP(E110,'Códigos bancos'!$B$3:$D$29,2,0) -> #N/A | G110: =IFERROR(IF(T110>0,1,""),"") | H110: =VLOOKUP(G110,'Códigos bancos'!$F$3:$G$14,2,0) -> #N/A | I110: =VLOOKUP(E110,'Códigos bancos'!$B$3:$D$29,3,0) -> #N/A | T110: =J110+L110+N110+P110+R110 -> 0 | U110: =K110+M110+O110+Q110+S110 -> 0 | V110: 0 | W110: 0 | X110: =V110-T110 -> 0 | Y110: =W110-U110 -> 0 | AC110: =X110 -> 0 | AD110: 0 | AE110: 0 | AF110: 0 | AG110: =AC110=(AD110+AE110+AF110) -> TRUE | AI110: =Y110 -> 0 | AJ110: 0 | AK110: 0 | AL110: =AI110=(AJ110+AK110) -> TRUE
B114: FECHA APLICACIÓN | C114: CODIGO REMUNERACIÓN | D114: FECHA RECAUDO | E114: CÓDIGO BC | F114: NOMBRE BANCO | G114: CÓDIGO CR | H114: CANAL RECAUDO | I114: N° CUENTA | J114: ASE 1 N° REGISTROS ARCHIVO | K114: ASE 1 VALOR ARCHIVO | L114: ASE 2 N° REGISTROS ARCHIVO | M114: ASE 2 VALOR ARCHIVO | N114: ASE 3 N° REGISTROS ARCHIVO | O114: ASE 3 VALOR ARCHIVO | P114: ASE 4 N° REGISTROS ARCHIVO | Q114: ASE 4 VALOR ARCHIVO | R114: ASE 5 N° REGISTROS ARCHIVO | S114: ASE 5 VALOR ARCHIVO | T114: TOTAL N° REGISTROS APLICADOS | U114: TOTAL VALOR APLICADO | V114: N° REGISTROS REPORTADOS POR BANCO | W114: VALOR REPORTADO POR BANCO | X114: DIFERENCIA REGISTROS | Y114: DIFERENCIA VALOR | AC114: DIFERENCIA REGISTROS | AD114: REGISTROS ENVIADOS EAAB // SON CARTERA | AE114: REGISTROS NO IDENTIFICADO - NI. | AF114: REGISTROS CON VALOR EN $0 | AG114: VALIDACION | AI114: DIFERENCIA VALOR | AJ114: VALOR ENVIADOS EAAB // SON CARTERA | AK114: VALOR NO IDENTIFICADO - NI. | AL114: VALIDACION
B115: 18/09/2026 | C115: =$C$2 -> 2026092 | D115: 46266 | E115: 20 | F115: =VLOOKUP(E115,'Códigos bancos'!$B$3:$D$29,2,0) -> Bancolombia ENERBIT | G115: =IFERROR(IF(T115>0,1,""),"") -> 1 | H115: =VLOOKUP(G115,'Códigos bancos'!$F$3:$G$14,2,0) -> Oficinas | I115: =VLOOKUP(E115,'Códigos bancos'!$B$3:$D$29,3,0) -> 0 | R115: 17 | S115: 671920 | T115: =J115+L115+N115+P115+R115 -> 17 | U115: =K115+M115+O115+Q115+S115 -> 671920 | V115: 17 | W115: 671920 | X115: =V115-T115 -> 0 | Y115: =W115-U115 -> 0 | AC115: =X115 -> 0 | AD115: 0 | AE115: 0 | AF115: 0 | AG115: =AC115=(AD115+AE115+AF115) -> TRUE | AI115: =Y115 -> 0 | AJ115: 0 | AK115: 0 | AL115: =AI115=(AJ115+AK115) -> TRUE
B116: 18/09/2026 | C116: =$C$2 -> 2026092 | D116: 46267 | E116: 20 | F116: =VLOOKUP(E116,'Códigos bancos'!$B$3:$D$29,2,0) -> Bancolombia ENERBIT | G116: =IFERROR(IF(T116>0,1,""),"") -> 1 | H116: =VLOOKUP(G116,'Códigos bancos'!$F$3:$G$14,2,0) -> Oficinas | I116: =VLOOKUP(E116,'Códigos bancos'!$B$3:$D$29,3,0) -> 0 | R116: 17 | S116: 683150 | T116: =J116+L116+N116+P116+R116 -> 17 | U116: =K116+M116+O116+Q116+S116 -> 683150 | V116: 17 | W116: 683150 | X116: =V116-T116 -> 0 | Y116: =W116-U116 -> 0 | AC116: =X116 -> 0 | AD116: 0 | AE116: 0 | AF116: 0 | AG116: =AC116=(AD116+AE116+AF116) -> TRUE | AI116: =Y116 -> 0 | AJ116: 0 | AK116: 0 | AL116: =AI116=(AJ116+AK116) -> TRUE
B117: 18/09/2026 | C117: =$C$2 -> 2026092 | D117: 46268 | E117: 20 | F117: =VLOOKUP(E117,'Códigos bancos'!$B$3:$D$29,2,0) -> Bancolombia ENERBIT | G117: =IFERROR(IF(T117>0,1,""),"") -> 1 | H117: =VLOOKUP(G117,'Códigos bancos'!$F$3:$G$14,2,0) -> Oficinas | I117: =VLOOKUP(E117,'Códigos bancos'!$B$3:$D$29,3,0) -> 0 | R117: 6 | S117: 289600 | T117: =J117+L117+N117+P117+R117 -> 6 | U117: =K117+M117+O117+Q117+S117 -> 289600 | V117: 6 | W117: 289600 | X117: =V117-T117 -> 0 | Y117: =W117-U117 -> 0 | AC117: =X117 -> 0 | AD117: 0 | AE117: 0 | AF117: 0 | AG117: =AC117=(AD117+AE117+AF117) -> TRUE | AI117: =Y117 -> 0 | AJ117: 0 | AK117: 0 | AL117: =AI117=(AJ117+AK117) -> TRUE
B118: 18/09/2026 | C118: =$C$2 -> 2026092 | D118: 46271 | E118: 20 | F118: =VLOOKUP(E118,'Códigos bancos'!$B$3:$D$29,2,0) -> Bancolombia ENERBIT | G118: =IFERROR(IF(T118>0,1,""),"") -> 1 | H118: =VLOOKUP(G118,'Códigos bancos'!$F$3:$G$14,2,0) -> Oficinas | I118: =VLOOKUP(E118,'Códigos bancos'!$B$3:$D$29,3,0) -> 0 | R118: 3 | S118: 130990 | T118: =J118+L118+N118+P118+R118 -> 3 | U118: =K118+M118+O118+Q118+S118 -> 130990 | V118: 3 | W118: 130990 | X118: =V118-T118 -> 0 | Y118: =W118-U118 -> 0 | AC118: =X118 -> 0 | AD118: 0 | AE118: 0 | AF118: 0 | AG118: =AC118=(AD118+AE118+AF118) -> TRUE | AI118: =Y118 -> 0 | AJ118: 0 | AK118: 0 | AL118: =AI118=(AJ118+AK118) -> TRUE
B119: 18/09/2026 | C119: =$C$2 -> 2026092 | D119: 46272 | E119: 20 | F119: =VLOOKUP(E119,'Códigos bancos'!$B$3:$D$29,2,0) -> Bancolombia ENERBIT | G119: =IFERROR(IF(T119>0,1,""),"") -> 1 | H119: =VLOOKUP(G119,'Códigos bancos'!$F$3:$G$14,2,0) -> Oficinas | I119: =VLOOKUP(E119,'Códigos bancos'!$B$3:$D$29,3,0) -> 0 | R119: 18 | S119: 2462190 | T119: =J119+L119+N119+P119+R119 -> 18 | U119: =K119+M119+O119+Q119+S119 -> 2462190 | V119: 18 | W119: 2462190 | X119: =V119-T119 -> 0 | Y119: =W119-U119 -> 0 | AC119: =X119 -> 0 | AD119: 0 | AE119: 0 | AF119: 0 | AG119: =AC119=(AD119+AE119+AF119) -> TRUE | AI119: =Y119 -> 0 | AJ119: 0 | AK119: 0 | AL119: =AI119=(AJ119+AK119) -> TRUE
B120: 18/09/2026 | C120: =$C$2 -> 2026092 | D120: 46274 | E120: 20 | F120: =VLOOKUP(E120,'Códigos bancos'!$B$3:$D$29,2,0) -> Bancolombia ENERBIT | G120: =IFERROR(IF(T120>0,1,""),"") -> 1 | H120: =VLOOKUP(G120,'Códigos bancos'!$F$3:$G$14,2,0) -> Oficinas | I120: =VLOOKUP(E120,'Códigos bancos'!$B$3:$D$29,3,0) -> 0 | R120: 5 | S120: 272630 | T120: =J120+L120+N120+P120+R120 -> 5 | U120: =K120+M120+O120+Q120+S120 -> 272630 | V120: 5 | W120: 272630 | X120: =V120-T120 -> 0 | Y120: =W120-U120 -> 0 | AC120: =X120 -> 0 | AD120: 0 | AE120: 0 | AF120: 0 | AG120: =AC120=(AD120+AE120+AF120) -> TRUE | AI120: =Y120 -> 0 | AJ120: 0 | AK120: 0 | AL120: =AI120=(AJ120+AK120) -> TRUE
B121: 18/09/2026 | C121: =$C$2 -> 2026092 | D121: 46275 | E121: 20 | F121: =VLOOKUP(E121,'Códigos bancos'!$B$3:$D$29,2,0) -> Bancolombia ENERBIT | G121: =IFERROR(IF(T121>0,1,""),"") -> 1 | H121: =VLOOKUP(G121,'Códigos bancos'!$F$3:$G$14,2,0) -> Oficinas | I121: =VLOOKUP(E121,'Códigos bancos'!$B$3:$D$29,3,0) -> 0 | R121: 8 | S121: 670100 | T121: =J121+L121+N121+P121+R121 -> 8 | U121: =K121+M121+O121+Q121+S121 -> 670100 | V121: 8 | W121: 670100 | X121: =V121-T121 -> 0 | Y121: =W121-U121 -> 0 | AC121: =X121 -> 0 | AD121: 0 | AE121: 0 | AF121: 0 | AG121: =AC121=(AD121+AE121+AF121) -> TRUE | AI121: =Y121 -> 0 | AJ121: 0 | AK121: 0 | AL121: =AI121=(AJ121+AK121) -> TRUE
B122: 18/09/2026 | C122: =$C$2 -> 2026092 | D122: 46279 | E122: 20 | F122: =VLOOKUP(E122,'Códigos bancos'!$B$3:$D$29,2,0) -> Bancolombia ENERBIT | G122: =IFERROR(IF(T122>0,1,""),"") -> 1 | H122: =VLOOKUP(G122,'Códigos bancos'!$F$3:$G$14,2,0) -> Oficinas | I122: =VLOOKUP(E122,'Códigos bancos'!$B$3:$D$29,3,0) -> 0 | R122: 2 | S122: 62102 | T122: =J122+L122+N122+P122+R122 -> 2 | U122: =K122+M122+O122+Q122+S122 -> 62102 | V122: 2 | W122: 62102 | X122: =V122-T122 -> 0 | Y122: =W122-U122 -> 0 | AC122: =X122 -> 0 | AD122: 0 | AE122: 0 | AF122: 0 | AG122: =AC122=(AD122+AE122+AF122) -> TRUE | AI122: =Y122 -> 0 | AJ122: 0 | AK122: 0 | AL122: =AI122=(AJ122+AK122) -> TRUE
C123: =$C$2 -> 2026092 | F123: =VLOOKUP(E123,'Códigos bancos'!$B$3:$D$29,2,0) -> #N/A | G123: =IFERROR(IF(T123>0,1,""),"") | H123: =VLOOKUP(G123,'Códigos bancos'!$F$3:$G$14,2,0) -> #N/A | I123: =VLOOKUP(E123,'Códigos bancos'!$B$3:$D$29,3,0) -> #N/A | T123: =J123+L123+N123+P123+R123 -> 0 | U123: =K123+M123+O123+Q123+S123 -> 0 | V123: 0 | W123: 0 | X123: =V123-T123 -> 0 | Y123: =W123-U123 -> 0 | AC123: =X123 -> 0 | AD123: 0 | AE123: 0 | AF123: 0 | AG123: =AC123=(AD123+AE123+AF123) -> TRUE | AI123: =Y123 -> 0 | AJ123: 0 | AK123: 0 | AL123: =AI123=(AJ123+AK123) -> TRUE
C124: =$C$2 -> 2026092 | F124: =VLOOKUP(E124,'Códigos bancos'!$B$3:$D$29,2,0) -> #N/A | G124: =IFERROR(IF(T124>0,1,""),"") | H124: =VLOOKUP(G124,'Códigos bancos'!$F$3:$G$14,2,0) -> #N/A | I124: =VLOOKUP(E124,'Códigos bancos'!$B$3:$D$29,3,0) -> #N/A | T124: =J124+L124+N124+P124+R124 -> 0 | U124: =K124+M124+O124+Q124+S124 -> 0 | V124: 0 | W124: 0 | X124: =V124-T124 -> 0 | Y124: =W124-U124 -> 0 | AC124: =X124 -> 0 | AD124: 0 | AE124: 0 | AF124: 0 | AG124: =AC124=(AD124+AE124+AF124) -> TRUE | AI124: =Y124 -> 0 | AJ124: 0 | AK124: 0 | AL124: =AI124=(AJ124+AK124) -> TRUE
C125: =$C$2 -> 2026092 | F125: =VLOOKUP(E125,'Códigos bancos'!$B$3:$D$29,2,0) -> #N/A | G125: =IFERROR(IF(T125>0,1,""),"") | H125: =VLOOKUP(G125,'Códigos bancos'!$F$3:$G$14,2,0) -> #N/A | I125: =VLOOKUP(E125,'Códigos bancos'!$B$3:$D$29,3,0) -> #N/A | T125: =J125+L125+N125+P125+R125 -> 0 | U125: =K125+M125+O125+Q125+S125 -> 0 | V125: 0 | W125: 0 | X125: =V125-T125 -> 0 | Y125: =W125-U125 -> 0 | AC125: =X125 -> 0 | AD125: 0 | AE125: 0 | AF125: 0 | AG125: =AC125=(AD125+AE125+AF125) -> TRUE | AI125: =Y125 -> 0 | AJ125: 0 | AK125: 0 | AL125: =AI125=(AJ125+AK125) -> TRUE
C126: =$C$2 -> 2026092 | F126: =VLOOKUP(E126,'Códigos bancos'!$B$3:$D$29,2,0) -> #N/A | G126: =IFERROR(IF(T126>0,1,""),"") | H126: =VLOOKUP(G126,'Códigos bancos'!$F$3:$G$14,2,0) -> #N/A | I126: =VLOOKUP(E126,'Códigos bancos'!$B$3:$D$29,3,0) -> #N/A | T126: =J126+L126+N126+P126+R126 -> 0 | U126: =K126+M126+O126+Q126+S126 -> 0 | V126: 0 | W126: 0 | X126: =V126-T126 -> 0 | Y126: =W126-U126 -> 0 | AC126: =X126 -> 0 | AD126: 0 | AE126: 0 | AF126: 0 | AG126: =AC126=(AD126+AE126+AF126) -> TRUE | AI126: =Y126 -> 0 | AJ126: 0 | AK126: 0 | AL126: =AI126=(AJ126+AK126) -> TRUE
C127: =$C$2 -> 2026092 | F127: =VLOOKUP(E127,'Códigos bancos'!$B$3:$D$29,2,0) -> #N/A | G127: =IFERROR(IF(T127>0,1,""),"") | H127: =VLOOKUP(G127,'Códigos bancos'!$F$3:$G$14,2,0) -> #N/A | I127: =VLOOKUP(E127,'Códigos bancos'!$B$3:$D$29,3,0) -> #N/A | T127: =J127+L127+N127+P127+R127 -> 0 | U127: =K127+M127+O127+Q127+S127 -> 0 | V127: 0 | W127: 0 | X127: =V127-T127 -> 0 | Y127: =W127-U127 -> 0 | AC127: =X127 -> 0 | AD127: 0 | AE127: 0 | AF127: 0 | AG127: =AC127=(AD127+AE127+AF127) -> TRUE | AI127: =Y127 -> 0 | AJ127: 0 | AK127: 0 | AL127: =AI127=(AJ127+AK127) -> TRUE
C128: =$C$2 -> 2026092 | F128: =VLOOKUP(E128,'Códigos bancos'!$B$3:$D$29,2,0) -> #N/A | G128: =IFERROR(IF(T128>0,1,""),"") | H128: =VLOOKUP(G128,'Códigos bancos'!$F$3:$G$14,2,0) -> #N/A | I128: =VLOOKUP(E128,'Códigos bancos'!$B$3:$D$29,3,0) -> #N/A | T128: =J128+L128+N128+P128+R128 -> 0 | U128: =K128+M128+O128+Q128+S128 -> 0 | V128: 0 | W128: 0 | X128: =V128-T128 -> 0 | Y128: =W128-U128 -> 0 | AC128: =X128 -> 0 | AD128: 0 | AE128: 0 | AF128: 0 | AG128: =AC128=(AD128+AE128+AF128) -> TRUE | AI128: =Y128 -> 0 | AJ128: 0 | AK128: 0 | AL128: =AI128=(AJ128+AK128) -> TRUE
C129: =$C$2 -> 2026092 | F129: =VLOOKUP(E129,'Códigos bancos'!$B$3:$D$29,2,0) -> #N/A | G129: =IFERROR(IF(T129>0,1,""),"") | H129: =VLOOKUP(G129,'Códigos bancos'!$F$3:$G$14,2,0) -> #N/A | I129: =VLOOKUP(E129,'Códigos bancos'!$B$3:$D$29,3,0) -> #N/A | T129: =J129+L129+N129+P129+R129 -> 0 | U129: =K129+M129+O129+Q129+S129 -> 0 | V129: 0 | W129: 0 | X129: =V129-T129 -> 0 | Y129: =W129-U129 -> 0 | AC129: =X129 -> 0 | AD129: 0 | AE129: 0 | AF129: 0 | AG129: =AC129=(AD129+AE129+AF129) -> TRUE | AI129: =Y129 -> 0 | AJ129: 0 | AK129: 0 | AL129: =AI129=(AJ129+AK129) -> TRUE
C130: =$C$2 -> 2026092 | F130: =VLOOKUP(E130,'Códigos bancos'!$B$3:$D$29,2,0) -> #N/A | G130: =IFERROR(IF(T130>0,1,""),"") | H130: =VLOOKUP(G130,'Códigos bancos'!$F$3:$G$14,2,0) -> #N/A | I130: =VLOOKUP(E130,'Códigos bancos'!$B$3:$D$29,3,0) -> #N/A | T130: =J130+L130+N130+P130+R130 -> 0 | U130: =K130+M130+O130+Q130+S130 -> 0 | V130: 0 | W130: 0 | X130: =V130-T130 -> 0 | Y130: =W130-U130 -> 0 | AC130: =X130 -> 0 | AD130: 0 | AE130: 0 | AF130: 0 | AG130: =AC130=(AD130+AE130+AF130) -> TRUE | AI130: =Y130 -> 0 | AJ130: 0 | AK130: 0 | AL130: =AI130=(AJ130+AK130) -> TRUE
C131: =$C$2 -> 2026092 | F131: =VLOOKUP(E131,'Códigos bancos'!$B$3:$D$29,2,0) -> #N/A | G131: =IFERROR(IF(T131>0,1,""),"") | H131: =VLOOKUP(G131,'Códigos bancos'!$F$3:$G$14,2,0) -> #N/A | I131: =VLOOKUP(E131,'Códigos bancos'!$B$3:$D$29,3,0) -> #N/A | T131: =J131+L131+N131+P131+R131 -> 0 | U131: =K131+M131+O131+Q131+S131 -> 0 | V131: 0 | W131: 0 | X131: =V131-T131 -> 0 | Y131: =W131-U131 -> 0 | AC131: =X131 -> 0 | AD131: 0 | AE131: 0 | AF131: 0 | AG131: =AC131=(AD131+AE131+AF131) -> TRUE | AI131: =Y131 -> 0 | AJ131: 0 | AK131: 0 | AL131: =AI131=(AJ131+AK131) -> TRUE
C132: =$C$2 -> 2026092 | F132: =VLOOKUP(E132,'Códigos bancos'!$B$3:$D$29,2,0) -> #N/A | G132: =IFERROR(IF(T132>0,1,""),"") | H132: =VLOOKUP(G132,'Códigos bancos'!$F$3:$G$14,2,0) -> #N/A | I132: =VLOOKUP(E132,'Códigos bancos'!$B$3:$D$29,3,0) -> #N/A | T132: =J132+L132+N132+P132+R132 -> 0 | U132: =K132+M132+O132+Q132+S132 -> 0 | V132: 0 | W132: 0 | X132: =V132-T132 -> 0 | Y132: =W132-U132 -> 0 | AC132: =X132 -> 0 | AD132: 0 | AE132: 0 | AF132: 0 | AG132: =AC132=(AD132+AE132+AF132) -> TRUE | AI132: =Y132 -> 0 | AJ132: 0 | AK132: 0 | AL132: =AI132=(AJ132+AK132) -> TRUE
C133: =$C$2 -> 2026092 | F133: =VLOOKUP(E133,'Códigos bancos'!$B$3:$D$29,2,0) -> #N/A | G133: =IFERROR(IF(T133>0,1,""),"") | H133: =VLOOKUP(G133,'Códigos bancos'!$F$3:$G$14,2,0) -> #N/A | I133: =VLOOKUP(E133,'Códigos bancos'!$B$3:$D$29,3,0) -> #N/A | T133: =J133+L133+N133+P133+R133 -> 0 | U133: =K133+M133+O133+Q133+S133 -> 0 | V133: 0 | W133: 0 | X133: =V133-T133 -> 0 | Y133: =W133-U133 -> 0 | AC133: =X133 -> 0 | AD133: 0 | AE133: 0 | AF133: 0 | AG133: =AC133=(AD133+AE133+AF133) -> TRUE | AI133: =Y133 -> 0 | AJ133: 0 | AK133: 0 | AL133: =AI133=(AJ133+AK133) -> TRUE
C134: =$C$2 -> 2026092 | F134: =VLOOKUP(E134,'Códigos bancos'!$B$3:$D$29,2,0) -> #N/A | G134: =IFERROR(IF(T134>0,1,""),"") | H134: =VLOOKUP(G134,'Códigos bancos'!$F$3:$G$14,2,0) -> #N/A | I134: =VLOOKUP(E134,'Códigos bancos'!$B$3:$D$29,3,0) -> #N/A | T134: =J134+L134+N134+P134+R134 -> 0 | U134: =K134+M134+O134+Q134+S134 -> 0 | V134: 0 | W134: 0 | X134: =V134-T134 -> 0 | Y134: =W134-U134 -> 0 | AC134: =X134 -> 0 | AD134: 0 | AE134: 0 | AF134: 0 | AG134: =AC134=(AD134+AE134+AF134) -> TRUE | AI134: =Y134 -> 0 | AJ134: 0 | AK134: 0 | AL134: =AI134=(AJ134+AK134) -> TRUE
... C207: =$C$2 -> 2026092 | F207: =VLOOKUP(E207,'Códigos bancos'!$B$3:$D$29,2,0) -> #N/A | G207: =IFERROR(IF(T207>0,1,""),"") | H207: =VLOOKUP(G207,'Códigos bancos'!$F$3:$G$14,2,0) -> #N/A | I207: =VLOOKUP(E207,'Códigos bancos'!$B$3:$D$29,3,0) -> #N/A | T207: =J207+L207+N207+P207+R207 -> 0 | U207: =K207+M207+O207+Q207+S207 -> 0 | V207: 0 | W207: 0 | X207: =V207-T207 -> 0 | Y207: =W207-U207 -> 0 | AC207: =X207 -> 0 | AD207: 0 | AE207: 0 | AF207: 0 | AG207: =AC207=(AD207+AE207+AF207) -> TRUE | AI207: =Y207 -> 0 | AJ207: 0 | AK207: 0 | AL207: =AI207=(AJ207+AK207) -> TRUE
C208: =$C$2 -> 2026092 | F208: =VLOOKUP(E208,'Códigos bancos'!$B$3:$D$29,2,0) -> #N/A | G208: =IFERROR(IF(T208>0,1,""),"") | H208: =VLOOKUP(G208,'Códigos bancos'!$F$3:$G$14,2,0) -> #N/A | I208: =VLOOKUP(E208,'Códigos bancos'!$B$3:$D$29,3,0) -> #N/A | T208: =J208+L208+N208+P208+R208 -> 0 | U208: =K208+M208+O208+Q208+S208 -> 0 | X208: =V208-T208 -> 0 | Y208: =W208-U208 -> 0 | AC208: =X208 -> 0 | AD208: 0 | AE208: 0 | AF208: 0 | AG208: =AC208=(AD208+AE208+AF208) -> TRUE | AI208: =Y208 -> 0 | AJ208: 0 | AK208: 0 | AL208: =AI208=(AJ208+AK208) -> TRUE
C209: =$C$2 -> 2026092 | F209: =VLOOKUP(E209,'Códigos bancos'!$B$3:$D$29,2,0) -> #N/A | G209: =IFERROR(IF(T209>0,1,""),"") | H209: =VLOOKUP(G209,'Códigos bancos'!$F$3:$G$14,2,0) -> #N/A | I209: =VLOOKUP(E209,'Códigos bancos'!$B$3:$D$29,3,0) -> #N/A | T209: =J209+L209+N209+P209+R209 -> 0 | U209: =K209+M209+O209+Q209+S209 -> 0 | X209: =V209-T209 -> 0 | Y209: =W209-U209 -> 0 | AC209: =X209 -> 0 | AD209: 0 | AE209: 0 | AF209: 0 | AG209: =AC209=(AD209+AE209+AF209) -> TRUE | AI209: =Y209 -> 0 | AJ209: 0 | AK209: 0 | AL209: =AI209=(AJ209+AK209) -> TRUE
C210: =$C$2 -> 2026092 | F210: =VLOOKUP(E210,'Códigos bancos'!$B$3:$D$29,2,0) -> #N/A | G210: =IFERROR(IF(T210>0,1,""),"") | H210: =VLOOKUP(G210,'Códigos bancos'!$F$3:$G$14,2,0) -> #N/A | I210: =VLOOKUP(E210,'Códigos bancos'!$B$3:$D$29,3,0) -> #N/A | T210: =J210+L210+N210+P210+R210 -> 0 | U210: =K210+M210+O210+Q210+S210 -> 0 | X210: =V210-T210 -> 0 | Y210: =W210-U210 -> 0 | AC210: =X210 -> 0 | AD210: 0 | AE210: 0 | AF210: 0 | AG210: =AC210=(AD210+AE210+AF210) -> TRUE | AI210: =Y210 -> 0 | AJ210: 0 | AK210: 0 | AL210: =AI210=(AJ210+AK210) -> TRUE
C211: =$C$2 -> 2026092 | F211: =VLOOKUP(E211,'Códigos bancos'!$B$3:$D$29,2,0) -> #N/A | G211: =IFERROR(IF(T211>0,1,""),"") | H211: =VLOOKUP(G211,'Códigos bancos'!$F$3:$G$14,2,0) -> #N/A | I211: =VLOOKUP(E211,'Códigos bancos'!$B$3:$D$29,3,0) -> #N/A | T211: =J211+L211+N211+P211+R211 -> 0 | U211: =K211+M211+O211+Q211+S211 -> 0 | X211: =V211-T211 -> 0 | Y211: =W211-U211 -> 0 | AC211: =X211 -> 0 | AD211: 0 | AE211: 0 | AF211: 0 | AG211: =AC211=(AD211+AE211+AF211) -> TRUE | AI211: =Y211 -> 0 | AJ211: 0 | AK211: 0 | AL211: =AI211=(AJ211+AK211) -> TRUE
C212: =$C$2 -> 2026092 | F212: =VLOOKUP(E212,'Códigos bancos'!$B$3:$D$29,2,0) -> #N/A | G212: =IFERROR(IF(T212>0,1,""),"") | H212: =VLOOKUP(G212,'Códigos bancos'!$F$3:$G$14,2,0) -> #N/A | I212: =VLOOKUP(E212,'Códigos bancos'!$B$3:$D$29,3,0) -> #N/A | T212: =J212+L212+N212+P212+R212 -> 0 | U212: =K212+M212+O212+Q212+S212 -> 0 | X212: =V212-T212 -> 0 | Y212: =W212-U212 -> 0 | AC212: =X212 -> 0 | AD212: 0 | AE212: 0 | AF212: 0 | AG212: =AC212=(AD212+AE212+AF212) -> TRUE | AI212: =Y212 -> 0 | AJ212: 0 | AK212: 0 | AL212: =AI212=(AJ212+AK212) -> TRUE
C213: =$C$2 -> 2026092 | F213: =VLOOKUP(E213,'Códigos bancos'!$B$3:$D$29,2,0) -> #N/A | G213: =IFERROR(IF(T213>0,1,""),"") | H213: =VLOOKUP(G213,'Códigos bancos'!$F$3:$G$14,2,0) -> #N/A | I213: =VLOOKUP(E213,'Códigos bancos'!$B$3:$D$29,3,0) -> #N/A | T213: =J213+L213+N213+P213+R213 -> 0 | U213: =K213+M213+O213+Q213+S213 -> 0 | X213: =V213-T213 -> 0 | Y213: =W213-U213 -> 0 | AC213: =X213 -> 0 | AD213: 0 | AE213: 0 | AF213: 0 | AG213: =AC213=(AD213+AE213+AF213) -> TRUE | AI213: =Y213 -> 0 | AJ213: 0 | AK213: 0 | AL213: =AI213=(AJ213+AK213) -> TRUE
C214: =$C$2 -> 2026092 | F214: =VLOOKUP(E214,'Códigos bancos'!$B$3:$D$29,2,0) -> #N/A | G214: =IFERROR(IF(T214>0,1,""),"") | H214: =VLOOKUP(G214,'Códigos bancos'!$F$3:$G$14,2,0) -> #N/A | I214: =VLOOKUP(E214,'Códigos bancos'!$B$3:$D$29,3,0) -> #N/A | T214: =J214+L214+N214+P214+R214 -> 0 | U214: =K214+M214+O214+Q214+S214 -> 0 | X214: =V214-T214 -> 0 | Y214: =W214-U214 -> 0 | AC214: =X214 -> 0 | AD214: 0 | AE214: 0 | AF214: 0 | AG214: =AC214=(AD214+AE214+AF214) -> TRUE | AI214: =Y214 -> 0 | AJ214: 0 | AK214: 0 | AL214: =AI214=(AJ214+AK214) -> TRUE
C215: =$C$2 -> 2026092 | F215: =VLOOKUP(E215,'Códigos bancos'!$B$3:$D$29,2,0) -> #N/A | G215: =IFERROR(IF(T215>0,1,""),"") | H215: =VLOOKUP(G215,'Códigos bancos'!$F$3:$G$14,2,0) -> #N/A | I215: =VLOOKUP(E215,'Códigos bancos'!$B$3:$D$29,3,0) -> #N/A | T215: =J215+L215+N215+P215+R215 -> 0 | U215: =K215+M215+O215+Q215+S215 -> 0 | X215: =V215-T215 -> 0 | Y215: =W215-U215 -> 0 | AC215: =X215 -> 0 | AD215: 0 | AE215: 0 | AF215: 0 | AG215: =AC215=(AD215+AE215+AF215) -> TRUE | AI215: =Y215 -> 0 | AJ215: 0 | AK215: 0 | AL215: =AI215=(AJ215+AK215) -> TRUE
C216: =$C$2 -> 2026092 | F216: =VLOOKUP(E216,'Códigos bancos'!$B$3:$D$29,2,0) -> #N/A | G216: =IFERROR(IF(T216>0,1,""),"") | H216: =VLOOKUP(G216,'Códigos bancos'!$F$3:$G$14,2,0) -> #N/A | I216: =VLOOKUP(E216,'Códigos bancos'!$B$3:$D$29,3,0) -> #N/A | T216: =J216+L216+N216+P216+R216 -> 0 | U216: =K216+M216+O216+Q216+S216 -> 0 | X216: =V216-T216 -> 0 | Y216: =W216-U216 -> 0 | AC216: =X216 -> 0 | AD216: 0 | AE216: 0 | AF216: 0 | AG216: =AC216=(AD216+AE216+AF216) -> TRUE | AI216: =Y216 -> 0 | AJ216: 0 | AK216: 0 | AL216: =AI216=(AJ216+AK216) -> TRUE
C217: =$C$2 -> 2026092 | F217: =VLOOKUP(E217,'Códigos bancos'!$B$3:$D$29,2,0) -> #N/A | G217: =IFERROR(IF(T217>0,1,""),"") | H217: =VLOOKUP(G217,'Códigos bancos'!$F$3:$G$14,2,0) -> #N/A | I217: =VLOOKUP(E217,'Códigos bancos'!$B$3:$D$29,3,0) -> #N/A | T217: =J217+L217+N217+P217+R217 -> 0 | U217: =K217+M217+O217+Q217+S217 -> 0 | X217: =V217-T217 -> 0 | Y217: =W217-U217 -> 0 | AC217: =X217 -> 0 | AD217: 0 | AE217: 0 | AF217: 0 | AG217: =AC217=(AD217+AE217+AF217) -> TRUE | AI217: =Y217 -> 0 | AJ217: 0 | AK217: 0 | AL217: =AI217=(AJ217+AK217) -> TRUE

Sheet RESUMEN MES
B2: OPORTUNO | C2: ASE | D2: VALOR 1° Q | E2: NUMERO REG. 1°Q | F2: VALOR 2° Q | G2: NUMERO REG. 2°Q
C3: 1 | D3: =Oportuno!K1 -> 0 | E3: =Oportuno!J1 -> 0 | F3: =Oportuno!K2 -> 0 | G3: =Oportuno!J2 -> 0
C4: 2 | D4: =Oportuno!M1 -> 0 | E4: =Oportuno!L1 -> 0 | F4: =Oportuno!M2 -> 0 | G4: =Oportuno!L2 -> 0
C5: 3 | D5: =Oportuno!O1 -> 0 | E5: =Oportuno!N1 -> 0 | F5: =Oportuno!O2 -> 0 | G5: =Oportuno!N2 -> 0
C6: 4 | D6: =Oportuno!Q1 -> 0 | E6: =Oportuno!P1 -> 0 | F6: =Oportuno!Q2 -> 0 | G6: =Oportuno!P2 -> 0
C7: 5 | D7: =Oportuno!S1 -> 137371512 | E7: =Oportuno!R1 -> 3020 | F7: =Oportuno!S2 -> 33627704 | G7: =Oportuno!R2 -> 521
C8: X
D9: =SUM(D3:D8) -> 137371512 | E9: =SUM(E3:E8) -> 3020 | F9: =SUM(F3:F8) -> 33627704 | G9: =SUM(G3:G8) -> 521
C11: ASE | D11: VALOR 1° Q | E11: NUMERO REG. 1°Q | F11: VALOR 2° Q | G11: NUMERO REG. 2°Q
B12: EXTEMP. | C12: 1 | D12: =EXTEMPORANEO!K1 -> 0 | E12: =EXTEMPORANEO!J1 -> 0 | F12: =EXTEMPORANEO!K2 -> 0 | G12: =EXTEMPORANEO!J2 -> 0
C13: 2 | D13: =EXTEMPORANEO!M1 -> 0 | E13: =EXTEMPORANEO!L1 -> 0 | F13: =EXTEMPORANEO!M2 -> 0 | G13: =EXTEMPORANEO!L2 -> 0
C14: 3 | D14: =EXTEMPORANEO!O1 -> 0 | E14: =EXTEMPORANEO!N1 -> 0 | F14: =EXTEMPORANEO!O2 -> 0 | G14: =EXTEMPORANEO!N2 -> 0
C15: 4 | D15: =EXTEMPORANEO!Q1 -> 0 | E15: =EXTEMPORANEO!P1 -> 0 | F15: =EXTEMPORANEO!Q2 -> 0 | G15: =EXTEMPORANEO!P2 -> 0
C16: 5 | D16: =EXTEMPORANEO!S1 -> 1179300 | E16: =EXTEMPORANEO!R1 -> 6 | F16: =EXTEMPORANEO!S2 -> 5242682 | G16: =EXTEMPORANEO!R2 -> 76
C17: X
D18: =SUM(D12:D17) -> 1179300 | E18: =SUM(E12:E17) -> 6 | F18: =SUM(F12:F17) -> 5242682 | G18: =SUM(G12:G17) -> 76
C20: ASE | D20: VALOR 1° Q | E20: NUMERO REG. 1°Q | F20: VALOR 2° Q | G20: NUMERO REG. 2°Q | I20: VALOR TOTAL MES | J20: NUMERO REGISTROS MES
B21: TOTAL | C21: 1 | D21: =D3+D12 -> 0 | E21: =E3+E12 -> 0 | F21: =F3+F12 -> 0 | G21: =G3+G12 -> 0 | I21: =D21+F21 -> 0 | J21: =E21+G21 -> 0
C22: 2 | D22: =D4+D13 -> 0 | E22: =E4+E13 -> 0 | F22: =F4+F13 -> 0 | G22: =G4+G13 -> 0 | I22: =D22+F22 -> 0 | J22: =E22+G22 -> 0
C23: 3 | D23: =D5+D14 -> 0 | E23: =E5+E14 -> 0 | F23: =F5+F14 -> 0 | G23: =G5+G14 -> 0 | I23: =D23+F23 -> 0 | J23: =E23+G23 -> 0
C24: 4 | D24: =D6+D15 -> 0 | E24: =E6+E15 -> 0 | F24: =F6+F15 -> 0 | G24: =G6+G15 -> 0 | I24: =D24+F24 -> 0 | J24: =E24+G24 -> 0
C25: 5 | D25: =D7+D16 -> 138550812 | E25: =E7+E16 -> 3026 | F25: =F7+F16 -> 38870386 | G25: =G7+G16 -> 597 | I25: =D25+F25 -> 177421198 | J25: =E25+G25 -> 3623
C26: X | I26: =D26+F26 -> 0 | J26: =E26+G26 -> 0
D27: =SUM(D21:D26) -> 138550812 | E27: =SUM(E21:E26) -> 3026 | F27: =SUM(F21:F26) -> 38870386 | G27: =SUM(G21:G26) -> 597 | I27: =SUM(I21:I26) -> 177421198 | J27: =SUM(J21:J26) -> 3623

Sheet Códigos bancos
B3: Código BC | C3: Nombre Banco | D3: Cuenta Bancaria | F3: Código CR | G3: Canal Recaudo
B4: 20 | C4: Bancolombia ENERBIT | F4: 1 | G4: Oficinas

Sheet Reversiones
E3: GESTION DE RECAUDO
E4: CONCILIACION DIARIA DE RECAUDO
D6: NIT: 901 153 639 - 0
E7: =Oportuno!H10 -> SEPTIEMBRE_2026
B8: REVERSIONES -
B9: Fecha de Reversion | C9: Fecha de Recaudo | D9: Entidad que reporto. | E9: ASE 1 Valor | F9: ASE 2 Valor | G9: ASE 3 Valor | H9: ASE 4 Valor | I9: ASE 5 Valor | J9: Valor Reversado | K9: Cuenta Contrato-REVERSION | M9: Cuenta Contrato-NUEVA APLICACIÓN | N9: FECHA NUEVA APLICACIÓN
J10: =SUM(E10:I10) -> 0
J11: =SUM(E11:I11) -> 0
J12: =SUM(E12:I12) -> 0
J13: =SUM(E13:I13) -> 0
J14: =SUM(E14:I14) -> 0
J15: =SUM(E15:I15) -> 0
J16: =SUM(E16:I16) -> 0
J17: =SUM(E17:I17) -> 0
J18: =SUM(E18:I18) -> 0
J19: =SUM(E19:I19) -> 0
J20: =SUM(E20:I20) -> 0
J21: =SUM(E21:I21) -> 0
... J99: =SUM(E99:I99) -> 0
D100: TOTAL | E100: =SUM(E10:E99) -> 0 | F100: =SUM(F10:F99) -> 0 | G100: =SUM(G10:G99) -> 0 | H100: =SUM(H10:H99) -> 0 | I100: =SUM(I10:I99) -> 0 | J100: =SUM(J10:J99) -> 0

Sheet 1_Oportuno ENERBIT
C1: =Oportuno!C1 -> 2026091 | J1: =J38+J66+J94+J122+J150+J178+J206+J234+J262+J290+J318+J346+J374+J402+J430 -> 0 | K1: =K38+K66+K94+K122+K150+K178+K206+K234+K262+K290+K318+K346+K374+K402+K430 -> 0 | L1: =L38+L66+L94+L122+L150+L178+L206+L234+L262+L290+L318+L346+L374+L402+L430 -> 0 | M1: =M38+M66+M94+M122+M150+M178+M206+M234+M262+M290+M318+M346+M374+M402+M430 -> 0 | N1: =N38+N66+N94+N122+N150+N178+N206+N234+N262+N290+N318+N346+N374+N402+N430 -> 0 | O1: =O38+O66+O94+O122+O150+O178+O206+O234+O262+O290+O318+O346+O374+O402+O430 -> 0 | P1: =P38+P66+P94+P122+P150+P178+P206+P234+P262+P290+P318+P346+P374+P402+P430 -> 0 | Q1: =Q38+Q66+Q94+Q122+Q150+Q178+Q206+Q234+Q262+Q290+Q318+Q346+Q374+Q402+Q430 -> 0 | ... Y1: =Y38+Y66+Y94+Y122+Y150+Y178+Y206+Y234+Y262+Y290+Y318+Y346+Y374+Y402+Y430 -> 0 | AC1: =C1=Oportuno!C1 -> TRUE | AD1: =D1=Oportuno!D1 -> TRUE | AE1: =E1=Oportuno!E1 -> TRUE | AF1: =F1=Oportuno!F1 -> TRUE | AG1: =G1=Oportuno!G1 -> TRUE | AH1: =H1=Oportuno!H1 -> TRUE | AI1: =I1=Oportuno!I1 -> TRUE | AJ1: =J1=Oportuno!J1 -> TRUE | ... AY1: =Y1=Oportuno!Y1 -> TRUE
C2: =Oportuno!C2 -> 2026092 | J2: =J458+J486+J514+J542+J570+J598+J626+J654+J682+J710+J738+J766+J794+J822+J850+J878 -> 0 | K2: =K458+K486+K514+K542+K570+K598+K626+K654+K682+K710+K738+K766+K794+K822+K850+K878 -> 0 | L2: =L458+L486+L514+L542+L570+L598+L626+L654+L682+L710+L738+L766+L794+L822+L850+L878 -> 0 | M2: =M458+M486+M514+M542+M570+M598+M626+M654+M682+M710+M738+M766+M794+M822+M850+M878 -> 0 | N2: =N458+N486+N514+N542+N570+N598+N626+N654+N682+N710+N738+N766+N794+N822+N850+N878 -> 0 | O2: =O458+O486+O514+O542+O570+O598+O626+O654+O682+O710+O738+O766+O794+O822+O850+O878 -> 0 | P2: =P458+P486+P514+P542+P570+P598+P626+P654+P682+P710+P738+P766+P794+P822+P850+P878 -> 0 | Q2: =Q458+Q486+Q514+Q542+Q570+Q598+Q626+Q654+Q682+Q710+Q738+Q766+Q794+Q822+Q850+Q878 -> 0 | ... Y2: =Y458+Y486+Y514+Y542+Y570+Y598+Y626+Y654+Y682+Y710+Y738+Y766+Y794+Y822+Y850+Y878 -> 0 | AC2: =C2=Oportuno!C2 -> TRUE | AD2: =D2=Oportuno!D2 -> TRUE | AE2: =E2=Oportuno!E2 -> TRUE | AF2: =F2=Oportuno!F2 -> TRUE | AG2: =G2=Oportuno!G2 -> TRUE | AH2: =H2=Oportuno!H2 -> TRUE | AI2: =I2=Oportuno!I2 -> TRUE | AJ2: =J2=Oportuno!J2 -> TRUE | ... AY2: =Y2=Oportuno!Y2 -> TRUE
C3: =Oportuno!C3 -> 202609 | J3: =SUM(J1:J2) -> 0 | K3: =SUM(K1:K2) -> 0 | L3: =SUM(L1:L2) -> 0 | M3: =SUM(M1:M2) -> 0 | N3: =SUM(N1:N2) -> 0 | O3: =SUM(O1:O2) -> 0 | P3: =SUM(P1:P2) -> 0 | Q3: =SUM(Q1:Q2) -> 0 | ... Y3: =SUM(Y1:Y2) -> 0 | AC3: =C3=Oportuno!C3 -> TRUE | AD3: =D3=Oportuno!D3 -> TRUE | AE3: =E3=Oportuno!E3 -> TRUE | AF3: =F3=Oportuno!F3 -> TRUE | AG3: =G3=Oportuno!G3 -> TRUE | AH3: =H3=Oportuno!H3 -> TRUE | AI3: =I3=Oportuno!I3 -> TRUE | AJ3: =J3=Oportuno!J3 -> TRUE | ... AY3: =Y3=Oportuno!Y3 -> TRUE
H6: 2.5.3. INFORMES DE RECAUDO
H7: R2 - INFORME DE CONCILIACION DE RECAUDOS
H8: CONCILIACION DIARIA DE RECAUDO OPORTUNO
E9: NIT: 901 153 639 - 0
H10: =Oportuno!H10 -> SEPTIEMBRE_2026 | J10: Recaudo Oportuno de las cuentas bancarias de ENEL
B12: FECHA APLICACIÓN | C12: CODIGO REMUNERACIÓN | D12: FECHA RECAUDO | E12: CÓDIGO BC | F12: NOMBRE BANCO | G12: CÓDIGO CR | H12: CANAL RECAUDO | I12: N° CUENTA | J12: ASE 1 N° REGISTROS ARCHIVO | K12: ASE 1 VALOR ARCHIVO | L12: ASE 2 N° REGISTROS ARCHIVO | M12: ASE 2 VALOR ARCHIVO | N12: ASE 3 N° REGISTROS ARCHIVO | O12: ASE 3 VALOR ARCHIVO | P12: ASE 4 N° REGISTROS ARCHIVO | Q12: ASE 4 VALOR ARCHIVO | R12: ASE 5 N° REGISTROS ARCHIVO | S12: ASE 5 VALOR ARCHIVO | T12: TOTAL N° REGISTROS APLICADOS | U12: TOTAL VALOR APLICADO | V12: N° REGISTROS REPORTADOS POR BANCO | W12: VALOR REPORTADO POR BANCO | X12: DIFERENCIA REGISTROS | Y12: DIFERENCIA VALOR
B13: =Oportuno!B13 -> 3/09/2026 | C13: =Oportuno!C13 -> 2026091 | D13: =Oportuno!D13 -> 1 | E13: =Oportuno!E13 -> 20 | F13: =Oportuno!F13 -> Bancolombia ENERBIT | G13: =Oportuno!G13 -> 1 | H13: =Oportuno!H13 -> Oficinas | I13: =Oportuno!I13 -> 0 | ... Y13: =Oportuno!Y13 -> 0
B14: =Oportuno!B14 -> 0 | C14: =Oportuno!C14 -> 2026091 | D14: =Oportuno!D14 -> 1 | E14: =Oportuno!E14 -> 0 | F14: =Oportuno!F14 -> #N/A | G14: =Oportuno!G14 -> 1 | H14: =Oportuno!H14 -> Oficinas | I14: =Oportuno!I14 -> 0 | ... Y14: =Oportuno!Y14 -> 0
B15: =Oportuno!B15 -> 0 | C15: =Oportuno!C15 -> 2026091 | D15: =Oportuno!D15 -> 1 | E15: =Oportuno!E15 -> 0 | F15: =Oportuno!F15 -> #N/A | G15: =Oportuno!G15 -> 1 | H15: =Oportuno!H15 -> Oficinas | I15: =Oportuno!I15 -> 0 | ... Y15: =Oportuno!Y15 -> 0
B16: =Oportuno!B16 -> 0 | C16: =Oportuno!C16 -> 2026091 | D16: =Oportuno!D16 -> 1 | E16: =Oportuno!E16 -> 0 | F16: =Oportuno!F16 -> #N/A | G16: =Oportuno!G16 -> 1 | H16: =Oportuno!H16 -> Oficinas | I16: =Oportuno!I16 -> 0 | ... Y16: =Oportuno!Y16 -> 0
B17: =Oportuno!B17 -> 0 | C17: =Oportuno!C17 -> 2026091 | D17: =Oportuno!D17 -> 1 | E17: =Oportuno!E17 -> 0 | F17: =Oportuno!F17 -> #N/A | G17: =Oportuno!G17 -> 1 | H17: =Oportuno!H17 -> Oficinas | I17: =Oportuno!I17 -> 0 | ... Y17: =Oportuno!Y17 -> 0
B18: =Oportuno!B18 -> 0 | C18: =Oportuno!C18 -> 2026091 | D18: =Oportuno!D18 -> 1 | E18: =Oportuno!E18 -> 0 | F18: =Oportuno!F18 -> #N/A | G18: =Oportuno!G18 -> 1 | H18: =Oportuno!H18 -> Oficinas | I18: =Oportuno!I18 -> 0 | ... Y18: =Oportuno!Y18 -> 0
B19: =Oportuno!B19 -> 0 | C19: =Oportuno!C19 -> 2026091 | D19: =Oportuno!D19 -> 1 | E19: =Oportuno!E19 -> 0 | F19: =Oportuno!F19 -> #N/A | G19: =Oportuno!G19 -> 1 | H19: =Oportuno!H19 -> Oficinas | I19: =Oportuno!I19 -> 0 | ... Y19: =Oportuno!Y19 -> 0
B20: =Oportuno!B20 -> 0 | C20: =Oportuno!C20 -> 2026091 | D20: =Oportuno!D20 -> 1 | E20: =Oportuno!E20 -> 0 | F20: =Oportuno!F20 -> #N/A | G20: =Oportuno!G20 -> 1 | H20: =Oportuno!H20 -> Oficinas | I20: =Oportuno!I20 -> 0 | ... Y20: =Oportuno!Y20 -> 0
B21: =Oportuno!B21 -> 0 | C21: =Oportuno!C21 -> 2026091 | D21: =Oportuno!D21 -> 1 | E21: =Oportuno!E21 -> 0 | F21: =Oportuno!F21 -> #N/A | G21: =Oportuno!G21 -> 1 | H21: =Oportuno!H21 -> Oficinas | I21: =Oportuno!I21 -> 0 | ... Y21: =Oportuno!Y21 -> 0
B22: =Oportuno!B22 -> 0 | C22: =Oportuno!C22 -> 2026091 | D22: =Oportuno!D22 -> 1 | E22: =Oportuno!E22 -> 0 | F22: =Oportuno!F22 -> #N/A | G22: =Oportuno!G22 -> 1 | H22: =Oportuno!H22 -> Oficinas | I22: =Oportuno!I22 -> 0 | ... Y22: =Oportuno!Y22 -> 0
B23: =Oportuno!B23 -> 0 | C23: =Oportuno!C23 -> 2026091 | D23: =Oportuno!D23 -> 1 | E23: =Oportuno!E23 -> 0 | F23: =Oportuno!F23 -> #N/A | G23: =Oportuno!G23 -> 1 | H23: =Oportuno!H23 -> Oficinas | I23: =Oportuno!I23 -> 0 | ... Y23: =Oportuno!Y23 -> 0
B24: =Oportuno!B24 -> 0 | C24: =Oportuno!C24 -> 2026091 | D24: =Oportuno!D24 -> 1 | E24: =Oportuno!E24 -> 0 | F24: =Oportuno!F24 -> #N/A | G24: =Oportuno!G24 -> 1 | H24: =Oportuno!H24 -> Oficinas | I24: =Oportuno!I24 -> 0 | ... Y24: =Oportuno!Y24 -> 0
... B37: =Oportuno!B37 -> 0 | C37: =Oportuno!C37 -> 2026091 | D37: =Oportuno!D37 -> 1 | E37: =Oportuno!E37 -> 0 | F37: =Oportuno!F37 -> #N/A | G37: =Oportuno!G37 -> 1 | H37: =Oportuno!H37 -> Oficinas | I37: =Oportuno!I37 -> 0 | ... Y37: =Oportuno!Y37 -> 0
E38: =Oportuno!E38 | F38: =Oportuno!F38 -> TOTAL RECAUDO | J38: =Oportuno!J38 -> 0 | K38: =Oportuno!K38 -> 0 | L38: =Oportuno!L38 -> 0 | M38: =Oportuno!M38 -> 0 | N38: =Oportuno!N38 -> 0 | O38: =Oportuno!O38 -> 0 | P38: =Oportuno!P38 -> 0 | Q38: =Oportuno!Q38 -> 0 | ... Y38: =Oportuno!Y38 -> 0
B40: FECHA APLICACIÓN | C40: CODIGO REMUNERACIÓN | D40: FECHA RECAUDO | E40: CÓDIGO BC | F40: NOMBRE BANCO | G40: CÓDIGO CR | H40: CANAL RECAUDO | I40: N° CUENTA | J40: ASE 1 N° REGISTROS ARCHIVO | K40: ASE 1 VALOR ARCHIVO | L40: ASE 2 N° REGISTROS ARCHIVO | M40: ASE 2 VALOR ARCHIVO | N40: ASE 3 N° REGISTROS ARCHIVO | O40: ASE 3 VALOR ARCHIVO | P40: ASE 4 N° REGISTROS ARCHIVO | Q40: ASE 4 VALOR ARCHIVO | R40: ASE 5 N° REGISTROS ARCHIVO | S40: ASE 5 VALOR ARCHIVO | T40: TOTAL N° REGISTROS APLICADOS | U40: TOTAL VALOR APLICADO | V40: N° REGISTROS REPORTADOS POR BANCO | W40: VALOR REPORTADO POR BANCO | X40: DIFERENCIA REGISTROS | Y40: DIFERENCIA VALOR
B41: =Oportuno!B41 -> 3/09/2026 | C41: =Oportuno!C41 -> 2026091 | D41: =Oportuno!D41 -> 2 | E41: =Oportuno!E41 -> 20 | F41: =Oportuno!F41 -> Bancolombia ENERBIT | G41: =Oportuno!G41 -> 1 | H41: =Oportuno!H41 -> Oficinas | I41: =Oportuno!I41 -> 0 | ... Y41: =Oportuno!Y41 -> 0
B42: =Oportuno!B42 -> 0 | C42: =Oportuno!C42 -> 2026091 | D42: =Oportuno!D42 -> 2 | E42: =Oportuno!E42 -> 0 | F42: =Oportuno!F42 -> #N/A | G42: =Oportuno!G42 -> 1 | H42: =Oportuno!H42 -> Oficinas | I42: =Oportuno!I42 -> 0 | ... Y42: =Oportuno!Y42 -> 0
B43: =Oportuno!B43 -> 0 | C43: =Oportuno!C43 -> 2026091 | D43: =Oportuno!D43 -> 2 | E43: =Oportuno!E43 -> 0 | F43: =Oportuno!F43 -> #N/A | G43: =Oportuno!G43 -> 1 | H43: =Oportuno!H43 -> Oficinas | I43: =Oportuno!I43 -> 0 | ... Y43: =Oportuno!Y43 -> 0
B44: =Oportuno!B44 -> 0 | C44: =Oportuno!C44 -> 2026091 | D44: =Oportuno!D44 -> 2 | E44: =Oportuno!E44 -> 0 | F44: =Oportuno!F44 -> #N/A | G44: =Oportuno!G44 -> 1 | H44: =Oportuno!H44 -> Oficinas | I44: =Oportuno!I44 -> 0 | ... Y44: =Oportuno!Y44 -> 0
B45: =Oportuno!B45 -> 0 | C45: =Oportuno!C45 -> 2026091 | D45: =Oportuno!D45 -> 2 | E45: =Oportuno!E45 -> 0 | F45: =Oportuno!F45 -> #N/A | G45: =Oportuno!G45 -> 1 | H45: =Oportuno!H45 -> Oficinas | I45: =Oportuno!I45 -> 0 | ... Y45: =Oportuno!Y45 -> 0
B46: =Oportuno!B46 -> 0 | C46: =Oportuno!C46 -> 2026091 | D46: =Oportuno!D46 -> 2 | E46: =Oportuno!E46 -> 0 | F46: =Oportuno!F46 -> #N/A | G46: =Oportuno!G46 -> 1 | H46: =Oportuno!H46 -> Oficinas | I46: =Oportuno!I46 -> 0 | ... Y46: =Oportuno!Y46 -> 0
B47: =Oportuno!B47 -> 0 | C47: =Oportuno!C47 -> 2026091 | D47: =Oportuno!D47 -> 2 | E47: =Oportuno!E47 -> 0 | F47: =Oportuno!F47 -> #N/A | G47: =Oportuno!G47 -> 1 | H47: =Oportuno!H47 -> Oficinas | I47: =Oportuno!I47 -> 0 | ... Y47: =Oportuno!Y47 -> 0
B48: =Oportuno!B48 -> 0 | C48: =Oportuno!C48 -> 2026091 | D48: =Oportuno!D48 -> 2 | E48: =Oportuno!E48 -> 0 | F48: =Oportuno!F48 -> #N/A | G48: =Oportuno!G48 -> 1 | H48: =Oportuno!H48 -> Oficinas | I48: =Oportuno!I48 -> 0 | ... Y48: =Oportuno!Y48 -> 0
B49: =Oportuno!B49 -> 0 | C49: =Oportuno!C49 -> 2026091 | D49: =Oportuno!D49 -> 2 | E49: =Oportuno!E49 -> 0 | F49: =Oportuno!F49 -> #N/A | G49: =Oportuno!G49 -> 1 | H49: =Oportuno!H49 -> Oficinas | I49: =Oportuno!I49 -> 0 | ... Y49: =Oportuno!Y49 -> 0
B50: =Oportuno!B50 -> 0 | C50: =Oportuno!C50 -> 2026091 | D50: =Oportuno!D50 -> 2 | E50: =Oportuno!E50 -> 0 | F50: =Oportuno!F50 -> #N/A | G50: =Oportuno!G50 -> 1 | H50: =Oportuno!H50 -> Oficinas | I50: =Oportuno!I50 -> 0 | ... Y50: =Oportuno!Y50 -> 0
B51: =Oportuno!B51 -> 0 | C51: =Oportuno!C51 -> 2026091 | D51: =Oportuno!D51 -> 2 | E51: =Oportuno!E51 -> 0 | F51: =Oportuno!F51 -> #N/A | G51: =Oportuno!G51 -> 1 | H51: =Oportuno!H51 -> Oficinas | I51: =Oportuno!I51 -> 0 | ... Y51: =Oportuno!Y51 -> 0
B52: =Oportuno!B52 -> 0 | C52: =Oportuno!C52 -> 2026091 | D52: =Oportuno!D52 -> 2 | E52: =Oportuno!E52 -> 0 | F52: =Oportuno!F52 -> #N/A | G52: =Oportuno!G52 -> 1 | H52: =Oportuno!H52 -> Oficinas | I52: =Oportuno!I52 -> 0 | ... Y52: =Oportuno!Y52 -> 0
... B65: =Oportuno!B65 -> 0 | C65: =Oportuno!C65 -> 2026091 | D65: =Oportuno!D65 -> 2 | E65: =Oportuno!E65 -> 0 | F65: =Oportuno!F65 -> #N/A | G65: =Oportuno!G65 -> 1 | H65: =Oportuno!H65 -> Oficinas | I65: =Oportuno!I65 -> 0 | ... Y65: =Oportuno!Y65 -> 0
E66: =Oportuno!E66 | F66: =Oportuno!F66 -> TOTAL RECAUDO | J66: =Oportuno!J66 -> 0 | K66: =Oportuno!K66 -> 0 | L66: =Oportuno!L66 -> 0 | M66: =Oportuno!M66 -> 0 | N66: =Oportuno!N66 -> 0 | O66: =Oportuno!O66 -> 0 | P66: =Oportuno!P66 -> 0 | Q66: =Oportuno!Q66 -> 0 | ... Y66: =Oportuno!Y66 -> 0
B68: FECHA APLICACIÓN | C68: CODIGO REMUNERACIÓN | D68: FECHA RECAUDO | E68: CÓDIGO BC | F68: NOMBRE BANCO | G68: CÓDIGO CR | H68: CANAL RECAUDO | I68: N° CUENTA | J68: ASE 1 N° REGISTROS ARCHIVO | K68: ASE 1 VALOR ARCHIVO | L68: ASE 2 N° REGISTROS ARCHIVO | M68: ASE 2 VALOR ARCHIVO | N68: ASE 3 N° REGISTROS ARCHIVO | O68: ASE 3 VALOR ARCHIVO | P68: ASE 4 N° REGISTROS ARCHIVO | Q68: ASE 4 VALOR ARCHIVO | R68: ASE 5 N° REGISTROS ARCHIVO | S68: ASE 5 VALOR ARCHIVO | T68: TOTAL N° REGISTROS APLICADOS | U68: TOTAL VALOR APLICADO | V68: N° REGISTROS REPORTADOS POR BANCO | W68: VALOR REPORTADO POR BANCO | X68: DIFERENCIA REGISTROS | Y68: DIFERENCIA VALOR
B69: =Oportuno!B69 -> 3/09/2026 | C69: =Oportuno!C69 -> 2026091 | D69: =Oportuno!D69 -> 3 | E69: =Oportuno!E69 -> 20 | F69: =Oportuno!F69 -> Bancolombia ENERBIT | G69: =Oportuno!G69 -> 1 | H69: =Oportuno!H69 -> Oficinas | I69: =Oportuno!I69 -> 0 | ... Y69: =Oportuno!Y69 -> 0
B70: =Oportuno!B70 -> 0 | C70: =Oportuno!C70 -> 2026091 | D70: =Oportuno!D70 -> 3 | E70: =Oportuno!E70 -> 0 | F70: =Oportuno!F70 -> #N/A | G70: =Oportuno!G70 -> 1 | H70: =Oportuno!H70 -> Oficinas | I70: =Oportuno!I70 -> 0 | ... Y70: =Oportuno!Y70 -> 0
B71: =Oportuno!B71 -> 0 | C71: =Oportuno!C71 -> 2026091 | D71: =Oportuno!D71 -> 3 | E71: =Oportuno!E71 -> 0 | F71: =Oportuno!F71 -> #N/A | G71: =Oportuno!G71 -> 1 | H71: =Oportuno!H71 -> Oficinas | I71: =Oportuno!I71 -> 0 | ... Y71: =Oportuno!Y71 -> 0
B72: =Oportuno!B72 -> 0 | C72: =Oportuno!C72 -> 2026091 | D72: =Oportuno!D72 -> 3 | E72: =Oportuno!E72 -> 0 | F72: =Oportuno!F72 -> #N/A | G72: =Oportuno!G72 -> 1 | H72: =Oportuno!H72 -> Oficinas | I72: =Oportuno!I72 -> 0 | ... Y72: =Oportuno!Y72 -> 0
B73: =Oportuno!B73 -> 0 | C73: =Oportuno!C73 -> 2026091 | D73: =Oportuno!D73 -> 3 | E73: =Oportuno!E73 -> 0 | F73: =Oportuno!F73 -> #N/A | G73: =Oportuno!G73 -> 1 | H73: =Oportuno!H73 -> Oficinas | I73: =Oportuno!I73 -> 0 | ... Y73: =Oportuno!Y73 -> 0
B74: =Oportuno!B74 -> 0 | C74: =Oportuno!C74 -> 2026091 | D74: =Oportuno!D74 -> 3 | E74: =Oportuno!E74 -> 0 | F74: =Oportuno!F74 -> #N/A | G74: =Oportuno!G74 -> 1 | H74: =Oportuno!H74 -> Oficinas | I74: =Oportuno!I74 -> 0 | ... Y74: =Oportuno!Y74 -> 0
B75: =Oportuno!B75 -> 0 | C75: =Oportuno!C75 -> 2026091 | D75: =Oportuno!D75 -> 3 | E75: =Oportuno!E75 -> 0 | F75: =Oportuno!F75 -> #N/A | G75: =Oportuno!G75 -> 1 | H75: =Oportuno!H75 -> Oficinas | I75: =Oportuno!I75 -> 0 | ... Y75: =Oportuno!Y75 -> 0
B76: =Oportuno!B76 -> 0 | C76: =Oportuno!C76 -> 2026091 | D76: =Oportuno!D76 -> 3 | E76: =Oportuno!E76 -> 0 | F76: =Oportuno!F76 -> #N/A | G76: =Oportuno!G76 -> 1 | H76: =Oportuno!H76 -> Oficinas | I76: =Oportuno!I76 -> 0 | ... Y76: =Oportuno!Y76 -> 0
B77: =Oportuno!B77 -> 0 | C77: =Oportuno!C77 -> 2026091 | D77: =Oportuno!D77 -> 3 | E77: =Oportuno!E77 -> 0 | F77: =Oportuno!F77 -> #N/A | G77: =Oportuno!G77 -> 1 | H77: =Oportuno!H77 -> Oficinas | I77: =Oportuno!I77 -> 0 | ... Y77: =Oportuno!Y77 -> 0
B78: =Oportuno!B78 -> 0 | C78: =Oportuno!C78 -> 2026091 | D78: =Oportuno!D78 -> 3 | E78: =Oportuno!E78 -> 0 | F78: =Oportuno!F78 -> #N/A | G78: =Oportuno!G78 -> 1 | H78: =Oportuno!H78 -> Oficinas | I78: =Oportuno!I78 -> 0 | ... Y78: =Oportuno!Y78 -> 0
B79: =Oportuno!B79 -> 0 | C79: =Oportuno!C79 -> 2026091 | D79: =Oportuno!D79 -> 3 | E79: =Oportuno!E79 -> 0 | F79: =Oportuno!F79 -> #N/A | G79: =Oportuno!G79 -> 1 | H79: =Oportuno!H79 -> Oficinas | I79: =Oportuno!I79 -> 0 | ... Y79: =Oportuno!Y79 -> 0
B80: =Oportuno!B80 -> 0 | C80: =Oportuno!C80 -> 2026091 | D80: =Oportuno!D80 -> 3 | E80: =Oportuno!E80 -> 0 | F80: =Oportuno!F80 -> #N/A | G80: =Oportuno!G80 -> 1 | H80: =Oportuno!H80 -> Oficinas | I80: =Oportuno!I80 -> 0 | ... Y80: =Oportuno!Y80 -> 0
... B93: =Oportuno!B93 -> 0 | C93: =Oportuno!C93 -> 2026091 | D93: =Oportuno!D93 -> 3 | E93: =Oportuno!E93 -> 0 | F93: =Oportuno!F93 -> #N/A | G93: =Oportuno!G93 -> 1 | H93: =Oportuno!H93 -> Oficinas | I93: =Oportuno!I93 -> 0 | ... Y93: =Oportuno!Y93 -> 0
E94: =Oportuno!E94 | F94: =Oportuno!F94 -> TOTAL RECAUDO | J94: =Oportuno!J94 -> 0 | K94: =Oportuno!K94 -> 0 | L94: =Oportuno!L94 -> 0 | M94: =Oportuno!M94 -> 0 | N94: =Oportuno!N94 -> 0 | O94: =Oportuno!O94 -> 0 | P94: =Oportuno!P94 -> 0 | Q94: =Oportuno!Q94 -> 0 | ... Y94: =Oportuno!Y94 -> 0
B96: FECHA APLICACIÓN | C96: CODIGO REMUNERACIÓN | D96: FECHA RECAUDO | E96: CÓDIGO BC | F96: NOMBRE BANCO | G96: CÓDIGO CR | H96: CANAL RECAUDO | I96: N° CUENTA | J96: ASE 1 N° REGISTROS ARCHIVO | K96: ASE 1 VALOR ARCHIVO | L96: ASE 2 N° REGISTROS ARCHIVO | M96: ASE 2 VALOR ARCHIVO | N96: ASE 3 N° REGISTROS ARCHIVO | O96: ASE 3 VALOR ARCHIVO | P96: ASE 4 N° REGISTROS ARCHIVO | Q96: ASE 4 VALOR ARCHIVO | R96: ASE 5 N° REGISTROS ARCHIVO | S96: ASE 5 VALOR ARCHIVO | T96: TOTAL N° REGISTROS APLICADOS | U96: TOTAL VALOR APLICADO | V96: N° REGISTROS REPORTADOS POR BANCO | W96: VALOR REPORTADO POR BANCO | X96: DIFERENCIA REGISTROS | Y96: DIFERENCIA VALOR
B97: =Oportuno!B97 -> 7/09/2026 | C97: =Oportuno!C97 -> 2026091 | D97: =Oportuno!D97 -> 4 | E97: =Oportuno!E97 -> 20 | F97: =Oportuno!F97 -> Bancolombia ENERBIT | G97: =Oportuno!G97 -> 1 | H97: =Oportuno!H97 -> Oficinas | I97: =Oportuno!I97 -> 0 | ... Y97: =Oportuno!Y97 -> 0
B98: =Oportuno!B98 -> 0 | C98: =Oportuno!C98 -> 2026091 | D98: =Oportuno!D98 -> 4 | E98: =Oportuno!E98 -> 0 | F98: =Oportuno!F98 -> #N/A | G98: =Oportuno!G98 -> 1 | H98: =Oportuno!H98 -> Oficinas | I98: =Oportuno!I98 -> 0 | ... Y98: =Oportuno!Y98 -> 0
B99: =Oportuno!B99 -> 0 | C99: =Oportuno!C99 -> 2026091 | D99: =Oportuno!D99 -> 4 | E99: =Oportuno!E99 -> 0 | F99: =Oportuno!F99 -> #N/A | G99: =Oportuno!G99 -> 1 | H99: =Oportuno!H99 -> Oficinas | I99: =Oportuno!I99 -> 0 | ... Y99: =Oportuno!Y99 -> 0
B100: =Oportuno!B100 -> 0 | C100: =Oportuno!C100 -> 2026091 | D100: =Oportuno!D100 -> 4 | E100: =Oportuno!E100 -> 0 | F100: =Oportuno!F100 -> #N/A | G100: =Oportuno!G100 -> 1 | H100: =Oportuno!H100 -> Oficinas | I100: =Oportuno!I100 -> 0 | ... Y100: =Oportuno!Y100 -> 0
B101: =Oportuno!B101 -> 0 | C101: =Oportuno!C101 -> 2026091 | D101: =Oportuno!D101 -> 4 | E101: =Oportuno!E101 -> 0 | F101: =Oportuno!F101 -> #N/A | G101: =Oportuno!G101 -> 1 | H101: =Oportuno!H101 -> Oficinas | I101: =Oportuno!I101 -> 0 | ... Y101: =Oportuno!Y101 -> 0
B102: =Oportuno!B102 -> 0 | C102: =Oportuno!C102 -> 2026091 | D102: =Oportuno!D102 -> 4 | E102: =Oportuno!E102 -> 0 | F102: =Oportuno!F102 -> #N/A | G102: =Oportuno!G102 -> 1 | H102: =Oportuno!H102 -> Oficinas | I102: =Oportuno!I102 -> 0 | ... Y102: =Oportuno!Y102 -> 0
B103: =Oportuno!B103 -> 0 | C103: =Oportuno!C103 -> 2026091 | D103: =Oportuno!D103 -> 4 | E103: =Oportuno!E103 -> 0 | F103: =Oportuno!F103 -> #N/A | G103: =Oportuno!G103 -> 1 | H103: =Oportuno!H103 -> Oficinas | I103: =Oportuno!I103 -> 0 | ... Y103: =Oportuno!Y103 -> 0
B104: =Oportuno!B104 -> 0 | C104: =Oportuno!C104 -> 2026091 | D104: =Oportuno!D104 -> 4 | E104: =Oportuno!E104 -> 0 | F104: =Oportuno!F104 -> #N/A | G104: =Oportuno!G104 -> 1 | H104: =Oportuno!H104 -> Oficinas | I104: =Oportuno!I104 -> 0 | ... Y104: =Oportuno!Y104 -> 0
B105: =Oportuno!B105 -> 0 | C105: =Oportuno!C105 -> 2026091 | D105: =Oportuno!D105 -> 4 | E105: =Oportuno!E105 -> 0 | F105: =Oportuno!F105 -> #N/A | G105: =Oportuno!G105 -> 1 | H105: =Oportuno!H105 -> Oficinas | I105: =Oportuno!I105 -> 0 | ... Y105: =Oportuno!Y105 -> 0
B106: =Oportuno!B106 -> 0 | C106: =Oportuno!C106 -> 2026091 | D106: =Oportuno!D106 -> 4 | E106: =Oportuno!E106 -> 0 | F106: =Oportuno!F106 -> #N/A | G106: =Oportuno!G106 -> 1 | H106: =Oportuno!H106 -> Oficinas | I106: =Oportuno!I106 -> 0 | ... Y106: =Oportuno!Y106 -> 0
B107: =Oportuno!B107 -> 0 | C107: =Oportuno!C107 -> 2026091 | D107: =Oportuno!D107 -> 4 | E107: =Oportuno!E107 -> 0 | F107: =Oportuno!F107 -> #N/A | G107: =Oportuno!G107 -> 1 | H107: =Oportuno!H107 -> Oficinas | I107: =Oportuno!I107 -> 0 | ... Y107: =Oportuno!Y107 -> 0
B108: =Oportuno!B108 -> 0 | C108: =Oportuno!C108 -> 2026091 | D108: =Oportuno!D108 -> 4 | E108: =Oportuno!E108 -> 0 | F108: =Oportuno!F108 -> #N/A | G108: =Oportuno!G108 -> 1 | H108: =Oportuno!H108 -> Oficinas | I108: =Oportuno!I108 -> 0 | ... Y108: =Oportuno!Y108 -> 0
... B121: =Oportuno!B121 -> 0 | C121: =Oportuno!C121 -> 2026091 | D121: =Oportuno!D121 -> 4 | E121: =Oportuno!E121 -> 0 | F121: =Oportuno!F121 -> #N/A | G121: =Oportuno!G121 -> 1 | H121: =Oportuno!H121 -> Oficinas | I121: =Oportuno!I121 -> 0 | ... Y121: =Oportuno!Y121 -> 0
E122: =Oportuno!E122 | F122: =Oportuno!F122 -> TOTAL RECAUDO | J122: =Oportuno!J122 -> 0 | K122: =Oportuno!K122 -> 0 | L122: =Oportuno!L122 -> 0 | M122: =Oportuno!M122 -> 0 | N122: =Oportuno!N122 -> 0 | O122: =Oportuno!O122 -> 0 | P122: =Oportuno!P122 -> 0 | Q122: =Oportuno!Q122 -> 0 | ... Y122: =Oportuno!Y122 -> 0
B124: FECHA APLICACIÓN | C124: CODIGO REMUNERACIÓN | D124: FECHA RECAUDO | E124: CÓDIGO BC | F124: NOMBRE BANCO | G124: CÓDIGO CR | H124: CANAL RECAUDO | I124: N° CUENTA | J124: ASE 1 N° REGISTROS ARCHIVO | K124: ASE 1 VALOR ARCHIVO | L124: ASE 2 N° REGISTROS ARCHIVO | M124: ASE 2 VALOR ARCHIVO | N124: ASE 3 N° REGISTROS ARCHIVO | O124: ASE 3 VALOR ARCHIVO | P124: ASE 4 N° REGISTROS ARCHIVO | Q124: ASE 4 VALOR ARCHIVO | R124: ASE 5 N° REGISTROS ARCHIVO | S124: ASE 5 VALOR ARCHIVO | T124: TOTAL N° REGISTROS APLICADOS | U124: TOTAL VALOR APLICADO | V124: N° REGISTROS REPORTADOS POR BANCO | W124: VALOR REPORTADO POR BANCO | X124: DIFERENCIA REGISTROS | Y124: DIFERENCIA VALOR
B125: =Oportuno!B125 -> 7/09/2026 | C125: =Oportuno!C125 -> 2026091 | D125: =Oportuno!D125 -> 5 | E125: =Oportuno!E125 -> 20 | F125: =Oportuno!F125 -> Bancolombia ENERBIT | G125: =Oportuno!G125 -> 1 | H125: =Oportuno!H125 -> Oficinas | I125: =Oportuno!I125 -> 0 | ... Y125: =Oportuno!Y125 -> 0
B126: =Oportuno!B126 -> 0 | C126: =Oportuno!C126 -> 2026091 | D126: =Oportuno!D126 -> 5 | E126: =Oportuno!E126 -> 0 | F126: =Oportuno!F126 -> #N/A | G126: =Oportuno!G126 -> 1 | H126: =Oportuno!H126 -> Oficinas | I126: =Oportuno!I126 -> 0 | ... Y126: =Oportuno!Y126 -> 0
B127: =Oportuno!B127 -> 0 | C127: =Oportuno!C127 -> 2026091 | D127: =Oportuno!D127 -> 5 | E127: =Oportuno!E127 -> 0 | F127: =Oportuno!F127 -> #N/A | G127: =Oportuno!G127 -> 1 | H127: =Oportuno!H127 -> Oficinas | I127: =Oportuno!I127 -> 0 | ... Y127: =Oportuno!Y127 -> 0
B128: =Oportuno!B128 -> 0 | C128: =Oportuno!C128 -> 2026091 | D128: =Oportuno!D128 -> 5 | E128: =Oportuno!E128 -> 0 | F128: =Oportuno!F128 -> #N/A | G128: =Oportuno!G128 -> 1 | H128: =Oportuno!H128 -> Oficinas | I128: =Oportuno!I128 -> 0 | ... Y128: =Oportuno!Y128 -> 0
B129: =Oportuno!B129 -> 0 | C129: =Oportuno!C129 -> 2026091 | D129: =Oportuno!D129 -> 5 | E129: =Oportuno!E129 -> 0 | F129: =Oportuno!F129 -> #N/A | G129: =Oportuno!G129 -> 1 | H129: =Oportuno!H129 -> Oficinas | I129: =Oportuno!I129 -> 0 | ... Y129: =Oportuno!Y129 -> 0
B130: =Oportuno!B130 -> 0 | C130: =Oportuno!C130 -> 2026091 | D130: =Oportuno!D130 -> 5 | E130: =Oportuno!E130 -> 0 | F130: =Oportuno!F130 -> #N/A | G130: =Oportuno!G130 -> 1 | H130: =Oportuno!H130 -> Oficinas | I130: =Oportuno!I130 -> 0 | ... Y130: =Oportuno!Y130 -> 0
B131: =Oportuno!B131 -> 0 | C131: =Oportuno!C131 -> 2026091 | D131: =Oportuno!D131 -> 5 | E131: =Oportuno!E131 -> 0 | F131: =Oportuno!F131 -> #N/A | G131: =Oportuno!G131 -> 1 | H131: =Oportuno!H131 -> Oficinas | I131: =Oportuno!I131 -> 0 | ... Y131: =Oportuno!Y131 -> 0
B132: =Oportuno!B132 -> 0 | C132: =Oportuno!C132 -> 2026091 | D132: =Oportuno!D132 -> 5 | E132: =Oportuno!E132 -> 0 | F132: =Oportuno!F132 -> #N/A | G132: =Oportuno!G132 -> 1 | H132: =Oportuno!H132 -> Oficinas | I132: =Oportuno!I132 -> 0 | ... Y132: =Oportuno!Y132 -> 0
B133: =Oportuno!B133 -> 0 | C133: =Oportuno!C133 -> 2026091 | D133: =Oportuno!D133 -> 5 | E133: =Oportuno!E133 -> 0 | F133: =Oportuno!F133 -> #N/A | G133: =Oportuno!G133 -> 1 | H133: =Oportuno!H133 -> Oficinas | I133: =Oportuno!I133 -> 0 | ... Y133: =Oportuno!Y133 -> 0
B134: =Oportuno!B134 -> 0 | C134: =Oportuno!C134 -> 2026091 | D134: =Oportuno!D134 -> 5 | E134: =Oportuno!E134 -> 0 | F134: =Oportuno!F134 -> #N/A | G134: =Oportuno!G134 -> 1 | H134: =Oportuno!H134 -> Oficinas | I134: =Oportuno!I134 -> 0 | ... Y134: =Oportuno!Y134 -> 0
B135: =Oportuno!B135 -> 0 | C135: =Oportuno!C135 -> 2026091 | D135: =Oportuno!D135 -> 5 | E135: =Oportuno!E135 -> 0 | F135: =Oportuno!F135 -> #N/A | G135: =Oportuno!G135 -> 1 | H135: =Oportuno!H135 -> Oficinas | I135: =Oportuno!I135 -> 0 | ... Y135: =Oportuno!Y135 -> 0
B136: =Oportuno!B136 -> 0 | C136: =Oportuno!C136 -> 2026091 | D136: =Oportuno!D136 -> 5 | E136: =Oportuno!E136 -> 0 | F136: =Oportuno!F136 -> #N/A | G136: =Oportuno!G136 -> 1 | H136: =Oportuno!H136 -> Oficinas | I136: =Oportuno!I136 -> 0 | ... Y136: =Oportuno!Y136 -> 0
... B149: =Oportuno!B149 -> 0 | C149: =Oportuno!C149 -> 2026091 | D149: =Oportuno!D149 -> 5 | E149: =Oportuno!E149 -> 0 | F149: =Oportuno!F149 -> #N/A | G149: =Oportuno!G149 -> 1 | H149: =Oportuno!H149 -> Oficinas | I149: =Oportuno!I149 -> 0 | ... Y149: =Oportuno!Y149 -> 0
E150: =Oportuno!E150 | F150: =Oportuno!F150 -> TOTAL RECAUDO | J150: =Oportuno!J150 -> 0 | K150: =Oportuno!K150 -> 0 | L150: =Oportuno!L150 -> 0 | M150: =Oportuno!M150 -> 0 | N150: =Oportuno!N150 -> 0 | O150: =Oportuno!O150 -> 0 | P150: =Oportuno!P150 -> 0 | Q150: =Oportuno!Q150 -> 0 | ... Y150: =Oportuno!Y150 -> 0
B152: FECHA APLICACIÓN | C152: CODIGO REMUNERACIÓN | D152: FECHA RECAUDO | E152: CÓDIGO BC | F152: NOMBRE BANCO | G152: CÓDIGO CR | H152: CANAL RECAUDO | I152: N° CUENTA | J152: ASE 1 N° REGISTROS ARCHIVO | K152: ASE 1 VALOR ARCHIVO | L152: ASE 2 N° REGISTROS ARCHIVO | M152: ASE 2 VALOR ARCHIVO | N152: ASE 3 N° REGISTROS ARCHIVO | O152: ASE 3 VALOR ARCHIVO | P152: ASE 4 N° REGISTROS ARCHIVO | Q152: ASE 4 VALOR ARCHIVO | R152: ASE 5 N° REGISTROS ARCHIVO | S152: ASE 5 VALOR ARCHIVO | T152: TOTAL N° REGISTROS APLICADOS | U152: TOTAL VALOR APLICADO | V152: N° REGISTROS REPORTADOS POR BANCO | W152: VALOR REPORTADO POR BANCO | X152: DIFERENCIA REGISTROS | Y152: DIFERENCIA VALOR
B153: =Oportuno!B153 -> 7/09/2026 | C153: =Oportuno!C153 -> 2026091 | D153: =Oportuno!D153 -> 6 | E153: =Oportuno!E153 -> 20 | F153: =Oportuno!F153 -> Bancolombia ENERBIT | G153: =Oportuno!G153 -> 1 | H153: =Oportuno!H153 -> Oficinas | I153: =Oportuno!I153 -> 0 | ... Y153: =Oportuno!Y153 -> 0
B154: =Oportuno!B154 -> 0 | C154: =Oportuno!C154 -> 2026091 | D154: =Oportuno!D154 -> 6 | E154: =Oportuno!E154 -> 0 | F154: =Oportuno!F154 -> #N/A | G154: =Oportuno!G154 -> 1 | H154: =Oportuno!H154 -> Oficinas | I154: =Oportuno!I154 -> 0 | ... Y154: =Oportuno!Y154 -> 0
B155: =Oportuno!B155 -> 0 | C155: =Oportuno!C155 -> 2026091 | D155: =Oportuno!D155 -> 6 | E155: =Oportuno!E155 -> 0 | F155: =Oportuno!F155 -> #N/A | G155: =Oportuno!G155 -> 1 | H155: =Oportuno!H155 -> Oficinas | I155: =Oportuno!I155 -> 0 | ... Y155: =Oportuno!Y155 -> 0
B156: =Oportuno!B156 -> 0 | C156: =Oportuno!C156 -> 2026091 | D156: =Oportuno!D156 -> 6 | E156: =Oportuno!E156 -> 0 | F156: =Oportuno!F156 -> #N/A | G156: =Oportuno!G156 -> 1 | H156: =Oportuno!H156 -> Oficinas | I156: =Oportuno!I156 -> 0 | ... Y156: =Oportuno!Y156 -> 0
B157: =Oportuno!B157 -> 0 | C157: =Oportuno!C157 -> 2026091 | D157: =Oportuno!D157 -> 6 | E157: =Oportuno!E157 -> 0 | F157: =Oportuno!F157 -> #N/A | G157: =Oportuno!G157 -> 1 | H157: =Oportuno!H157 -> Oficinas | I157: =Oportuno!I157 -> 0 | ... Y157: =Oportuno!Y157 -> 0
B158: =Oportuno!B158 -> 0 | C158: =Oportuno!C158 -> 2026091 | D158: =Oportuno!D158 -> 6 | E158: =Oportuno!E158 -> 0 | F158: =Oportuno!F158 -> #N/A | G158: =Oportuno!G158 -> 1 | H158: =Oportuno!H158 -> Oficinas | I158: =Oportuno!I158 -> 0 | ... Y158: =Oportuno!Y158 -> 0
B159: =Oportuno!B159 -> 0 | C159: =Oportuno!C159 -> 2026091 | D159: =Oportuno!D159 -> 6 | E159: =Oportuno!E159 -> 0 | F159: =Oportuno!F159 -> #N/A | G159: =Oportuno!G159 -> 1 | H159: =Oportuno!H159 -> Oficinas | I159: =Oportuno!I159 -> 0 | ... Y159: =Oportuno!Y159 -> 0
B160: =Oportuno!B160 -> 0 | C160: =Oportuno!C160 -> 2026091 | D160: =Oportuno!D160 -> 6 | E160: =Oportuno!E160 -> 0 | F160: =Oportuno!F160 -> #N/A | G160: =Oportuno!G160 -> 1 | H160: =Oportuno!H160 -> Oficinas | I160: =Oportuno!I160 -> 0 | ... Y160: =Oportuno!Y160 -> 0
B161: =Oportuno!B161 -> 0 | C161: =Oportuno!C161 -> 2026091 | D161: =Oportuno!D161 -> 6 | E161: =Oportuno!E161 -> 0 | F161: =Oportuno!F161 -> #N/A | G161: =Oportuno!G161 -> 1 | H161: =Oportuno!H161 -> Oficinas | I161: =Oportuno!I161 -> 0 | ... Y161: =Oportuno!Y161 -> 0
B162: =Oportuno!B162 -> 0 | C162: =Oportuno!C162 -> 2026091 | D162: =Oportuno!D162 -> 6 | E162: =Oportuno!E162 -> 0 | F162: =Oportuno!F162 -> #N/A | G162: =Oportuno!G162 -> 1 | H162: =Oportuno!H162 -> Oficinas | I162: =Oportuno!I162 -> 0 | ... Y162: =Oportuno!Y162 -> 0
B163: =Oportuno!B163 -> 0 | C163: =Oportuno!C163 -> 2026091 | D163: =Oportuno!D163 -> 6 | E163: =Oportuno!E163 -> 0 | F163: =Oportuno!F163 -> #N/A | G163: =Oportuno!G163 -> 1 | H163: =Oportuno!H163 -> Oficinas | I163: =Oportuno!I163 -> 0 | ... Y163: =Oportuno!Y163 -> 0
B164: =Oportuno!B164 -> 0 | C164: =Oportuno!C164 -> 2026091 | D164: =Oportuno!D164 -> 6 | E164: =Oportuno!E164 -> 0 | F164: =Oportuno!F164 -> #N/A | G164: =Oportuno!G164 -> 1 | H164: =Oportuno!H164 -> Oficinas | I164: =Oportuno!I164 -> 0 | ... Y164: =Oportuno!Y164 -> 0
... B177: =Oportuno!B177 -> 0 | C177: =Oportuno!C177 -> 2026091 | D177: =Oportuno!D177 -> 6 | E177: =Oportuno!E177 -> 0 | F177: =Oportuno!F177 -> #N/A | G177: =Oportuno!G177 -> 1 | H177: =Oportuno!H177 -> Oficinas | I177: =Oportuno!I177 -> 0 | ... Y177: =Oportuno!Y177 -> 0
E178: =Oportuno!E178 | F178: =Oportuno!F178 -> TOTAL RECAUDO | J178: =Oportuno!J178 -> 0 | K178: =Oportuno!K178 -> 0 | L178: =Oportuno!L178 -> 0 | M178: =Oportuno!M178 -> 0 | N178: =Oportuno!N178 -> 0 | O178: =Oportuno!O178 -> 0 | P178: =Oportuno!P178 -> 0 | Q178: =Oportuno!Q178 -> 0 | ... Y178: =Oportuno!Y178 -> 0
B180: FECHA APLICACIÓN | C180: CODIGO REMUNERACIÓN | D180: FECHA RECAUDO | E180: CÓDIGO BC | F180: NOMBRE BANCO | G180: CÓDIGO CR | H180: CANAL RECAUDO | I180: N° CUENTA | J180: ASE 1 N° REGISTROS ARCHIVO | K180: ASE 1 VALOR ARCHIVO | L180: ASE 2 N° REGISTROS ARCHIVO | M180: ASE 2 VALOR ARCHIVO | N180: ASE 3 N° REGISTROS ARCHIVO | O180: ASE 3 VALOR ARCHIVO | P180: ASE 4 N° REGISTROS ARCHIVO | Q180: ASE 4 VALOR ARCHIVO | R180: ASE 5 N° REGISTROS ARCHIVO | S180: ASE 5 VALOR ARCHIVO | T180: TOTAL N° REGISTROS APLICADOS | U180: TOTAL VALOR APLICADO | V180: N° REGISTROS REPORTADOS POR BANCO | W180: VALOR REPORTADO POR BANCO | X180: DIFERENCIA REGISTROS | Y180: DIFERENCIA VALOR
B181: =Oportuno!B181 -> 8/09/2026 | C181: =Oportuno!C181 -> 2026091 | D181: =Oportuno!D181 -> 7 | E181: =Oportuno!E181 -> 20 | F181: =Oportuno!F181 -> Bancolombia ENERBIT | G181: =Oportuno!G181 -> 1 | H181: =Oportuno!H181 -> Oficinas | I181: =Oportuno!I181 -> 0 | ... Y181: =Oportuno!Y181 -> 0
...

Sheet 2_Extemporaneo ENERBIT
C1: =EXTEMPORANEO!C1 -> 2026091 | J1: =SUM(J13:J111) -> 0 | K1: =SUM(K13:K111) -> 0 | L1: =SUM(L13:L111) -> 0 | M1: =SUM(M13:M111) -> 0 | N1: =SUM(N13:N111) -> 0 | O1: =SUM(O13:O111) -> 0 | P1: =SUM(P13:P111) -> 0 | Q1: =SUM(Q13:Q111) -> 0 | ... Y1: =SUM(Y13:Y111) -> 0 | AC1: =C1=EXTEMPORANEO!C1 -> TRUE | AD1: =D1=EXTEMPORANEO!D1 -> TRUE | AE1: =E1=EXTEMPORANEO!E1 -> TRUE | AF1: =F1=EXTEMPORANEO!F1 -> TRUE | AG1: =G1=EXTEMPORANEO!G1 -> TRUE | AH1: =H1=EXTEMPORANEO!H1 -> TRUE | AI1: =I1=EXTEMPORANEO!I1 -> TRUE | AJ1: =J1=EXTEMPORANEO!J1 -> TRUE | ... AY1: =Y1=EXTEMPORANEO!Y1 -> TRUE
C2: =EXTEMPORANEO!C2 -> 2026092 | J2: =SUM(J116:J215) -> 0 | K2: =SUM(K116:K215) -> 0 | L2: =SUM(L116:L215) -> 0 | M2: =SUM(M116:M215) -> 0 | N2: =SUM(N116:N215) -> 0 | O2: =SUM(O116:O215) -> 0 | P2: =SUM(P116:P215) -> 0 | Q2: =SUM(Q116:Q215) -> 0 | ... Y2: =SUM(Y116:Y215) -> 0 | AC2: =C2=EXTEMPORANEO!C2 -> TRUE | AD2: =D2=EXTEMPORANEO!D2 -> TRUE | AE2: =E2=EXTEMPORANEO!E2 -> TRUE | AF2: =F2=EXTEMPORANEO!F2 -> TRUE | AG2: =G2=EXTEMPORANEO!G2 -> TRUE | AH2: =H2=EXTEMPORANEO!H2 -> TRUE | AI2: =I2=EXTEMPORANEO!I2 -> TRUE | AJ2: =J2=EXTEMPORANEO!J2 -> TRUE | ... AY2: =Y2=EXTEMPORANEO!Y2 -> TRUE
C3: =EXTEMPORANEO!C3 -> 202609 | J3: =SUM(J1:J2) -> 0 | K3: =SUM(K1:K2) -> 0 | L3: =SUM(L1:L2) -> 0 | M3: =SUM(M1:M2) -> 0 | N3: =SUM(N1:N2) -> 0 | O3: =SUM(O1:O2) -> 0 | P3: =SUM(P1:P2) -> 0 | Q3: =SUM(Q1:Q2) -> 0 | ... Y3: =SUM(Y1:Y2) -> 0 | AC3: =C3=EXTEMPORANEO!C3 -> TRUE | AD3: =D3=EXTEMPORANEO!D3 -> TRUE | AE3: =E3=EXTEMPORANEO!E3 -> TRUE | AF3: =F3=EXTEMPORANEO!F3 -> TRUE | AG3: =G3=EXTEMPORANEO!G3 -> TRUE | AH3: =H3=EXTEMPORANEO!H3 -> TRUE | AI3: =I3=EXTEMPORANEO!I3 -> TRUE | AJ3: =J3=EXTEMPORANEO!J3 -> TRUE | ... AY3: =Y3=EXTEMPORANEO!Y3 -> TRUE
H6: 2.5.3. INFORMES DE RECAUDO
H7: R2 - INFORME DE CONCILIACION DE RECAUDOS
H8: CONCILIACION DIARIA DE RECAUDO EXTEMPORANEO
E9: NIT: 901 153 639 - 0
H10: =EXTEMPORANEO!H10 -> SEPTIEMBRE_2026
B12: FECHA APLICACIÓN | C12: CODIGO REMUNERACIÓN | D12: FECHA RECAUDO | E12: CÓDIGO BC | F12: NOMBRE BANCO | G12: CÓDIGO CR | H12: CANAL RECAUDO | I12: N° CUENTA | J12: ASE 1 N° REGISTROS ARCHIVO | K12: ASE 1 VALOR ARCHIVO | L12: ASE 2 N° REGISTROS ARCHIVO | M12: ASE 2 VALOR ARCHIVO | N12: ASE 3 N° REGISTROS ARCHIVO | O12: ASE 3 VALOR ARCHIVO | P12: ASE 4 N° REGISTROS ARCHIVO | Q12: ASE 4 VALOR ARCHIVO | R12: ASE 5 N° REGISTROS ARCHIVO | S12: ASE 5 VALOR ARCHIVO | T12: TOTAL N° REGISTROS APLICADOS | U12: TOTAL VALOR APLICADO | V12: N° REGISTROS REPORTADOS POR BANCO | W12: VALOR REPORTADO POR BANCO | X12: DIFERENCIA REGISTROS | Y12: DIFERENCIA VALOR
B13: =EXTEMPORANEO!B13 -> 3/09/2026 | C13: =EXTEMPORANEO!C13 -> 2026091 | D13: =EXTEMPORANEO!D13 -> 46260 | E13: =EXTEMPORANEO!E13 -> 20 | F13: =EXTEMPORANEO!F13 -> Bancolombia ENERBIT | G13: =EXTEMPORANEO!G13 -> 1 | H13: =EXTEMPORANEO!H13 -> Oficinas | I13: =EXTEMPORANEO!I13 -> 0 | ... Y13: =EXTEMPORANEO!Y13 -> 0
B14: =EXTEMPORANEO!B14 -> 0 | C14: =EXTEMPORANEO!C14 -> 2026091 | D14: =EXTEMPORANEO!D14 -> 0 | E14: =EXTEMPORANEO!E14 -> 0 | F14: =EXTEMPORANEO!F14 -> #N/A | G14: =EXTEMPORANEO!G14 | H14: =EXTEMPORANEO!H14 -> #N/A | I14: =EXTEMPORANEO!I14 -> #N/A | ... Y14: =EXTEMPORANEO!Y14 -> 0
B15: =EXTEMPORANEO!B15 -> 0 | C15: =EXTEMPORANEO!C15 -> 2026091 | D15: =EXTEMPORANEO!D15 -> 0 | E15: =EXTEMPORANEO!E15 -> 0 | F15: =EXTEMPORANEO!F15 -> #N/A | G15: =EXTEMPORANEO!G15 | H15: =EXTEMPORANEO!H15 -> #N/A | I15: =EXTEMPORANEO!I15 -> #N/A | ... Y15: =EXTEMPORANEO!Y15 -> 0
B16: =EXTEMPORANEO!B16 -> 0 | C16: =EXTEMPORANEO!C16 -> 2026091 | D16: =EXTEMPORANEO!D16 -> 0 | E16: =EXTEMPORANEO!E16 -> 0 | F16: =EXTEMPORANEO!F16 -> #N/A | G16: =EXTEMPORANEO!G16 | H16: =EXTEMPORANEO!H16 -> #N/A | I16: =EXTEMPORANEO!I16 -> #N/A | ... Y16: =EXTEMPORANEO!Y16 -> 0
B17: =EXTEMPORANEO!B17 -> 0 | C17: =EXTEMPORANEO!C17 -> 2026091 | D17: =EXTEMPORANEO!D17 -> 0 | E17: =EXTEMPORANEO!E17 -> 0 | F17: =EXTEMPORANEO!F17 -> #N/A | G17: =EXTEMPORANEO!G17 | H17: =EXTEMPORANEO!H17 -> #N/A | I17: =EXTEMPORANEO!I17 -> #N/A | ... Y17: =EXTEMPORANEO!Y17 -> 0
B18: =EXTEMPORANEO!B18 -> 0 | C18: =EXTEMPORANEO!C18 -> 2026091 | D18: =EXTEMPORANEO!D18 -> 0 | E18: =EXTEMPORANEO!E18 -> 0 | F18: =EXTEMPORANEO!F18 -> #N/A | G18: =EXTEMPORANEO!G18 | H18: =EXTEMPORANEO!H18 -> #N/A | I18: =EXTEMPORANEO!I18 -> #N/A | ... Y18: =EXTEMPORANEO!Y18 -> 0
B19: =EXTEMPORANEO!B19 -> 0 | C19: =EXTEMPORANEO!C19 -> 2026091 | D19: =EXTEMPORANEO!D19 -> 0 | E19: =EXTEMPORANEO!E19 -> 0 | F19: =EXTEMPORANEO!F19 -> #N/A | G19: =EXTEMPORANEO!G19 | H19: =EXTEMPORANEO!H19 -> #N/A | I19: =EXTEMPORANEO!I19 -> #N/A | ... Y19: =EXTEMPORANEO!Y19 -> 0
B20: =EXTEMPORANEO!B20 -> 0 | C20: =EXTEMPORANEO!C20 -> 2026091 | D20: =EXTEMPORANEO!D20 -> 0 | E20: =EXTEMPORANEO!E20 -> 0 | F20: =EXTEMPORANEO!F20 -> #N/A | G20: =EXTEMPORANEO!G20 | H20: =EXTEMPORANEO!H20 -> #N/A | I20: =EXTEMPORANEO!I20 -> #N/A | ... Y20: =EXTEMPORANEO!Y20 -> 0
B21: =EXTEMPORANEO!B21 -> 0 | C21: =EXTEMPORANEO!C21 -> 2026091 | D21: =EXTEMPORANEO!D21 -> 0 | E21: =EXTEMPORANEO!E21 -> 0 | F21: =EXTEMPORANEO!F21 -> #N/A | G21: =EXTEMPORANEO!G21 | H21: =EXTEMPORANEO!H21 -> #N/A | I21: =EXTEMPORANEO!I21 -> #N/A | ... Y21: =EXTEMPORANEO!Y21 -> 0
B22: =EXTEMPORANEO!B22 -> 0 | C22: =EXTEMPORANEO!C22 -> 2026091 | D22: =EXTEMPORANEO!D22 -> 0 | E22: =EXTEMPORANEO!E22 -> 0 | F22: =EXTEMPORANEO!F22 -> #N/A | G22: =EXTEMPORANEO!G22 | H22: =EXTEMPORANEO!H22 -> #N/A | I22: =EXTEMPORANEO!I22 -> #N/A | ... Y22: =EXTEMPORANEO!Y22 -> 0
B23: =EXTEMPORANEO!B23 -> 0 | C23: =EXTEMPORANEO!C23 -> 2026091 | D23: =EXTEMPORANEO!D23 -> 0 | E23: =EXTEMPORANEO!E23 -> 0 | F23: =EXTEMPORANEO!F23 -> #N/A | G23: =EXTEMPORANEO!G23 | H23: =EXTEMPORANEO!H23 -> #N/A | I23: =EXTEMPORANEO!I23 -> #N/A | ... Y23: =EXTEMPORANEO!Y23 -> 0
B24: =EXTEMPORANEO!B24 -> 0 | C24: =EXTEMPORANEO!C24 -> 2026091 | D24: =EXTEMPORANEO!D24 -> 0 | E24: =EXTEMPORANEO!E24 -> 0 | F24: =EXTEMPORANEO!F24 -> #N/A | G24: =EXTEMPORANEO!G24 | H24: =EXTEMPORANEO!H24 -> #N/A | I24: =EXTEMPORANEO!I24 -> #N/A | ... Y24: =EXTEMPORANEO!Y24 -> 0
... B111: =EXTEMPORANEO!B111 -> 0 | C111: =EXTEMPORANEO!C111 -> 0 | D111: =EXTEMPORANEO!D111 -> 0 | E111: =EXTEMPORANEO!E111 -> 0 | F111: =EXTEMPORANEO!F111 -> 0 | G111: =EXTEMPORANEO!G111 -> 0 | H111: =EXTEMPORANEO!H111 -> 0 | I111: =EXTEMPORANEO!I111 -> 0 | ... Y111: =EXTEMPORANEO!Y111 -> 0
B115: FECHA APLICACIÓN | C115: CODIGO REMUNERACIÓN | D115: FECHA RECAUDO | E115: CÓDIGO BC | F115: NOMBRE BANCO | G115: CÓDIGO CR | H115: CANAL RECAUDO | I115: N° CUENTA | J115: ASE 1 N° REGISTROS ARCHIVO | K115: ASE 1 VALOR ARCHIVO | L115: ASE 2 N° REGISTROS ARCHIVO | M115: ASE 2 VALOR ARCHIVO | N115: ASE 3 N° REGISTROS ARCHIVO | O115: ASE 3 VALOR ARCHIVO | P115: ASE 4 N° REGISTROS ARCHIVO | Q115: ASE 4 VALOR ARCHIVO | R115: ASE 5 N° REGISTROS ARCHIVO | S115: ASE 5 VALOR ARCHIVO | T115: TOTAL N° REGISTROS APLICADOS | U115: TOTAL VALOR APLICADO | V115: N° REGISTROS REPORTADOS POR BANCO | W115: VALOR REPORTADO POR BANCO | X115: DIFERENCIA REGISTROS | Y115: DIFERENCIA VALOR
B116: =EXTEMPORANEO!B115 -> 18/09/2026 | C116: =EXTEMPORANEO!C115 -> 2026092 | D116: =EXTEMPORANEO!D115 -> 46266 | E116: =EXTEMPORANEO!E115 -> 20 | F116: =EXTEMPORANEO!F115 -> Bancolombia ENERBIT | G116: =EXTEMPORANEO!G115 -> 1 | H116: =EXTEMPORANEO!H115 -> Oficinas | I116: =EXTEMPORANEO!I115 -> 0 | ... Y116: =EXTEMPORANEO!Y115 -> 0
B117: =EXTEMPORANEO!B116 -> 18/09/2026 | C117: =EXTEMPORANEO!C116 -> 2026092 | D117: =EXTEMPORANEO!D116 -> 46267 | E117: =EXTEMPORANEO!E116 -> 20 | F117: =EXTEMPORANEO!F116 -> Bancolombia ENERBIT | G117: =EXTEMPORANEO!G116 -> 1 | H117: =EXTEMPORANEO!H116 -> Oficinas | I117: =EXTEMPORANEO!I116 -> 0 | ... Y117: =EXTEMPORANEO!Y116 -> 0
B118: =EXTEMPORANEO!B117 -> 18/09/2026 | C118: =EXTEMPORANEO!C117 -> 2026092 | D118: =EXTEMPORANEO!D117 -> 46268 | E118: =EXTEMPORANEO!E117 -> 20 | F118: =EXTEMPORANEO!F117 -> Bancolombia ENERBIT | G118: =EXTEMPORANEO!G117 -> 1 | H118: =EXTEMPORANEO!H117 -> Oficinas | I118: =EXTEMPORANEO!I117 -> 0 | ... Y118: =EXTEMPORANEO!Y117 -> 0
B119: =EXTEMPORANEO!B118 -> 18/09/2026 | C119: =EXTEMPORANEO!C118 -> 2026092 | D119: =EXTEMPORANEO!D118 -> 46271 | E119: =EXTEMPORANEO!E118 -> 20 | F119: =EXTEMPORANEO!F118 -> Bancolombia ENERBIT | G119: =EXTEMPORANEO!G118 -> 1 | H119: =EXTEMPORANEO!H118 -> Oficinas | I119: =EXTEMPORANEO!I118 -> 0 | ... Y119: =EXTEMPORANEO!Y118 -> 0
B120: =EXTEMPORANEO!B119 -> 18/09/2026 | C120: =EXTEMPORANEO!C119 -> 2026092 | D120: =EXTEMPORANEO!D119 -> 46272 | E120: =EXTEMPORANEO!E119 -> 20 | F120: =EXTEMPORANEO!F119 -> Bancolombia ENERBIT | G120: =EXTEMPORANEO!G119 -> 1 | H120: =EXTEMPORANEO!H119 -> Oficinas | I120: =EXTEMPORANEO!I119 -> 0 | ... Y120: =EXTEMPORANEO!Y119 -> 0
B121: =EXTEMPORANEO!B120 -> 18/09/2026 | C121: =EXTEMPORANEO!C120 -> 2026092 | D121: =EXTEMPORANEO!D120 -> 46274 | E121: =EXTEMPORANEO!E120 -> 20 | F121: =EXTEMPORANEO!F120 -> Bancolombia ENERBIT | G121: =EXTEMPORANEO!G120 -> 1 | H121: =EXTEMPORANEO!H120 -> Oficinas | I121: =EXTEMPORANEO!I120 -> 0 | ... Y121: =EXTEMPORANEO!Y120 -> 0
B122: =EXTEMPORANEO!B121 -> 18/09/2026 | C122: =EXTEMPORANEO!C121 -> 2026092 | D122: =EXTEMPORANEO!D121 -> 46275 | E122: =EXTEMPORANEO!E121 -> 20 | F122: =EXTEMPORANEO!F121 -> Bancolombia ENERBIT | G122: =EXTEMPORANEO!G121 -> 1 | H122: =EXTEMPORANEO!H121 -> Oficinas | I122: =EXTEMPORANEO!I121 -> 0 | ... Y122: =EXTEMPORANEO!Y121 -> 0
B123: =EXTEMPORANEO!B122 -> 18/09/2026 | C123: =EXTEMPORANEO!C122 -> 2026092 | D123: =EXTEMPORANEO!D122 -> 46279 | E123: =EXTEMPORANEO!E122 -> 20 | F123: =EXTEMPORANEO!F122 -> Bancolombia ENERBIT | G123: =EXTEMPORANEO!G122 -> 1 | H123: =EXTEMPORANEO!H122 -> Oficinas | I123: =EXTEMPORANEO!I122 -> 0 | ... K123: =EXTEMPORANEO!K122 -> 0 | L123: =EXTEMPORANEO!L123 -> 0 | M123: =EXTEMPORANEO!M123 -> 0 | N123: =EXTEMPORANEO!N122 -> 0 | O123: =EXTEMPORANEO!O122 -> 0 | P123: =EXTEMPORANEO!P122 -> 0 | Q123: =EXTEMPORANEO!Q122 -> 0 | R123: =EXTEMPORANEO!R122 -> 2 | S123: =EXTEMPORANEO!S122 -> 62102 | T123: =EXTEMPORANEO!T122 -> 2 | U123: =EXTEMPORANEO!U122 -> 62102 | ... Y123: =EXTEMPORANEO!Y122 -> 0
B124: =EXTEMPORANEO!B123 -> 0 | C124: =EXTEMPORANEO!C123 -> 2026092 | D124: =EXTEMPORANEO!D123 -> 0 | E124: =EXTEMPORANEO!E123 -> 0 | F124: =EXTEMPORANEO!F123 -> #N/A | G124: =EXTEMPORANEO!G123 | H124: =EXTEMPORANEO!H123 -> #N/A | I124: =EXTEMPORANEO!I123 -> #N/A | ... K124: =EXTEMPORANEO!K123 -> 0 | L124: =EXTEMPORANEO!L124 -> 0 | M124: =EXTEMPORANEO!M124 -> 0 | N124: =EXTEMPORANEO!N123 -> 0 | O124: =EXTEMPORANEO!O123 -> 0 | P124: =EXTEMPORANEO!P123 -> 0 | Q124: =EXTEMPORANEO!Q123 -> 0 | R124: =EXTEMPORANEO!R123 -> 0 | S124: =EXTEMPORANEO!S123 -> 0 | T124: =EXTEMPORANEO!T123 -> 0 | U124: =EXTEMPORANEO!U123 -> 0 | ... Y124: =EXTEMPORANEO!Y123 -> 0
B125: =EXTEMPORANEO!B124 -> 0 | C125: =EXTEMPORANEO!C124 -> 2026092 | D125: =EXTEMPORANEO!D124 -> 0 | E125: =EXTEMPORANEO!E124 -> 0 | F125: =EXTEMPORANEO!F124 -> #N/A | G125: =EXTEMPORANEO!G124 | H125: =EXTEMPORANEO!H124 -> #N/A | I125: =EXTEMPORANEO!I124 -> #N/A | ... K125: =EXTEMPORANEO!K124 -> 0 | L125: =EXTEMPORANEO!L125 -> 0 | M125: =EXTEMPORANEO!M125 -> 0 | N125: =EXTEMPORANEO!N124 -> 0 | O125: =EXTEMPORANEO!O124 -> 0 | P125: =EXTEMPORANEO!P124 -> 0 | Q125: =EXTEMPORANEO!Q124 -> 0 | R125: =EXTEMPORANEO!R124 -> 0 | S125: =EXTEMPORANEO!S124 -> 0 | T125: =EXTEMPORANEO!T124 -> 0 | U125: =EXTEMPORANEO!U124 -> 0 | ... Y125: =EXTEMPORANEO!Y124 -> 0
B126: =EXTEMPORANEO!B125 -> 0 | C126: =EXTEMPORANEO!C125 -> 2026092 | D126: =EXTEMPORANEO!D125 -> 0 | E126: =EXTEMPORANEO!E125 -> 0 | F126: =EXTEMPORANEO!F125 -> #N/A | G126: =EXTEMPORANEO!G125 | H126: =EXTEMPORANEO!H125 -> #N/A | I126: =EXTEMPORANEO!I125 -> #N/A | ... K126: =EXTEMPORANEO!K125 -> 0 | L126: =EXTEMPORANEO!L126 -> 0 | M126: =EXTEMPORANEO!M126 -> 0 | N126: =EXTEMPORANEO!N125 -> 0 | O126: =EXTEMPORANEO!O125 -> 0 | P126: =EXTEMPORANEO!P125 -> 0 | Q126: =EXTEMPORANEO!Q125 -> 0 | R126: =EXTEMPORANEO!R125 -> 0 | S126: =EXTEMPORANEO!S125 -> 0 | T126: =EXTEMPORANEO!T125 -> 0 | U126: =EXTEMPORANEO!U125 -> 0 | ... Y126: =EXTEMPORANEO!Y125 -> 0
B127: =EXTEMPORANEO!B126 -> 0 | C127: =EXTEMPORANEO!C126 -> 2026092 | D127: =EXTEMPORANEO!D126 -> 0 | E127: =EXTEMPORANEO!E126 -> 0 | F127: =EXTEMPORANEO!F126 -> #N/A | G127: =EXTEMPORANEO!G126 | H127: =EXTEMPORANEO!H126 -> #N/A | I127: =EXTEMPORANEO!I126 -> #N/A | ... K127: =EXTEMPORANEO!K126 -> 0 | L127: =EXTEMPORANEO!L127 -> 0 | M127: =EXTEMPORANEO!M127 -> 0 | N127: =EXTEMPORANEO!N126 -> 0 | O127: =EXTEMPORANEO!O126 -> 0 | P127: =EXTEMPORANEO!P126 -> 0 | Q127: =EXTEMPORANEO!Q126 -> 0 | R127: =EXTEMPORANEO!R126 -> 0 | S127: =EXTEMPORANEO!S126 -> 0 | T127: =EXTEMPORANEO!T126 -> 0 | U127: =EXTEMPORANEO!U126 -> 0 | ... Y127: =EXTEMPORANEO!Y126 -> 0
B128: =EXTEMPORANEO!B127 -> 0 | C128: =EXTEMPORANEO!C127 -> 2026092 | D128: =EXTEMPORANEO!D127 -> 0 | E128: =EXTEMPORANEO!E127 -> 0 | F128: =EXTEMPORANEO!F127 -> #N/A | G128: =EXTEMPORANEO!G127 | H128: =EXTEMPORANEO!H127 -> #N/A | I128: =EXTEMPORANEO!I127 -> #N/A | ... K128: =EXTEMPORANEO!K127 -> 0 | L128: =EXTEMPORANEO!L128 -> 0 | M128: =EXTEMPORANEO!M128 -> 0 | N128: =EXTEMPORANEO!N127 -> 0 | O128: =EXTEMPORANEO!O127 -> 0 | P128: =EXTEMPORANEO!P127 -> 0 | Q128: =EXTEMPORANEO!Q127 -> 0 | R128: =EXTEMPORANEO!R127 -> 0 | S128: =EXTEMPORANEO!S127 -> 0 | T128: =EXTEMPORANEO!T127 -> 0 | U128: =EXTEMPORANEO!U127 -> 0 | ... Y128: =EXTEMPORANEO!Y127 -> 0
B129: =EXTEMPORANEO!B128 -> 0 | C129: =EXTEMPORANEO!C128 -> 2026092 | D129: =EXTEMPORANEO!D128 -> 0 | E129: =EXTEMPORANEO!E128 -> 0 | F129: =EXTEMPORANEO!F128 -> #N/A | G129: =EXTEMPORANEO!G128 | H129: =EXTEMPORANEO!H128 -> #N/A | I129: =EXTEMPORANEO!I128 -> #N/A | ... K129: =EXTEMPORANEO!K128 -> 0 | L129: =EXTEMPORANEO!L129 -> 0 | M129: =EXTEMPORANEO!M129 -> 0 | N129: =EXTEMPORANEO!N128 -> 0 | O129: =EXTEMPORANEO!O128 -> 0 | P129: =EXTEMPORANEO!P128 -> 0 | Q129: =EXTEMPORANEO!Q128 -> 0 | R129: =EXTEMPORANEO!R128 -> 0 | S129: =EXTEMPORANEO!S128 -> 0 | T129: =EXTEMPORANEO!T128 -> 0 | U129: =EXTEMPORANEO!U128 -> 0 | ... Y129: =EXTEMPORANEO!Y128 -> 0
B130: =EXTEMPORANEO!B129 -> 0 | C130: =EXTEMPORANEO!C129 -> 2026092 | D130: =EXTEMPORANEO!D129 -> 0 | E130: =EXTEMPORANEO!E129 -> 0 | F130: =EXTEMPORANEO!F129 -> #N/A | G130: =EXTEMPORANEO!G129 | H130: =EXTEMPORANEO!H129 -> #N/A | I130: =EXTEMPORANEO!I129 -> #N/A | ... K130: =EXTEMPORANEO!K129 -> 0 | L130: =EXTEMPORANEO!L130 -> 0 | M130: =EXTEMPORANEO!M130 -> 0 | N130: =EXTEMPORANEO!N129 -> 0 | O130: =EXTEMPORANEO!O129 -> 0 | P130: =EXTEMPORANEO!P129 -> 0 | Q130: =EXTEMPORANEO!Q129 -> 0 | R130: =EXTEMPORANEO!R129 -> 0 | S130: =EXTEMPORANEO!S129 -> 0 | T130: =EXTEMPORANEO!T129 -> 0 | U130: =EXTEMPORANEO!U129 -> 0 | ... Y130: =EXTEMPORANEO!Y129 -> 0
B131: =EXTEMPORANEO!B130 -> 0 | C131: =EXTEMPORANEO!C130 -> 2026092 | D131: =EXTEMPORANEO!D130 -> 0 | E131: =EXTEMPORANEO!E130 -> 0 | F131: =EXTEMPORANEO!F130 -> #N/A | G131: =EXTEMPORANEO!G130 | H131: =EXTEMPORANEO!H130 -> #N/A | I131: =EXTEMPORANEO!I130 -> #N/A | ... K131: =EXTEMPORANEO!K130 -> 0 | L131: =EXTEMPORANEO!L131 -> 0 | M131: =EXTEMPORANEO!M131 -> 0 | N131: =EXTEMPORANEO!N130 -> 0 | O131: =EXTEMPORANEO!O130 -> 0 | P131: =EXTEMPORANEO!P130 -> 0 | Q131: =EXTEMPORANEO!Q130 -> 0 | R131: =EXTEMPORANEO!R130 -> 0 | S131: =EXTEMPORANEO!S130 -> 0 | T131: =EXTEMPORANEO!T130 -> 0 | U131: =EXTEMPORANEO!U130 -> 0 | ... Y131: =EXTEMPORANEO!Y130 -> 0
B132: =EXTEMPORANEO!B131 -> 0 | C132: =EXTEMPORANEO!C131 -> 2026092 | D132: =EXTEMPORANEO!D131 -> 0 | E132: =EXTEMPORANEO!E131 -> 0 | F132: =EXTEMPORANEO!F131 -> #N/A | G132: =EXTEMPORANEO!G131 | H132: =EXTEMPORANEO!H131 -> #N/A | I132: =EXTEMPORANEO!I131 -> #N/A | ... K132: =EXTEMPORANEO!K131 -> 0 | L132: =EXTEMPORANEO!L132 -> 0 | M132: =EXTEMPORANEO!M132 -> 0 | N132: =EXTEMPORANEO!N131 -> 0 | O132: =EXTEMPORANEO!O131 -> 0 | P132: =EXTEMPORANEO!P131 -> 0 | Q132: =EXTEMPORANEO!Q131 -> 0 | R132: =EXTEMPORANEO!R131 -> 0 | S132: =EXTEMPORANEO!S131 -> 0 | T132: =EXTEMPORANEO!T131 -> 0 | U132: =EXTEMPORANEO!U131 -> 0 | ... Y132: =EXTEMPORANEO!Y131 -> 0
B133: =EXTEMPORANEO!B132 -> 0 | C133: =EXTEMPORANEO!C132 -> 2026092 | D133: =EXTEMPORANEO!D132 -> 0 | E133: =EXTEMPORANEO!E132 -> 0 | F133: =EXTEMPORANEO!F132 -> #N/A | G133: =EXTEMPORANEO!G132 | H133: =EXTEMPORANEO!H132 -> #N/A | I133: =EXTEMPORANEO!I132 -> #N/A | ... K133: =EXTEMPORANEO!K132 -> 0 | L133: =EXTEMPORANEO!L133 -> 0 | M133: =EXTEMPORANEO!M133 -> 0 | N133: =EXTEMPORANEO!N132 -> 0 | O133: =EXTEMPORANEO!O132 -> 0 | P133: =EXTEMPORANEO!P132 -> 0 | Q133: =EXTEMPORANEO!Q132 -> 0 | R133: =EXTEMPORANEO!R132 -> 0 | S133: =EXTEMPORANEO!S132 -> 0 | T133: =EXTEMPORANEO!T132 -> 0 | U133: =EXTEMPORANEO!U132 -> 0 | ... Y133: =EXTEMPORANEO!Y132 -> 0
B134: =EXTEMPORANEO!B133 -> 0 | C134: =EXTEMPORANEO!C133 -> 2026092 | D134: =EXTEMPORANEO!D133 -> 0 | E134: =EXTEMPORANEO!E133 -> 0 | F134: =EXTEMPORANEO!F133 -> #N/A | G134: =EXTEMPORANEO!G133 | H134: =EXTEMPORANEO!H133 -> #N/A | I134: =EXTEMPORANEO!I133 -> #N/A | ... K134: =EXTEMPORANEO!K133 -> 0 | L134: =EXTEMPORANEO!L135 -> 0 | M134: =EXTEMPORANEO!M135 -> 0 | N134: =EXTEMPORANEO!N133 -> 0 | O134: =EXTEMPORANEO!O133 -> 0 | P134: =EXTEMPORANEO!P133 -> 0 | Q134: =EXTEMPORANEO!Q133 -> 0 | R134: =EXTEMPORANEO!R133 -> 0 | S134: =EXTEMPORANEO!S133 -> 0 | T134: =EXTEMPORANEO!T133 -> 0 | U134: =EXTEMPORANEO!U133 -> 0 | ... Y134: =EXTEMPORANEO!Y133 -> 0
B135: =EXTEMPORANEO!B134 -> 0 | C135: =EXTEMPORANEO!C134 -> 2026092 | D135: =EXTEMPORANEO!D134 -> 0 | E135: =EXTEMPORANEO!E134 -> 0 | F135: =EXTEMPORANEO!F134 -> #N/A | G135: =EXTEMPORANEO!G134 | H135: =EXTEMPORANEO!H134 -> #N/A | I135: =EXTEMPORANEO!I134 -> #N/A | ... K135: =EXTEMPORANEO!K134 -> 0 | L135: =EXTEMPORANEO!L136 -> 0 | M135: =EXTEMPORANEO!M136 -> 0 | N135: =EXTEMPORANEO!N134 -> 0 | O135: =EXTEMPORANEO!O134 -> 0 | P135: =EXTEMPORANEO!P134 -> 0 | Q135: =EXTEMPORANEO!Q134 -> 0 | R135: =EXTEMPORANEO!R134 -> 0 | S135: =EXTEMPORANEO!S134 -> 0 | T135: =EXTEMPORANEO!T134 -> 0 | U135: =EXTEMPORANEO!U134 -> 0 | ... Y135: =EXTEMPORANEO!Y134 -> 0
B136: =EXTEMPORANEO!B135 -> 0 | C136: =EXTEMPORANEO!C135 -> 2026092 | D136: =EXTEMPORANEO!D135 -> 0 | E136: =EXTEMPORANEO!E135 -> 0 | F136: =EXTEMPORANEO!F135 -> #N/A | G136: =EXTEMPORANEO!G135 | H136: =EXTEMPORANEO!H135 -> #N/A | I136: =EXTEMPORANEO!I135 -> #N/A | ... K136: =EXTEMPORANEO!K135 -> 0 | L136: =EXTEMPORANEO!L137 -> 0 | M136: =EXTEMPORANEO!M137 -> 0 | N136: =EXTEMPORANEO!N135 -> 0 | O136: =EXTEMPORANEO!O135 -> 0 | P136: =EXTEMPORANEO!P135 -> 0 | Q136: =EXTEMPORANEO!Q135 -> 0 | R136: =EXTEMPORANEO!R135 -> 0 | S136: =EXTEMPORANEO!S135 -> 0 | T136: =EXTEMPORANEO!T135 -> 0 | U136: =EXTEMPORANEO!U135 -> 0 | ... Y136: =EXTEMPORANEO!Y135 -> 0
B137: =EXTEMPORANEO!B136 -> 0 | C137: =EXTEMPORANEO!C136 -> 2026092 | D137: =EXTEMPORANEO!D136 -> 0 | E137: =EXTEMPORANEO!E136 -> 0 | F137: =EXTEMPORANEO!F136 -> #N/A | G137: =EXTEMPORANEO!G136 | H137: =EXTEMPORANEO!H136 -> #N/A | I137: =EXTEMPORANEO!I136 -> #N/A | ... K137: =EXTEMPORANEO!K136 -> 0 | L137: =EXTEMPORANEO!L138 -> 0 | M137: =EXTEMPORANEO!M138 -> 0 | N137: =EXTEMPORANEO!N136 -> 0 | O137: =EXTEMPORANEO!O136 -> 0 | P137: =EXTEMPORANEO!P136 -> 0 | Q137: =EXTEMPORANEO!Q136 -> 0 | R137: =EXTEMPORANEO!R136 -> 0 | S137: =EXTEMPORANEO!S136 -> 0 | T137: =EXTEMPORANEO!T136 -> 0 | U137: =EXTEMPORANEO!U136 -> 0 | ... Y137: =EXTEMPORANEO!Y136 -> 0
B138: =EXTEMPORANEO!B137 -> 0 | C138: =EXTEMPORANEO!C137 -> 2026092 | D138: =EXTEMPORANEO!D137 -> 0 | E138: =EXTEMPORANEO!E137 -> 0 | F138: =EXTEMPORANEO!F137 -> #N/A | G138: =EXTEMPORANEO!G137 | H138: =EXTEMPORANEO!H137 -> #N/A | I138: =EXTEMPORANEO!I137 -> #N/A | ... K138: =EXTEMPORANEO!K137 -> 0 | L138: =EXTEMPORANEO!L139 -> 0 | M138: =EXTEMPORANEO!M139 -> 0 | N138: =EXTEMPORANEO!N137 -> 0 | O138: =EXTEMPORANEO!O137 -> 0 | P138: =EXTEMPORANEO!P137 -> 0 | Q138: =EXTEMPORANEO!Q137 -> 0 | R138: =EXTEMPORANEO!R137 -> 0 | S138: =EXTEMPORANEO!S137 -> 0 | T138: =EXTEMPORANEO!T137 -> 0 | U138: =EXTEMPORANEO!U137 -> 0 | ... Y138: =EXTEMPORANEO!Y137 -> 0
B139: =EXTEMPORANEO!B138 -> 0 | C139: =EXTEMPORANEO!C138 -> 2026092 | D139: =EXTEMPORANEO!D138 -> 0 | E139: =EXTEMPORANEO!E138 -> 0 | F139: =EXTEMPORANEO!F138 -> #N/A | G139: =EXTEMPORANEO!G138 | H139: =EXTEMPORANEO!H138 -> #N/A | I139: =EXTEMPORANEO!I138 -> #N/A | ... K139: =EXTEMPORANEO!K138 -> 0 | L139: =EXTEMPORANEO!L140 -> 0 | M139: =EXTEMPORANEO!M140 -> 0 | N139: =EXTEMPORANEO!N138 -> 0 | O139: =EXTEMPORANEO!O138 -> 0 | P139: =EXTEMPORANEO!P138 -> 0 | Q139: =EXTEMPORANEO!Q138 -> 0 | R139: =EXTEMPORANEO!R138 -> 0 | S139: =EXTEMPORANEO!S138 -> 0 | T139: =EXTEMPORANEO!T138 -> 0 | U139: =EXTEMPORANEO!U138 -> 0 | ... Y139: =EXTEMPORANEO!Y138 -> 0
B140: =EXTEMPORANEO!B139 -> 0 | C140: =EXTEMPORANEO!C139 -> 2026092 | D140: =EXTEMPORANEO!D139 -> 0 | E140: =EXTEMPORANEO!E139 -> 0 | F140: =EXTEMPORANEO!F139 -> #N/A | G140: =EXTEMPORANEO!G139 | H140: =EXTEMPORANEO!H139 -> #N/A | I140: =EXTEMPORANEO!I139 -> #N/A | ... K140: =EXTEMPORANEO!K139 -> 0 | L140: =EXTEMPORANEO!L141 -> 0 | M140: =EXTEMPORANEO!M141 -> 0 | N140: =EXTEMPORANEO!N139 -> 0 | O140: =EXTEMPORANEO!O139 -> 0 | P140: =EXTEMPORANEO!P139 -> 0 | Q140: =EXTEMPORANEO!Q139 -> 0 | R140: =EXTEMPORANEO!R139 -> 0 | S140: =EXTEMPORANEO!S139 -> 0 | T140: =EXTEMPORANEO!T139 -> 0 | U140: =EXTEMPORANEO!U139 -> 0 | ... Y140: =EXTEMPORANEO!Y139 -> 0
B141: =EXTEMPORANEO!B140 -> 0 | C141: =EXTEMPORANEO!C140 -> 2026092 | D141: =EXTEMPORANEO!D140 -> 0 | E141: =EXTEMPORANEO!E140 -> 0 | F141: =EXTEMPORANEO!F140 -> #N/A | G141: =EXTEMPORANEO!G140 | H141: =EXTEMPORANEO!H140 -> #N/A | I141: =EXTEMPORANEO!I140 -> #N/A | ... K141: =EXTEMPORANEO!K140 -> 0 | L141: =EXTEMPORANEO!L142 -> 0 | M141: =EXTEMPORANEO!M142 -> 0 | N141: =EXTEMPORANEO!N140 -> 0 | O141: =EXTEMPORANEO!O140 -> 0 | P141: =EXTEMPORANEO!P140 -> 0 | Q141: =EXTEMPORANEO!Q140 -> 0 | R141: =EXTEMPORANEO!R140 -> 0 | S141: =EXTEMPORANEO!S140 -> 0 | T141: =EXTEMPORANEO!T140 -> 0 | U141: =EXTEMPORANEO!U140 -> 0 | ... Y141: =EXTEMPORANEO!Y140 -> 0
B142: =EXTEMPORANEO!B141 -> 0 | C142: =EXTEMPORANEO!C141 -> 2026092 | D142: =EXTEMPORANEO!D141 -> 0 | E142: =EXTEMPORANEO!E141 -> 0 | F142: =EXTEMPORANEO!F141 -> #N/A | G142: =EXTEMPORANEO!G141 | H142: =EXTEMPORANEO!H141 -> #N/A | I142: =EXTEMPORANEO!I141 -> #N/A | ... K142: =EXTEMPORANEO!K141 -> 0 | L142: =EXTEMPORANEO!L143 -> 0 | M142: =EXTEMPORANEO!M143 -> 0 | N142: =EXTEMPORANEO!N141 -> 0 | O142: =EXTEMPORANEO!O141 -> 0 | P142: =EXTEMPORANEO!P141 -> 0 | Q142: =EXTEMPORANEO!Q141 -> 0 | R142: =EXTEMPORANEO!R141 -> 0 | S142: =EXTEMPORANEO!S141 -> 0 | T142: =EXTEMPORANEO!T141 -> 0 | U142: =EXTEMPORANEO!U141 -> 0 | ... Y142: =EXTEMPORANEO!Y141 -> 0
B143: =EXTEMPORANEO!B142 -> 0 | C143: =EXTEMPORANEO!C142 -> 2026092 | D143: =EXTEMPORANEO!D142 -> 0 | E143: =EXTEMPORANEO!E142 -> 0 | F143: =EXTEMPORANEO!F142 -> #N/A | G143: =EXTEMPORANEO!G142 | H143: =EXTEMPORANEO!H142 -> #N/A | I143: =EXTEMPORANEO!I142 -> #N/A | ... K143: =EXTEMPORANEO!K142 -> 0 | L143: =EXTEMPORANEO!L144 -> 0 | M143: =EXTEMPORANEO!M144 -> 0 | N143: =EXTEMPORANEO!N142 -> 0 | O143: =EXTEMPORANEO!O142 -> 0 | P143: =EXTEMPORANEO!P142 -> 0 | Q143: =EXTEMPORANEO!Q142 -> 0 | R143: =EXTEMPORANEO!R142 -> 0 | S143: =EXTEMPORANEO!S142 -> 0 | T143: =EXTEMPORANEO!T142 -> 0 | U143: =EXTEMPORANEO!U142 -> 0 | ... Y143: =EXTEMPORANEO!Y142 -> 0
B144: =EXTEMPORANEO!B143 -> 0 | C144: =EXTEMPORANEO!C143 -> 2026092 | D144: =EXTEMPORANEO!D143 -> 0 | E144: =EXTEMPORANEO!E143 -> 0 | F144: =EXTEMPORANEO!F143 -> #N/A | G144: =EXTEMPORANEO!G143 | H144: =EXTEMPORANEO!H143 -> #N/A | I144: =EXTEMPORANEO!I143 -> #N/A | ... K144: =EXTEMPORANEO!K143 -> 0 | L144: =EXTEMPORANEO!L145 -> 0 | M144: =EXTEMPORANEO!M145 -> 0 | N144: =EXTEMPORANEO!N143 -> 0 | O144: =EXTEMPORANEO!O143 -> 0 | P144: =EXTEMPORANEO!P143 -> 0 | Q144: =EXTEMPORANEO!Q143 -> 0 | R144: =EXTEMPORANEO!R143 -> 0 | S144: =EXTEMPORANEO!S143 -> 0 | T144: =EXTEMPORANEO!T143 -> 0 | U144: =EXTEMPORANEO!U143 -> 0 | ... Y144: =EXTEMPORANEO!Y143 -> 0
B145: =EXTEMPORANEO!B144 -> 0 | C145: =EXTEMPORANEO!C144 -> 2026092 | D145: =EXTEMPORANEO!D144 -> 0 | E145: =EXTEMPORANEO!E144 -> 0 | F145: =EXTEMPORANEO!F144 -> #N/A | G145: =EXTEMPORANEO!G144 | H145: =EXTEMPORANEO!H144 -> #N/A | I145: =EXTEMPORANEO!I144 -> #N/A | ... K145: =EXTEMPORANEO!K144 -> 0 | L145: =EXTEMPORANEO!L146 -> 0 | M145: =EXTEMPORANEO!M146 -> 0 | N145: =EXTEMPORANEO!N144 -> 0 | O145: =EXTEMPORANEO!O144 -> 0 | P145: =EXTEMPORANEO!P144 -> 0 | Q145: =EXTEMPORANEO!Q144 -> 0 | R145: =EXTEMPORANEO!R144 -> 0 | S145: =EXTEMPORANEO!S144 -> 0 | T145: =EXTEMPORANEO!T144 -> 0 | U145: =EXTEMPORANEO!U144 -> 0 | ... Y145: =EXTEMPORANEO!Y144 -> 0
... B158: =EXTEMPORANEO!B157 -> 0 | C158: =EXTEMPORANEO!C157 -> 2026092 | D158: =EXTEMPORANEO!D157 -> 0 | E158: =EXTEMPORANEO!E157 -> 0 | F158: =EXTEMPORANEO!F157 -> #N/A | G158: =EXTEMPORANEO!G157 | H158: =EXTEMPORANEO!H157 -> #N/A | I158: =EXTEMPORANEO!I157 -> #N/A | ... K158: =EXTEMPORANEO!K157 -> 0 | L158: =EXTEMPORANEO!L159 -> 0 | M158: =EXTEMPORANEO!M159 -> 0 | N158: =EXTEMPORANEO!N157 -> 0 | O158: =EXTEMPORANEO!O157 -> 0 | P158: =EXTEMPORANEO!P157 -> 0 | Q158: =EXTEMPORANEO!Q157 -> 0 | R158: =EXTEMPORANEO!R157 -> 0 | S158: =EXTEMPORANEO!S157 -> 0 | T158: =EXTEMPORANEO!T157 -> 0 | U158: =EXTEMPORANEO!U157 -> 0 | ... Y158: =EXTEMPORANEO!Y157 -> 0
B159: =EXTEMPORANEO!B158 -> 0 | C159: =EXTEMPORANEO!C158 -> 2026092 | D159: =EXTEMPORANEO!D158 -> 0 | E159: =EXTEMPORANEO!E158 -> 0 | F159: =EXTEMPORANEO!F158 -> #N/A | G159: =EXTEMPORANEO!G158 | H159: =EXTEMPORANEO!H158 -> #N/A | I159: =EXTEMPORANEO!I158 -> #N/A | ... K159: =EXTEMPORANEO!K158 -> 0 | L159: =EXTEMPORANEO!L161 -> 0 | M159: =EXTEMPORANEO!M161 -> 0 | N159: =EXTEMPORANEO!N158 -> 0 | O159: =EXTEMPORANEO!O158 -> 0 | P159: =EXTEMPORANEO!P158 -> 0 | Q159: =EXTEMPORANEO!Q158 -> 0 | R159: =EXTEMPORANEO!R158 -> 0 | S159: =EXTEMPORANEO!S158 -> 0 | T159: =EXTEMPORANEO!T158 -> 0 | U159: =EXTEMPORANEO!U158 -> 0 | ... Y159: =EXTEMPORANEO!Y158 -> 0
B160: =EXTEMPORANEO!B159 -> 0 | C160: =EXTEMPORANEO!C159 -> 2026092 | D160: =EXTEMPORANEO!D159 -> 0 | E160: =EXTEMPORANEO!E159 -> 0 | F160: =EXTEMPORANEO!F159 -> #N/A | G160: =EXTEMPORANEO!G159 | H160: =EXTEMPORANEO!H159 -> #N/A | I160: =EXTEMPORANEO!I159 -> #N/A | ... K160: =EXTEMPORANEO!K159 -> 0 | L160: =EXTEMPORANEO!L162 -> 0 | M160: =EXTEMPORANEO!M162 -> 0 | N160: =EXTEMPORANEO!N159 -> 0 | O160: =EXTEMPORANEO!O159 -> 0 | P160: =EXTEMPORANEO!P159 -> 0 | Q160: =EXTEMPORANEO!Q159 -> 0 | R160: =EXTEMPORANEO!R159 -> 0 | S160: =EXTEMPORANEO!S159 -> 0 | T160: =EXTEMPORANEO!T159 -> 0 | U160: =EXTEMPORANEO!U159 -> 0 | ... Y160: =EXTEMPORANEO!Y159 -> 0
B161: =EXTEMPORANEO!B160 -> 0 | C161: =EXTEMPORANEO!C160 -> 2026092 | D161: =EXTEMPORANEO!D160 -> 0 | E161: =EXTEMPORANEO!E160 -> 0 | F161: =EXTEMPORANEO!F160 -> #N/A | G161: =EXTEMPORANEO!G160 | H161: =EXTEMPORANEO!H160 -> #N/A | I161: =EXTEMPORANEO!I160 -> #N/A | ... K161: =EXTEMPORANEO!K160 -> 0 | L161: =EXTEMPORANEO!L163 -> 0 | M161: =EXTEMPORANEO!M163 -> 0 | N161: =EXTEMPORANEO!N160 -> 0 | O161: =EXTEMPORANEO!O160 -> 0 | P161: =EXTEMPORANEO!P160 -> 0 | Q161: =EXTEMPORANEO!Q160 -> 0 | R161: =EXTEMPORANEO!R160 -> 0 | S161: =EXTEMPORANEO!S160 -> 0 | T161: =EXTEMPORANEO!T160 -> 0 | U161: =EXTEMPORANEO!U160 -> 0 | ... Y161: =EXTEMPORANEO!Y160 -> 0
B162: =EXTEMPORANEO!B161 -> 0 | C162: =EXTEMPORANEO!C161 -> 2026092 | D162: =EXTEMPORANEO!D161 -> 0 | E162: =EXTEMPORANEO!E161 -> 0 | F162: =EXTEMPORANEO!F161 -> #N/A | G162: =EXTEMPORANEO!G161 | H162: =EXTEMPORANEO!H161 -> #N/A | I162: =EXTEMPORANEO!I161 -> #N/A | ... K162: =EXTEMPORANEO!K161 -> 0 | L162: =EXTEMPORANEO!L164 -> 0 | M162: =EXTEMPORANEO!M164 -> 0 | N162: =EXTEMPORANEO!N161 -> 0 | O162: =EXTEMPORANEO!O161 -> 0 | P162: =EXTEMPORANEO!P161 -> 0 | Q162: =EXTEMPORANEO!Q161 -> 0 | R162: =EXTEMPORANEO!R161 -> 0 | S162: =EXTEMPORANEO!S161 -> 0 | T162: =EXTEMPORANEO!T161 -> 0 | U162: =EXTEMPORANEO!U161 -> 0 | ... Y162: =EXTEMPORANEO!Y161 -> 0
B163: =EXTEMPORANEO!B162 -> 0 | C163: =EXTEMPORANEO!C162 -> 2026092 | D163: =EXTEMPORANEO!D162 -> 0 | E163: =EXTEMPORANEO!E162 -> 0 | F163: =EXTEMPORANEO!F162 -> #N/A | G163: =EXTEMPORANEO!G162 | H163: =EXTEMPORANEO!H162 -> #N/A | I163: =EXTEMPORANEO!I162 -> #N/A | ... K163: =EXTEMPORANEO!K162 -> 0 | L163: =EXTEMPORANEO!L165 -> 0 | M163: =EXTEMPORANEO!M165 -> 0 | N163: =EXTEMPORANEO!N162 -> 0 | O163: =EXTEMPORANEO!O162 -> 0 | P163: =EXTEMPORANEO!P162 -> 0 | Q163: =EXTEMPORANEO!Q162 -> 0 | R163: =EXTEMPORANEO!R162 -> 0 | S163: =EXTEMPORANEO!S162 -> 0 | T163: =EXTEMPORANEO!T162 -> 0 | U163: =EXTEMPORANEO!U162 -> 0 | ... Y163: =EXTEMPORANEO!Y162 -> 0
B164: =EXTEMPORANEO!B163 -> 0 | C164: =EXTEMPORANEO!C163 -> 2026092 | D164: =EXTEMPORANEO!D163 -> 0 | E164: =EXTEMPORANEO!E163 -> 0 | F164: =EXTEMPORANEO!F163 -> #N/A | G164: =EXTEMPORANEO!G163 | H164: =EXTEMPORANEO!H163 -> #N/A | I164: =EXTEMPORANEO!I163 -> #N/A | ... K164: =EXTEMPORANEO!K163 -> 0 | L164: =EXTEMPORANEO!L166 -> 0 | M164: =EXTEMPORANEO!M166 -> 0 | N164: =EXTEMPORANEO!N163 -> 0 | O164: =EXTEMPORANEO!O163 -> 0 | P164: =EXTEMPORANEO!P163 -> 0 | Q164: =EXTEMPORANEO!Q163 -> 0 | R164: =EXTEMPORANEO!R163 -> 0 | S164: =EXTEMPORANEO!S163 -> 0 | T164: =EXTEMPORANEO!T163 -> 0 | U164: =EXTEMPORANEO!U163 -> 0 | ... Y164: =EXTEMPORANEO!Y163 -> 0
B165: =EXTEMPORANEO!B164 -> 0 | C165: =EXTEMPORANEO!C164 -> 2026092 | D165: =EXTEMPORANEO!D164 -> 0 | E165: =EXTEMPORANEO!E164 -> 0 | F165: =EXTEMPORANEO!F164 -> #N/A | G165: =EXTEMPORANEO!G164 | H165: =EXTEMPORANEO!H164 -> #N/A | I165: =EXTEMPORANEO!I164 -> #N/A | ... K165: =EXTEMPORANEO!K164 -> 0 | L165: =EXTEMPORANEO!L167 -> 0 | M165: =EXTEMPORANEO!M167 -> 0 | N165: =EXTEMPORANEO!N164 -> 0 | O165: =EXTEMPORANEO!O164 -> 0 | P165: =EXTEMPORANEO!P164 -> 0 | Q165: =EXTEMPORANEO!Q164 -> 0 | R165: =EXTEMPORANEO!R164 -> 0 | S165: =EXTEMPORANEO!S164 -> 0 | T165: =EXTEMPORANEO!T164 -> 0 | U165: =EXTEMPORANEO!U164 -> 0 | ... Y165: =EXTEMPORANEO!Y164 -> 0
B166: =EXTEMPORANEO!B165 -> 0 | C166: =EXTEMPORANEO!C165 -> 2026092 | D166: =EXTEMPORANEO!D165 -> 0 | E166: =EXTEMPORANEO!E165 -> 0 | F166: =EXTEMPORANEO!F165 -> #N/A | G166: =EXTEMPORANEO!G165 | H166: =EXTEMPORANEO!H165 -> #N/A | I166: =EXTEMPORANEO!I165 -> #N/A | ... K166: =EXTEMPORANEO!K165 -> 0 | L166: =EXTEMPORANEO!L168 -> 0 | M166: =EXTEMPORANEO!M168 -> 0 | N166: =EXTEMPORANEO!N165 -> 0 | O166: =EXTEMPORANEO!O165 -> 0 | P166: =EXTEMPORANEO!P165 -> 0 | Q166: =EXTEMPORANEO!Q165 -> 0 | R166: =EXTEMPORANEO!R165 -> 0 | S166: =EXTEMPORANEO!S165 -> 0 | T166: =EXTEMPORANEO!T165 -> 0 | U166: =EXTEMPORANEO!U165 -> 0 | ... Y166: =EXTEMPORANEO!Y165 -> 0
B167: =EXTEMPORANEO!B166 -> 0 | C167: =EXTEMPORANEO!C166 -> 2026092 | D167: =EXTEMPORANEO!D166 -> 0 | E167: =EXTEMPORANEO!E166 -> 0 | F167: =EXTEMPORANEO!F166 -> #N/A | G167: =EXTEMPORANEO!G166 | H167: =EXTEMPORANEO!H166 -> #N/A | I167: =EXTEMPORANEO!I166 -> #N/A | ... K167: =EXTEMPORANEO!K166 -> 0 | L167: =EXTEMPORANEO!L169 -> 0 | M167: =EXTEMPORANEO!M169 -> 0 | N167: =EXTEMPORANEO!N166 -> 0 | O167: =EXTEMPORANEO!O166 -> 0 | P167: =EXTEMPORANEO!P166 -> 0 | Q167: =EXTEMPORANEO!Q166 -> 0 | R167: =EXTEMPORANEO!R166 -> 0 | S167: =EXTEMPORANEO!S166 -> 0 | T167: =EXTEMPORANEO!T166 -> 0 | U167: =EXTEMPORANEO!U166 -> 0 | ... Y167: =EXTEMPORANEO!Y166 -> 0
B168: =EXTEMPORANEO!B167 -> 0 | C168: =EXTEMPORANEO!C167 -> 2026092 | D168: =EXTEMPORANEO!D167 -> 0 | E168: =EXTEMPORANEO!E167 -> 0 | F168: =EXTEMPORANEO!F167 -> #N/A | G168: =EXTEMPORANEO!G167 | H168: =EXTEMPORANEO!H167 -> #N/A | I168: =EXTEMPORANEO!I167 -> #N/A | ... K168: =EXTEMPORANEO!K167 -> 0 | L168: =EXTEMPORANEO!L170 -> 0 | M168: =EXTEMPORANEO!M170 -> 0 | N168: =EXTEMPORANEO!N167 -> 0 | O168: =EXTEMPORANEO!O167 -> 0 | P168: =EXTEMPORANEO!P167 -> 0 | Q168: =EXTEMPORANEO!Q167 -> 0 | R168: =EXTEMPORANEO!R167 -> 0 | S168: =EXTEMPORANEO!S167 -> 0 | T168: =EXTEMPORANEO!T167 -> 0 | U168: =EXTEMPORANEO!U167 -> 0 | ... Y168: =EXTEMPORANEO!Y167 -> 0
B169: =EXTEMPORANEO!B168 -> 0 | C169: =EXTEMPORANEO!C168 -> 2026092 | D169: =EXTEMPORANEO!D168 -> 0 | E169: =EXTEMPORANEO!E168 -> 0 | F169: =EXTEMPORANEO!F168 -> #N/A | G169: =EXTEMPORANEO!G168 | H169: =EXTEMPORANEO!H168 -> #N/A | I169: =EXTEMPORANEO!I168 -> #N/A | ... K169: =EXTEMPORANEO!K168 -> 0 | L169: =EXTEMPORANEO!L171 -> 0 | M169: =EXTEMPORANEO!M171 -> 0 | N169: =EXTEMPORANEO!N168 -> 0 | O169: =EXTEMPORANEO!O168 -> 0 | P169: =EXTEMPORANEO!P168 -> 0 | Q169: =EXTEMPORANEO!Q168 -> 0 | R169: =EXTEMPORANEO!R168 -> 0 | S169: =EXTEMPORANEO!S168 -> 0 | T169: =EXTEMPORANEO!T168 -> 0 | U169: =EXTEMPORANEO!U168 -> 0 | ... Y169: =EXTEMPORANEO!Y168 -> 0
B170: =EXTEMPORANEO!B169 -> 0 | C170: =EXTEMPORANEO!C169 -> 2026092 | D170: =EXTEMPORANEO!D169 -> 0 | E170: =EXTEMPORANEO!E169 -> 0 | F170: =EXTEMPORANEO!F169 -> #N/A | G170: =EXTEMPORANEO!G169 | H170: =EXTEMPORANEO!H169 -> #N/A | I170: =EXTEMPORANEO!I169 -> #N/A | ... K170: =EXTEMPORANEO!K169 -> 0 | L170: =EXTEMPORANEO!L172 -> 0 | M170: =EXTEMPORANEO!M172 -> 0 | N170: =EXTEMPORANEO!N169 -> 0 | O170: =EXTEMPORANEO!O169 -> 0 | P170: =EXTEMPORANEO!P169 -> 0 | Q170: =EXTEMPORANEO!Q169 -> 0 | R170: =EXTEMPORANEO!R169 -> 0 | S170: =EXTEMPORANEO!S169 -> 0 | T170: =EXTEMPORANEO!T169 -> 0 | U170: =EXTEMPORANEO!U169 -> 0 | ... Y170: =EXTEMPORANEO!Y169 -> 0
... B215: =EXTEMPORANEO!B214 -> 0 | C215: =EXTEMPORANEO!C214 -> 2026092 | D215: =EXTEMPORANEO!D214 -> 0 | E215: =EXTEMPORANEO!E214 -> 0 | F215: =EXTEMPORANEO!F214 -> #N/A | G215: =EXTEMPORANEO!G214 | H215: =EXTEMPORANEO!H214 -> #N/A | I215: =EXTEMPORANEO!I214 -> #N/A | ... K215: =EXTEMPORANEO!K214 -> 0 | L215: =EXTEMPORANEO!L217 -> 0 | M215: =EXTEMPORANEO!M217 -> 0 | N215: =EXTEMPORANEO!N214 -> 0 | O215: =EXTEMPORANEO!O214 -> 0 | P215: =EXTEMPORANEO!P214 -> 0 | Q215: =EXTEMPORANEO!Q214 -> 0 | R215: =EXTEMPORANEO!R214 -> 0 | S215: =EXTEMPORANEO!S214 -> 0 | T215: =EXTEMPORANEO!T214 -> 0 | U215: =EXTEMPORANEO!U214 -> 0 | ... Y215: =EXTEMPORANEO!Y214 -> 0
