Workbook
Name Bancos: [1]Fx!$C$1:$C$23
Name Ref.: #REF!
Name Ref.: #REF!
Name Ref.: #REF!

Sheet Oportuno
C1: =VALUE(C3&1) -> 2026091 | J1: =SUM(J13:J26) -> 0 | K1: =SUM(K13:K26) -> 0 | L1: =SUM(L13:L26) -> 0 | M1: =SUM(M13:M26) -> 0 | N1: =SUM(N13:N26) -> 0 | O1: =SUM(O13:O26) -> 0 | P1: =SUM(P13:P26) -> 0 | Q1: =SUM(Q13:Q26) -> 0 | ... Y1: =SUM(Y13:Y26) -> 0
C2: =VALUE(C3&2) -> 2026092 | J2: =SUM(J31:J44) -> 0 | K2: =SUM(K31:K44) -> 0 | L2: =SUM(L31:L44) -> 0 | M2: =SUM(M31:M44) -> 0 | N2: =SUM(N31:N44) -> 0 | O2: =SUM(O31:O44) -> 0 | P2: =SUM(P31:P44) -> 0 | Q2: =SUM(Q31:Q44) -> 0 | ... Y2: =SUM(Y31:Y44) -> 0
C3: 202609 | J3: =SUM(J1:J2) -> 0 | K3: =SUM(K1:K2) -> 0 | L3: =SUM(L1:L2) -> 0 | M3: =SUM(M1:M2) -> 0 | N3: =SUM(N1:N2) -> 0 | O3: =SUM(O1:O2) -> 0 | P3: =SUM(P1:P2) -> 0 | Q3: =SUM(Q1:Q2) -> 0 | ... Y3: =SUM(Y1:Y2) -> 0
H6: 2.5.3. INFORMES DE RECAUDO
H7: R2 - INFORME DE CONCILIACION DE RECAUDOS
H8: CONCILIACION DIARIA DE RECAUDO OPORTUNO - OTROS
E9: NIT: 901 153 639 - 0 | L9: Recaudo Oportuno de Otros en Cuentas bancarias de la EAAB :
H10: =SUBSTITUTE(UPPER(TEXT(DATE(LEFT(C3,4),RIGHT(C3,2),1),"MMMM YYYY"))," ","_") -> SEPTIEMBRE_2026 | L10: Anterior al 11 oct 2018 y Saldos a favor esquema anterior con prestador EAAB y CIUD LIMP.
H11: Entidad Giradora del Recaudo: EAAB - CIUDAD LIMPIA
B12: FECHA APLICACIÓN | C12: CODIGO REMUNERACIÓN | D12: FECHA RECAUDO | E12: CÓDIGO BC | F12: NOMBRE BANCO | G12: CÓDIGO CR | H12: CANAL RECAUDO | I12: N° CUENTA | J12: ASE 1 N° REGISTROS ARCHIVO | K12: ASE 1 VALOR ARCHIVO | L12: ASE 2 N° REGISTROS ARCHIVO | M12: ASE 2 VALOR ARCHIVO | N12: ASE 3 N° REGISTROS ARCHIVO | O12: ASE 3 VALOR ARCHIVO | P12: ASE 4 N° REGISTROS ARCHIVO | Q12: ASE 4 VALOR ARCHIVO | R12: ASE 5 N° REGISTROS ARCHIVO | S12: ASE 5 VALOR ARCHIVO | T12: TOTAL N° REGISTROS APLICADOS | U12: TOTAL VALOR APLICADO | V12: N° REGISTROS REPORTADOS POR BANCO | W12: VALOR REPORTADO POR BANCO | X12: DIFERENCIA REGISTROS | Y12: DIFERENCIA VALOR | AC12: NUMERO DE ENTREGA
B13: 46268 | C13: =$C$1 -> 2026091 | D13: =IF(B13<>"",B13,"") -> 46268 | E13: 200 | F13: =VLOOKUP(E13,'Códigos bancos'!$B$3:$D$27,2,0) -> Ciudad Limpia - Prestador | G13: 1 | H13: =VLOOKUP(G13,'Códigos bancos'!$F$3:$G$18,2,0) -> Oficinas | I13: N/A | J13: 0 | K13: 0 | L13: 0 | M13: 0 | N13: 0 | O13: 0 | P13: 0 | Q13: 0 | R13: 0 | S13: 0 | T13: =J13+L13+N13+P13+R13 -> 0 | U13: =K13+M13+O13+Q13+S13 -> 0 | V13: 0 | W13: 0 | X13: =V13-T13 -> 0 | Y13: =W13-U13 -> 0
C14: =$C$1 -> 2026091 | D14: =IF(B14<>"",B14,"") | E14: 200 | F14: =VLOOKUP(E14,'Códigos bancos'!$B$3:$D$27,2,0) -> Ciudad Limpia - Prestador | G14: 1 | H14: =VLOOKUP(G14,'Códigos bancos'!$F$3:$G$18,2,0) -> Oficinas | I14: N/A | J14: 0 | K14: 0 | L14: 0 | M14: 0 | N14: 0 | O14: 0 | P14: 0 | Q14: 0 | R14: 0 | S14: 0 | T14: =J14+L14+N14+P14+R14 -> 0 | U14: =K14+M14+O14+Q14+S14 -> 0 | V14: 0 | W14: 0 | X14: =V14-T14 -> 0 | Y14: =W14-U14 -> 0
C15: =$C$1 -> 2026091 | D15: =IF(B15<>"",B15,"") | E15: 200 | F15: =VLOOKUP(E15,'Códigos bancos'!$B$3:$D$27,2,0) -> Ciudad Limpia - Prestador | G15: 1 | H15: =VLOOKUP(G15,'Códigos bancos'!$F$3:$G$18,2,0) -> Oficinas | I15: N/A | J15: 0 | K15: 0 | L15: 0 | M15: 0 | N15: 0 | O15: 0 | P15: 0 | Q15: 0 | R15: 0 | S15: 0 | T15: =J15+L15+N15+P15+R15 -> 0 | U15: =K15+M15+O15+Q15+S15 -> 0 | V15: 0 | W15: 0 | X15: =V15-T15 -> 0 | Y15: =W15-U15 -> 0
C16: =$C$1 -> 2026091 | D16: =IF(B16<>"",B16,"") | E16: 200 | F16: =VLOOKUP(E16,'Códigos bancos'!$B$3:$D$27,2,0) -> Ciudad Limpia - Prestador | G16: 1 | H16: =VLOOKUP(G16,'Códigos bancos'!$F$3:$G$18,2,0) -> Oficinas | I16: N/A | J16: 0 | K16: 0 | L16: 0 | M16: 0 | N16: 0 | O16: 0 | P16: 0 | Q16: 0 | R16: 0 | S16: 0 | T16: =J16+L16+N16+P16+R16 -> 0 | U16: =K16+M16+O16+Q16+S16 -> 0 | V16: 0 | W16: 0 | X16: =V16-T16 -> 0 | Y16: =W16-U16 -> 0
C17: =$C$1 -> 2026091 | D17: =IF(B17<>"",B17,"") | E17: 200 | F17: =VLOOKUP(E17,'Códigos bancos'!$B$3:$D$27,2,0) -> Ciudad Limpia - Prestador | G17: 1 | H17: =VLOOKUP(G17,'Códigos bancos'!$F$3:$G$18,2,0) -> Oficinas | I17: N/A | J17: 0 | K17: 0 | L17: 0 | M17: 0 | N17: 0 | O17: 0 | P17: 0 | Q17: 0 | R17: 0 | S17: 0 | T17: =J17+L17+N17+P17+R17 -> 0 | U17: =K17+M17+O17+Q17+S17 -> 0 | V17: 0 | W17: 0 | X17: =V17-T17 -> 0 | Y17: =W17-U17 -> 0
C18: =$C$1 -> 2026091 | D18: =IF(B18<>"",B18,"") | E18: 200 | F18: =VLOOKUP(E18,'Códigos bancos'!$B$3:$D$27,2,0) -> Ciudad Limpia - Prestador | G18: 1 | H18: =VLOOKUP(G18,'Códigos bancos'!$F$3:$G$18,2,0) -> Oficinas | I18: N/A | J18: 0 | K18: 0 | L18: 0 | M18: 0 | N18: 0 | O18: 0 | P18: 0 | Q18: 0 | R18: 0 | S18: 0 | T18: =J18+L18+N18+P18+R18 -> 0 | U18: =K18+M18+O18+Q18+S18 -> 0 | V18: 0 | W18: 0 | X18: =V18-T18 -> 0 | Y18: =W18-U18 -> 0
C19: =$C$1 -> 2026091 | D19: =IF(B19<>"",B19,"") | E19: 200 | F19: =VLOOKUP(E19,'Códigos bancos'!$B$3:$D$27,2,0) -> Ciudad Limpia - Prestador | G19: 1 | H19: =VLOOKUP(G19,'Códigos bancos'!$F$3:$G$18,2,0) -> Oficinas | I19: N/A | J19: 0 | K19: 0 | P19: 0 | Q19: 0 | R19: 0 | S19: 0 | T19: =J19+L19+N19+P19+R19 -> 0 | U19: =K19+M19+O19+Q19+S19 -> 0 | V19: 0 | W19: 0 | X19: =V19-T19 -> 0 | Y19: =W19-U19 -> 0
B20: 46268 | C20: =$C$1 -> 2026091 | D20: =IF(B20<>"",B20,"") -> 46268 | E20: 201 | F20: =VLOOKUP(E20,'Códigos bancos'!$B$3:$D$27,2,0) -> EAAB - Prestador | G20: 1 | H20: =VLOOKUP(G20,'Códigos bancos'!$F$3:$G$18,2,0) -> Oficinas | I20: N/A | J20: 0 | K20: 0 | L20: 0 | M20: 0 | N20: 0 | O20: 0 | P20: 0 | Q20: 0 | R20: 0 | S20: 0 | T20: =J20+L20+N20+P20+R20 -> 0 | U20: =K20+M20+O20+Q20+S20 -> 0 | V20: 0 | W20: 0 | X20: =V20-T20 -> 0 | Y20: =W20-U20 -> 0
C21: =$C$1 -> 2026091 | D21: =IF(B21<>"",B21,"") | E21: 201 | F21: =VLOOKUP(E21,'Códigos bancos'!$B$3:$D$27,2,0) -> EAAB - Prestador | G21: 1 | H21: =VLOOKUP(G21,'Códigos bancos'!$F$3:$G$18,2,0) -> Oficinas | I21: N/A | J21: 0 | K21: 0 | L21: 0 | M21: 0 | N21: 0 | O21: 0 | P21: 0 | Q21: 0 | R21: 0 | S21: 0 | T21: =J21+L21+N21+P21+R21 -> 0 | U21: =K21+M21+O21+Q21+S21 -> 0 | V21: 0 | W21: 0 | X21: =V21-T21 -> 0 | Y21: =W21-U21 -> 0
C22: =$C$1 -> 2026091 | D22: =IF(B22<>"",B22,"") | E22: 201 | F22: =VLOOKUP(E22,'Códigos bancos'!$B$3:$D$27,2,0) -> EAAB - Prestador | G22: 1 | H22: =VLOOKUP(G22,'Códigos bancos'!$F$3:$G$18,2,0) -> Oficinas | I22: N/A | J22: 0 | K22: 0 | L22: 0 | M22: 0 | N22: 0 | O22: 0 | P22: 0 | Q22: 0 | R22: 0 | S22: 0 | T22: =J22+L22+N22+P22+R22 -> 0 | U22: =K22+M22+O22+Q22+S22 -> 0 | V22: 0 | W22: 0 | X22: =V22-T22 -> 0 | Y22: =W22-U22 -> 0
C23: =$C$1 -> 2026091 | D23: =IF(B23<>"",B23,"") | E23: 201 | F23: =VLOOKUP(E23,'Códigos bancos'!$B$3:$D$27,2,0) -> EAAB - Prestador | G23: 1 | H23: =VLOOKUP(G23,'Códigos bancos'!$F$3:$G$18,2,0) -> Oficinas | I23: N/A | J23: 0 | K23: 0 | L23: 0 | M23: 0 | N23: 0 | O23: 0 | P23: 0 | Q23: 0 | R23: 0 | S23: 0 | T23: =J23+L23+N23+P23+R23 -> 0 | U23: =K23+M23+O23+Q23+S23 -> 0 | V23: 0 | W23: 0 | X23: =V23-T23 -> 0 | Y23: =W23-U23 -> 0
C24: =$C$1 -> 2026091 | D24: =IF(B24<>"",B24,"") | E24: 201 | F24: =VLOOKUP(E24,'Códigos bancos'!$B$3:$D$27,2,0) -> EAAB - Prestador | G24: 1 | H24: =VLOOKUP(G24,'Códigos bancos'!$F$3:$G$18,2,0) -> Oficinas | I24: N/A | J24: 0 | K24: 0 | L24: 0 | M24: 0 | N24: 0 | O24: 0 | P24: 0 | Q24: 0 | R24: 0 | S24: 0 | T24: =J24+L24+N24+P24+R24 -> 0 | U24: =K24+M24+O24+Q24+S24 -> 0 | V24: 0 | W24: 0 | X24: =V24-T24 -> 0 | Y24: =W24-U24 -> 0
C25: =$C$1 -> 2026091 | D25: =IF(B25<>"",B25,"") | E25: 201 | F25: =VLOOKUP(E25,'Códigos bancos'!$B$3:$D$27,2,0) -> EAAB - Prestador | G25: 1 | H25: =VLOOKUP(G25,'Códigos bancos'!$F$3:$G$18,2,0) -> Oficinas | I25: N/A | L25: 0 | M25: 0 | N25: 0 | O25: 0 | P25: 0 | T25: =J25+L25+N25+P25+R25 -> 0 | U25: =K25+M25+O25+Q25+S25 -> 0 | V25: 0 | W25: 0 | X25: =V25-T25 -> 0 | Y25: =W25-U25 -> 0
C26: =$C$1 -> 2026091 | D26: =IF(B26<>"",B26,"") | E26: 201 | F26: =VLOOKUP(E26,'Códigos bancos'!$B$3:$D$27,2,0) -> EAAB - Prestador | G26: 1 | H26: =VLOOKUP(G26,'Códigos bancos'!$F$3:$G$18,2,0) -> Oficinas | I26: N/A | J26: 0 | K26: 0 | L26: 0 | M26: 0 | N26: 0 | O26: 0 | P26: 0 | Q26: 0 | R26: 0 | S26: 0 | T26: =J26+L26+N26+P26+R26 -> 0 | U26: =K26+M26+O26+Q26+S26 -> 0 | V26: 0 | W26: 0 | X26: =V26-T26 -> 0 | Y26: =W26-U26 -> 0
B30: FECHA APLICACIÓN | C30: CODIGO REMUNERACIÓN | D30: FECHA RECAUDO | E30: CÓDIGO BC | F30: NOMBRE BANCO | G30: CÓDIGO CR | H30: CANAL RECAUDO | I30: N° CUENTA | J30: ASE 1 N° REGISTROS ARCHIVO | K30: ASE 1 VALOR ARCHIVO | L30: ASE 2 N° REGISTROS ARCHIVO | M30: ASE 2 VALOR ARCHIVO | N30: ASE 3 N° REGISTROS ARCHIVO | O30: ASE 3 VALOR ARCHIVO | P30: ASE 4 N° REGISTROS ARCHIVO | Q30: ASE 4 VALOR ARCHIVO | R30: ASE 5 N° REGISTROS ARCHIVO | S30: ASE 5 VALOR ARCHIVO | T30: TOTAL N° REGISTROS APLICADOS | U30: TOTAL VALOR APLICADO | V30: N° REGISTROS REPORTADOS POR BANCO | W30: VALOR REPORTADO POR BANCO | X30: DIFERENCIA REGISTROS | Y30: DIFERENCIA VALOR | AC30: NUMERO DE ENTREGA
C31: =$C$2 -> 2026092 | D31: =IF(B31<>"",B31,"") | E31: 200 | F31: =VLOOKUP(E31,'Códigos bancos'!$B$3:$D$27,2,0) -> Ciudad Limpia - Prestador | G31: 1 | H31: =VLOOKUP(G31,'Códigos bancos'!$F$3:$G$18,2,0) -> Oficinas | I31: N/A | J31: 0 | K31: 0 | L31: 0 | M31: 0 | N31: 0 | O31: 0 | P31: 0 | Q31: 0 | R31: 0 | S31: 0 | T31: =J31+L31+N31+P31+R31 -> 0 | U31: =K31+M31+O31+Q31+S31 -> 0 | V31: 0 | W31: 0 | X31: =V31-T31 -> 0 | Y31: =W31-U31 -> 0
C32: =$C$2 -> 2026092 | D32: =IF(B32<>"",B32,"") | E32: 200 | F32: =VLOOKUP(E32,'Códigos bancos'!$B$3:$D$27,2,0) -> Ciudad Limpia - Prestador | G32: 1 | H32: =VLOOKUP(G32,'Códigos bancos'!$F$3:$G$18,2,0) -> Oficinas | I32: N/A | J32: 0 | K32: 0 | L32: 0 | M32: 0 | N32: 0 | O32: 0 | P32: 0 | Q32: 0 | R32: 0 | S32: 0 | T32: =J32+L32+N32+P32+R32 -> 0 | U32: =K32+M32+O32+Q32+S32 -> 0 | V32: 0 | W32: 0 | X32: =V32-T32 -> 0 | Y32: =W32-U32 -> 0
C33: =$C$2 -> 2026092 | D33: =IF(B33<>"",B33,"") | E33: 200 | F33: =VLOOKUP(E33,'Códigos bancos'!$B$3:$D$27,2,0) -> Ciudad Limpia - Prestador | G33: 1 | H33: =VLOOKUP(G33,'Códigos bancos'!$F$3:$G$18,2,0) -> Oficinas | I33: N/A | J33: 0 | K33: 0 | L33: 0 | M33: 0 | N33: 0 | O33: 0 | P33: 0 | Q33: 0 | R33: 0 | S33: 0 | T33: =J33+L33+N33+P33+R33 -> 0 | U33: =K33+M33+O33+Q33+S33 -> 0 | V33: 0 | W33: 0 | X33: =V33-T33 -> 0 | Y33: =W33-U33 -> 0
C34: =$C$2 -> 2026092 | D34: =IF(B34<>"",B34,"") | E34: 200 | F34: =VLOOKUP(E34,'Códigos bancos'!$B$3:$D$27,2,0) -> Ciudad Limpia - Prestador | G34: 1 | H34: =VLOOKUP(G34,'Códigos bancos'!$F$3:$G$18,2,0) -> Oficinas | I34: N/A | J34: 0 | K34: 0 | L34: 0 | M34: 0 | N34: 0 | O34: 0 | P34: 0 | Q34: 0 | R34: 0 | S34: 0 | T34: =J34+L34+N34+P34+R34 -> 0 | U34: =K34+M34+O34+Q34+S34 -> 0 | V34: 0 | W34: 0 | X34: =V34-T34 -> 0 | Y34: =W34-U34 -> 0
C35: =$C$2 -> 2026092 | D35: =IF(B35<>"",B35,"") | E35: 200 | F35: =VLOOKUP(E35,'Códigos bancos'!$B$3:$D$27,2,0) -> Ciudad Limpia - Prestador | G35: 1 | H35: =VLOOKUP(G35,'Códigos bancos'!$F$3:$G$18,2,0) -> Oficinas | I35: N/A | J35: 0 | K35: 0 | L35: 0 | M35: 0 | N35: 0 | O35: 0 | P35: 0 | Q35: 0 | R35: 0 | S35: 0 | T35: =J35+L35+N35+P35+R35 -> 0 | U35: =K35+M35+O35+Q35+S35 -> 0 | V35: 0 | W35: 0 | X35: =V35-T35 -> 0 | Y35: =W35-U35 -> 0
C36: =$C$2 -> 2026092 | D36: =IF(B36<>"",B36,"") | E36: 200 | F36: =VLOOKUP(E36,'Códigos bancos'!$B$3:$D$27,2,0) -> Ciudad Limpia - Prestador | G36: 1 | H36: =VLOOKUP(G36,'Códigos bancos'!$F$3:$G$18,2,0) -> Oficinas | I36: N/A | J36: 0 | K36: 0 | L36: 0 | M36: 0 | N36: 0 | O36: 0 | P36: 0 | Q36: 0 | R36: 0 | S36: 0 | T36: =J36+L36+N36+P36+R36 -> 0 | U36: =K36+M36+O36+Q36+S36 -> 0 | V36: 0 | W36: 0 | X36: =V36-T36 -> 0 | Y36: =W36-U36 -> 0
C37: =$C$2 -> 2026092 | D37: =IF(B37<>"",B37,"") | E37: 200 | F37: =VLOOKUP(E37,'Códigos bancos'!$B$3:$D$27,2,0) -> Ciudad Limpia - Prestador | G37: 1 | H37: =VLOOKUP(G37,'Códigos bancos'!$F$3:$G$18,2,0) -> Oficinas | I37: N/A | J37: 0 | K37: 0 | L37: 0 | M37: 0 | N37: 0 | O37: 0 | P37: 0 | Q37: 0 | R37: 0 | S37: 0 | T37: =J37+L37+N37+P37+R37 -> 0 | U37: =K37+M37+O37+Q37+S37 -> 0 | V37: 0 | W37: 0 | X37: =V37-T37 -> 0 | Y37: =W37-U37 -> 0
C38: =$C$2 -> 2026092 | D38: =IF(B38<>"",B38,"") | E38: 201 | F38: =VLOOKUP(E38,'Códigos bancos'!$B$3:$D$27,2,0) -> EAAB - Prestador | G38: 1 | H38: =VLOOKUP(G38,'Códigos bancos'!$F$3:$G$18,2,0) -> Oficinas | I38: N/A | J38: 0 | K38: 0 | L38: 0 | M38: 0 | N38: 0 | O38: 0 | P38: 0 | Q38: 0 | R38: 0 | S38: 0 | T38: =J38+L38+N38+P38+R38 -> 0 | U38: =K38+M38+O38+Q38+S38 -> 0 | V38: 0 | W38: 0 | X38: =V38-T38 -> 0 | Y38: =W38-U38 -> 0 | AC38: 02 2020
C39: =$C$2 -> 2026092 | D39: =IF(B39<>"",B39,"") | E39: 201 | F39: =VLOOKUP(E39,'Códigos bancos'!$B$3:$D$27,2,0) -> EAAB - Prestador | G39: 1 | H39: =VLOOKUP(G39,'Códigos bancos'!$F$3:$G$18,2,0) -> Oficinas | I39: N/A | J39: 0 | K39: 0 | L39: 0 | M39: 0 | N39: 0 | O39: 0 | P39: 0 | Q39: 0 | R39: 0 | S39: 0 | T39: =J39+L39+N39+P39+R39 -> 0 | U39: =K39+M39+O39+Q39+S39 -> 0 | V39: 0 | W39: 0 | X39: =V39-T39 -> 0 | Y39: =W39-U39 -> 0
C40: =$C$2 -> 2026092 | D40: =IF(B40<>"",B40,"") | E40: 201 | F40: =VLOOKUP(E40,'Códigos bancos'!$B$3:$D$27,2,0) -> EAAB - Prestador | G40: 1 | H40: =VLOOKUP(G40,'Códigos bancos'!$F$3:$G$18,2,0) -> Oficinas | I40: N/A | J40: 0 | K40: 0 | L40: 0 | M40: 0 | N40: 0 | O40: 0 | P40: 0 | Q40: 0 | R40: 0 | S40: 0 | T40: =J40+L40+N40+P40+R40 -> 0 | U40: =K40+M40+O40+Q40+S40 -> 0 | V40: 0 | W40: 0 | X40: =V40-T40 -> 0 | Y40: =W40-U40 -> 0
C41: =$C$2 -> 2026092 | D41: =IF(B41<>"",B41,"") | E41: 201 | F41: =VLOOKUP(E41,'Códigos bancos'!$B$3:$D$27,2,0) -> EAAB - Prestador | G41: 1 | H41: =VLOOKUP(G41,'Códigos bancos'!$F$3:$G$18,2,0) -> Oficinas | I41: N/A | J41: 0 | K41: 0 | L41: 0 | M41: 0 | N41: 0 | O41: 0 | P41: 0 | Q41: 0 | R41: 0 | S41: 0 | T41: =J41+L41+N41+P41+R41 -> 0 | U41: =K41+M41+O41+Q41+S41 -> 0 | V41: 0 | W41: 0 | X41: =V41-T41 -> 0 | Y41: =W41-U41 -> 0
C42: =$C$2 -> 2026092 | D42: =IF(B42<>"",B42,"") | E42: 201 | F42: =VLOOKUP(E42,'Códigos bancos'!$B$3:$D$27,2,0) -> EAAB - Prestador | G42: 1 | H42: =VLOOKUP(G42,'Códigos bancos'!$F$3:$G$18,2,0) -> Oficinas | I42: N/A | J42: 0 | K42: 0 | L42: 0 | M42: 0 | N42: 0 | O42: 0 | P42: 0 | Q42: 0 | R42: 0 | S42: 0 | T42: =J42+L42+N42+P42+R42 -> 0 | U42: =K42+M42+O42+Q42+S42 -> 0 | V42: 0 | W42: 0 | X42: =V42-T42 -> 0 | Y42: =W42-U42 -> 0
C43: =$C$2 -> 2026092 | D43: =IF(B43<>"",B43,"") | E43: 201 | F43: =VLOOKUP(E43,'Códigos bancos'!$B$3:$D$27,2,0) -> EAAB - Prestador | G43: 1 | H43: =VLOOKUP(G43,'Códigos bancos'!$F$3:$G$18,2,0) -> Oficinas | I43: N/A | J43: 0 | K43: 0 | L43: 0 | M43: 0 | N43: 0 | O43: 0 | P43: 0 | Q43: 0 | R43: 0 | S43: 0 | T43: =J43+L43+N43+P43+R43 -> 0 | U43: =K43+M43+O43+Q43+S43 -> 0 | V43: 0 | W43: 0 | X43: =V43-T43 -> 0 | Y43: =W43-U43 -> 0
C44: =$C$2 -> 2026092 | D44: =IF(B44<>"",B44,"") | E44: 201 | F44: =VLOOKUP(E44,'Códigos bancos'!$B$3:$D$27,2,0) -> EAAB - Prestador | G44: 1 | H44: =VLOOKUP(G44,'Códigos bancos'!$F$3:$G$18,2,0) -> Oficinas | I44: N/A | J44: 0 | K44: 0 | L44: 0 | M44: 0 | N44: 0 | O44: 0 | P44: 0 | Q44: 0 | R44: 0 | S44: 0 | T44: =J44+L44+N44+P44+R44 -> 0 | U44: =K44+M44+O44+Q44+S44 -> 0 | V44: 0 | W44: 0 | X44: =V44-T44 -> 0 | Y44: =W44-U44 -> 0

Sheet RESUMEN MES
B2: Ciudad Limpia - Prestador | C2: ASE | D2: VALOR 1° Q | E2: NUMERO REG. 1°Q | F2: VALOR 2° Q | G2: NUMERO REG. 2°Q
C3: 1 | D3: 0 | E3: 0 | F3: 0 | G3: 0
C4: 2 | D4: 0 | E4: 0 | F4: 0 | G4: 0
C5: 3 | D5: 0 | E5: 0 | F5: 0 | G5: 0
C6: 4 | D6: 0 | E6: 0 | F6: 0 | G6: 0
C7: 5 | D7: 0 | E7: 0 | F7: 0 | G7: 0
C8: X
D9: 0 | E9: 0 | F9: 0 | G9: 0
C11: ASE | D11: VALOR 1° Q | E11: NUMERO REG. 1°Q | F11: VALOR 2° Q | G11: NUMERO REG. 2°Q
B12: EAAB - Prestador | C12: 1 | D12: 0 | E12: 0 | F12: 0 | G12: 0
C13: 2 | D13: 0 | E13: 0 | F13: 0 | G13: 0
C14: 3 | D14: 0 | E14: 0 | F14: 0 | G14: 0
C15: 4 | D15: 0 | E15: 0 | F15: 0 | G15: 0
C16: 5 | D16: 0 | E16: 0 | F16: 0 | G16: 0
C17: X
D18: 0 | E18: 0 | F18: 0 | G18: 0
C20: ASE | D20: VALOR 1° Q | E20: NUMERO REG. 1°Q | F20: VALOR 2° Q | G20: NUMERO REG. 2°Q | I20: VALOR TOTAL MES | J20: NUMERO REGISTROS MES
B21: TOTAL | C21: 1 | D21: 0 | E21: 0 | F21: 0 | G21: 0 | I21: 0 | J21: 0
C22: 2 | D22: 0 | E22: 0 | F22: 0 | G22: 0 | I22: 0 | J22: 0
C23: 3 | D23: 0 | E23: 0 | F23: 0 | G23: 0 | I23: 0 | J23: 0
C24: 4 | D24: 0 | E24: 0 | F24: 0 | G24: 0 | I24: 0 | J24: 0
C25: 5 | D25: 0 | E25: 0 | F25: 0 | G25: 0 | I25: 0 | J25: 0
C26: X | I26: 0 | J26: 0
D27: 0 | E27: 0 | F27: 0 | G27: 0 | I27: 0 | J27: 0

Sheet RESUMEN
C2: NOMBRE BANCO | D2: ASE 1 N° REGISTROS ARCHIVO | E2: ASE 1 VALOR ARCHIVO | F2: ASE 2 N° REGISTROS ARCHIVO | G2: ASE 2 VALOR ARCHIVO | H2: ASE 3 N° REGISTROS ARCHIVO | I2: ASE 3 VALOR ARCHIVO | J2: ASE 4 N° REGISTROS ARCHIVO | K2: ASE 4 VALOR ARCHIVO | L2: ASE 5 N° REGISTROS ARCHIVO | M2: ASE 5 VALOR ARCHIVO | N2: TOTAL N° REGISTROS APLICADOS | O2: TOTAL VALOR APLICADO | P2: N° REGISTROS REPORTADOS POR BANCO | Q2: VALOR REPORTADO POR BANCO | R2: DIFERENCIA REGISTROS | S2: DIFERENCIA VALOR
B3: =Oportuno!C1 -> 2026091 | C3: CIU LIMP | D3: =SUM(Oportuno!J13:J19) -> 0 | E3: =SUM(Oportuno!K13:K19) -> 0 | F3: =SUM(Oportuno!L13:L19) -> 0 | G3: =SUM(Oportuno!M13:M19) -> 0 | H3: =SUM(Oportuno!N13:N19) -> 0 | I3: =SUM(Oportuno!O13:O19) -> 0 | J3: =SUM(Oportuno!P13:P19) -> 0 | K3: =SUM(Oportuno!Q13:Q19) -> 0 | ... S3: =SUM(Oportuno!Y13:Y19) -> 0
B4: =B3 -> 2026091 | C4: EAAB | D4: =SUM(Oportuno!J20:J26) -> 0 | E4: =SUM(Oportuno!K20:K26) -> 0 | F4: =SUM(Oportuno!L20:L26) -> 0 | G4: =SUM(Oportuno!M20:M26) -> 0 | H4: =SUM(Oportuno!N20:N26) -> 0 | I4: =SUM(Oportuno!O20:O26) -> 0 | J4: =SUM(Oportuno!P20:P26) -> 0 | K4: =SUM(Oportuno!Q20:Q26) -> 0 | ... S4: =SUM(Oportuno!Y20:Y26) -> 0
B5: =B4 -> 2026091 | C5: TOTAL | D5: =SUM(D3:D4) -> 0 | E5: =SUM(E3:E4) -> 0 | F5: =SUM(F3:F4) -> 0 | G5: =SUM(G3:G4) -> 0 | H5: =SUM(H3:H4) -> 0 | I5: =SUM(I3:I4) -> 0 | J5: =SUM(J3:J4) -> 0 | K5: =SUM(K3:K4) -> 0 | ... S5: =SUM(S3:S4) -> 0
B7: =Oportuno!C2 -> 2026092 | C7: CIU LIMP | D7: =SUM(Oportuno!J31:J37) -> 0 | E7: =SUM(Oportuno!K31:K37) -> 0 | F7: =SUM(Oportuno!L31:L37) -> 0 | G7: =SUM(Oportuno!M31:M37) -> 0 | H7: =SUM(Oportuno!N31:N37) -> 0 | I7: =SUM(Oportuno!O31:O37) -> 0 | J7: =SUM(Oportuno!P31:P37) -> 0 | K7: =SUM(Oportuno!Q31:Q37) -> 0 | ... S7: =SUM(Oportuno!Y31:Y37) -> 0
B8: =B7 -> 2026092 | C8: EAAB | D8: =SUM(Oportuno!J38:J44) -> 0 | E8: =SUM(Oportuno!K38:K44) -> 0 | F8: =SUM(Oportuno!L38:L44) -> 0 | G8: =SUM(Oportuno!M38:M44) -> 0 | H8: =SUM(Oportuno!N38:N44) -> 0 | I8: =SUM(Oportuno!O38:O44) -> 0 | J8: =SUM(Oportuno!P38:P44) -> 0 | K8: =SUM(Oportuno!Q38:Q44) -> 0 | ... S8: =SUM(Oportuno!Y38:Y44) -> 0
B9: =B8 -> 2026092 | C9: TOTAL | D9: =SUM(D7:D8) -> 0 | E9: =SUM(E7:E8) -> 0 | F9: =SUM(F7:F8) -> 0 | G9: =SUM(G7:G8) -> 0 | H9: =SUM(H7:H8) -> 0 | I9: =SUM(I7:I8) -> 0 | J9: =SUM(J7:J8) -> 0 | K9: =SUM(K7:K8) -> 0 | ... S9: =SUM(S7:S8) -> 0
B11: =Oportuno!C3 -> 202609 | C11: CIU LIMP | D11: =D3+D7 -> 0 | E11: =E3+E7 -> 0 | F11: =F3+F7 -> 0 | G11: =G3+G7 -> 0 | H11: =H3+H7 -> 0 | I11: =I3+I7 -> 0 | J11: =J3+J7 -> 0 | K11: =K3+K7 -> 0 | ... S11: =S3+S7 -> 0
B12: =B11 -> 202609 | C12: EAAB | D12: =D4+D8 -> 0 | E12: =E4+E8 -> 0 | F12: =F4+F8 -> 0 | G12: =G4+G8 -> 0 | H12: =H4+H8 -> 0 | I12: =I4+I8 -> 0 | J12: =J4+J8 -> 0 | K12: =K4+K8 -> 0 | ... S12: =S4+S8 -> 0
B13: =B12 -> 202609 | C13: TOTAL | D13: =SUM(D11:D12) -> 0 | E13: =SUM(E11:E12) -> 0 | F13: =SUM(F11:F12) -> 0 | G13: =SUM(G11:G12) -> 0 | H13: =SUM(H11:H12) -> 0 | I13: =SUM(I11:I12) -> 0 | J13: =SUM(J11:J12) -> 0 | K13: =SUM(K11:K12) -> 0 | ... S13: =SUM(S11:S12) -> 0
D15: =D5=Oportuno!J1 -> TRUE | E15: =E5=Oportuno!K1 -> TRUE | F15: =F5=Oportuno!L1 -> TRUE | G15: =G5=Oportuno!M1 -> TRUE | H15: =H5=Oportuno!N1 -> TRUE | I15: =I5=Oportuno!O1 -> TRUE | J15: =J5=Oportuno!P1 -> TRUE | K15: =K5=Oportuno!Q1 -> TRUE | ... S15: =S5=Oportuno!Y1 -> TRUE
D16: =D9=Oportuno!J2 -> TRUE | E16: =E9=Oportuno!K2 -> TRUE | F16: =F9=Oportuno!L2 -> TRUE | G16: =G9=Oportuno!M2 -> TRUE | H16: =H9=Oportuno!N2 -> TRUE | I16: =I9=Oportuno!O2 -> TRUE | J16: =J9=Oportuno!P2 -> TRUE | K16: =K9=Oportuno!Q2 -> TRUE | ... S16: =S9=Oportuno!Y2 -> TRUE
D17: =D13=Oportuno!J3 -> TRUE | E17: =E13=Oportuno!K3 -> TRUE | F17: =F13=Oportuno!L3 -> TRUE | G17: =G13=Oportuno!M3 -> TRUE | H17: =H13=Oportuno!N3 -> TRUE | I17: =I13=Oportuno!O3 -> TRUE | J17: =J13=Oportuno!P3 -> TRUE | K17: =K13=Oportuno!Q3 -> TRUE | ... S17: =S13=Oportuno!Y3 -> TRUE

Sheet Códigos bancos
B3: Código BC | C3: Nombre Banco | D3: Cuenta Bancaria | F3: Código CR | G3: Canal Recaudo
B4: 1 | C4: Bogotá | D4: 000344531 | F4: 1 | G4: Oficinas | I4: Recaudo directamente en las cajas de los bancos
B5: 2 | C5: Popular | D5: 110025169335 | F5: 2 | G5: Medios Electrónicos - ATH | I5: Cajeros electrónicos,
B6: 6 | C6: CorpBanca | F6: 3 | G6: Baloto | I6: Red de Baloto
B7: 9 | C7: Citibank | D7: 20935235 | F7: 4 | G7: Servibanca | I7: Cajeros electrónicos de Servibanca
B8: 12 | C8: Sudameris | D8: 100004720 | F8: 5 | G8: Cades | I8: Recaudo en los CADES
B9: 19 | C9: Colpatria | D9: 0121016133 | F9: 6 | G9: Cencosud | I9: Recaudo en Cencosud - Jumbo
B10: 23 | C10: Occidente | D10: 256957093 | F10: 7 | G10: Domiciliación - MPD | I10: Debitos automáticos de cuenta bientes - mis pagos al día
B11: 32 | C11: Caja Social | D11: 21003672665 | F11: 8 | G11: Multilinea | I11: recaudo por internet
B12: 51 | C12: Davivienda | D12: 481869999260 | F12: 9 | G12: Credivisa | I12: Recaudo con tarjeta de crédito en las cajas de la EAAB
B13: 52 | C13: Av Villas | D13: 059027227 | F13: 10 | G13: Redeban | I13: Medio electrónicos,
B14: 7 | C14: Bancolombia | F14: 11 | G14: Pse | I14: Página Web de la EAAB
B15: 13 | C15: BBVA | F15: 12 | G15: H23 Directa - CNB - Baloto - Éxito
B16: 14 | C16: Helm Bank - ITAÚ | F16: 13 | G16: T23 Directa - Transferencias
B17: 24 | C17: Efectivo | F17: 14 | G17: O23 Directa - Oficinas
B18: 40 | C18: Agrario
B19: 60 | C19: Pichincha
B20: 116 | C20: Ersco
B21: 130 | C21: Caja especial de recaudo
B22: 23D | C22: Occidente - Directa | D22: 230887267
B23: 200 | C23: Ciudad Limpia - Prestador | D23: N/A
B24: 201 | C24: EAAB - Prestador | D24: N/A

Sheet 1_Oportuno Otros EAAB y CIU LIM
C1: =Oportuno!C1 -> 2026091 | J1: =SUM(J13:J26) -> 0 | K1: =SUM(K13:K26) -> 0 | L1: =SUM(L13:L26) -> 0 | M1: =SUM(M13:M26) -> 0 | N1: =SUM(N13:N26) -> 0 | O1: =SUM(O13:O26) -> 0 | P1: =SUM(P13:P26) -> 0 | Q1: =SUM(Q13:Q26) -> 0 | ... Y1: =SUM(Y13:Y26) -> 0 | AC1: =C1=Oportuno!C1 -> TRUE | AD1: =D1=Oportuno!D1 -> TRUE | AE1: =E1=Oportuno!E1 -> TRUE | AF1: =F1=Oportuno!F1 -> TRUE | AG1: =G1=Oportuno!G1 -> TRUE | AH1: =H1=Oportuno!H1 -> TRUE | AI1: =I1=Oportuno!I1 -> TRUE | AJ1: =J1=Oportuno!J1 -> TRUE | ... AY1: =Y1=Oportuno!Y1 -> TRUE
C2: =Oportuno!C2 -> 2026092 | J2: =SUM(J31:J44) -> 0 | K2: =SUM(K31:K44) -> 0 | L2: =SUM(L31:L44) -> 0 | M2: =SUM(M31:M44) -> 0 | N2: =SUM(N31:N44) -> 0 | O2: =SUM(O31:O44) -> 0 | P2: =SUM(P31:P44) -> 0 | Q2: =SUM(Q31:Q44) -> 0 | ... Y2: =SUM(Y31:Y44) -> 0 | AC2: =C2=Oportuno!C2 -> TRUE | AD2: =D2=Oportuno!D2 -> TRUE | AE2: =E2=Oportuno!E2 -> TRUE | AF2: =F2=Oportuno!F2 -> TRUE | AG2: =G2=Oportuno!G2 -> TRUE | AH2: =H2=Oportuno!H2 -> TRUE | AI2: =I2=Oportuno!I2 -> TRUE | AJ2: =J2=Oportuno!J2 -> TRUE | ... AY2: =Y2=Oportuno!Y2 -> TRUE
C3: =Oportuno!C3 -> 202609 | J3: =SUM(J1:J2) -> 0 | K3: =SUM(K1:K2) -> 0 | L3: =SUM(L1:L2) -> 0 | M3: =SUM(M1:M2) -> 0 | N3: =SUM(N1:N2) -> 0 | O3: =SUM(O1:O2) -> 0 | P3: =SUM(P1:P2) -> 0 | Q3: =SUM(Q1:Q2) -> 0 | ... Y3: =SUM(Y1:Y2) -> 0 | AC3: =C3=Oportuno!C3 -> TRUE | AD3: =D3=Oportuno!D3 -> TRUE | AE3: =E3=Oportuno!E3 -> TRUE | AF3: =F3=Oportuno!F3 -> TRUE | AG3: =G3=Oportuno!G3 -> TRUE | AH3: =H3=Oportuno!H3 -> TRUE | AI3: =I3=Oportuno!I3 -> TRUE | AJ3: =J3=Oportuno!J3 -> TRUE | ... AY3: =Y3=Oportuno!Y3 -> TRUE
H6: 2.5.3. INFORMES DE RECAUDO
H7: R2 - INFORME DE CONCILIACION DE RECAUDOS
H8: CONCILIACION DIARIA DE RECAUDO OPORTUNO - OTROS
E9: NIT: 901 153 639 - 0 | L9: Recaudo Oportuno de Otros en Cuentas bancarias de la EAAB :
H10: =Oportuno!H10 -> SEPTIEMBRE_2026 | L10: Anterior al 11 oct 2018 y Saldos a favor esquema anterior con prestador EAAB y CIUD LIMP.
H11: Entidad Giradora del Recaudo: EAAB - CIUDAD LIMPIA
B12: FECHA APLICACIÓN | C12: CODIGO REMUNERACIÓN | D12: FECHA RECAUDO | E12: CÓDIGO BC | F12: NOMBRE BANCO | G12: CÓDIGO CR | H12: CANAL RECAUDO | I12: N° CUENTA | J12: ASE 1 N° REGISTROS ARCHIVO | K12: ASE 1 VALOR ARCHIVO | L12: ASE 2 N° REGISTROS ARCHIVO | M12: ASE 2 VALOR ARCHIVO | N12: ASE 3 N° REGISTROS ARCHIVO | O12: ASE 3 VALOR ARCHIVO | P12: ASE 4 N° REGISTROS ARCHIVO | Q12: ASE 4 VALOR ARCHIVO | R12: ASE 5 N° REGISTROS ARCHIVO | S12: ASE 5 VALOR ARCHIVO | T12: TOTAL N° REGISTROS APLICADOS | U12: TOTAL VALOR APLICADO | V12: N° REGISTROS REPORTADOS POR BANCO | W12: VALOR REPORTADO POR BANCO | X12: DIFERENCIA REGISTROS | Y12: DIFERENCIA VALOR
B13: =Oportuno!B13 -> 46268 | C13: =Oportuno!C13 -> 2026091 | D13: =Oportuno!D13 -> 46268 | E13: =Oportuno!E13 -> 200 | F13: =Oportuno!F13 -> Ciudad Limpia - Prestador | G13: =Oportuno!G13 -> 1 | H13: =Oportuno!H13 -> Oficinas | I13: =Oportuno!I13 -> N/A | ... Y13: =Oportuno!Y13 -> 0
B14: =Oportuno!B14 -> 0 | C14: =Oportuno!C14 -> 2026091 | D14: =Oportuno!D14 | E14: =Oportuno!E14 -> 200 | F14: =Oportuno!F14 -> Ciudad Limpia - Prestador | G14: =Oportuno!G14 -> 1 | H14: =Oportuno!H14 -> Oficinas | I14: =Oportuno!I14 -> N/A | ... Y14: =Oportuno!Y14 -> 0
B15: =Oportuno!B15 -> 0 | C15: =Oportuno!C15 -> 2026091 | D15: =Oportuno!D15 | E15: =Oportuno!E15 -> 200 | F15: =Oportuno!F15 -> Ciudad Limpia - Prestador | G15: =Oportuno!G15 -> 1 | H15: =Oportuno!H15 -> Oficinas | I15: =Oportuno!I15 -> N/A | ... Y15: =Oportuno!Y15 -> 0
B16: =Oportuno!B16 -> 0 | C16: =Oportuno!C16 -> 2026091 | D16: =Oportuno!D16 | E16: =Oportuno!E16 -> 200 | F16: =Oportuno!F16 -> Ciudad Limpia - Prestador | G16: =Oportuno!G16 -> 1 | H16: =Oportuno!H16 -> Oficinas | I16: =Oportuno!I16 -> N/A | ... Y16: =Oportuno!Y16 -> 0
B17: =Oportuno!B17 -> 0 | C17: =Oportuno!C17 -> 2026091 | D17: =Oportuno!D17 | E17: =Oportuno!E17 -> 200 | F17: =Oportuno!F17 -> Ciudad Limpia - Prestador | G17: =Oportuno!G17 -> 1 | H17: =Oportuno!H17 -> Oficinas | I17: =Oportuno!I17 -> N/A | ... Y17: =Oportuno!Y17 -> 0
B18: =Oportuno!B18 -> 0 | C18: =Oportuno!C18 -> 2026091 | D18: =Oportuno!D18 | E18: =Oportuno!E18 -> 200 | F18: =Oportuno!F18 -> Ciudad Limpia - Prestador | G18: =Oportuno!G18 -> 1 | H18: =Oportuno!H18 -> Oficinas | I18: =Oportuno!I18 -> N/A | ... Y18: =Oportuno!Y18 -> 0
B19: =Oportuno!B19 -> 0 | C19: =Oportuno!C19 -> 2026091 | D19: =Oportuno!D19 | E19: =Oportuno!E19 -> 200 | F19: =Oportuno!F19 -> Ciudad Limpia - Prestador | G19: =Oportuno!G19 -> 1 | H19: =Oportuno!H19 -> Oficinas | I19: =Oportuno!I19 -> N/A | ... Y19: =Oportuno!Y19 -> 0
B20: =Oportuno!B20 -> 46268 | C20: =Oportuno!C20 -> 2026091 | D20: =Oportuno!D20 -> 46268 | E20: =Oportuno!E20 -> 201 | F20: =Oportuno!F20 -> EAAB - Prestador | G20: =Oportuno!G20 -> 1 | H20: =Oportuno!H20 -> Oficinas | I20: =Oportuno!I20 -> N/A | ... Y20: =Oportuno!Y20 -> 0
B21: =Oportuno!B21 -> 0 | C21: =Oportuno!C21 -> 2026091 | D21: =Oportuno!D21 | E21: =Oportuno!E21 -> 201 | F21: =Oportuno!F21 -> EAAB - Prestador | G21: =Oportuno!G21 -> 1 | H21: =Oportuno!H21 -> Oficinas | I21: =Oportuno!I21 -> N/A | ... Y21: =Oportuno!Y21 -> 0
B22: =Oportuno!B22 -> 0 | C22: =Oportuno!C22 -> 2026091 | D22: =Oportuno!D22 | E22: =Oportuno!E22 -> 201 | F22: =Oportuno!F22 -> EAAB - Prestador | G22: =Oportuno!G22 -> 1 | H22: =Oportuno!H22 -> Oficinas | I22: =Oportuno!I22 -> N/A | ... Y22: =Oportuno!Y22 -> 0
B23: =Oportuno!B23 -> 0 | C23: =Oportuno!C23 -> 2026091 | D23: =Oportuno!D23 | E23: =Oportuno!E23 -> 201 | F23: =Oportuno!F23 -> EAAB - Prestador | G23: =Oportuno!G23 -> 1 | H23: =Oportuno!H23 -> Oficinas | I23: =Oportuno!I23 -> N/A | ... Y23: =Oportuno!Y23 -> 0
B24: =Oportuno!B24 -> 0 | C24: =Oportuno!C24 -> 2026091 | D24: =Oportuno!D24 | E24: =Oportuno!E24 -> 201 | F24: =Oportuno!F24 -> EAAB - Prestador | G24: =Oportuno!G24 -> 1 | H24: =Oportuno!H24 -> Oficinas | I24: =Oportuno!I24 -> N/A | ... Y24: =Oportuno!Y24 -> 0
... B26: =Oportuno!B26 -> 0 | C26: =Oportuno!C26 -> 2026091 | D26: =Oportuno!D26 | E26: =Oportuno!E26 -> 201 | F26: =Oportuno!F26 -> EAAB - Prestador | G26: =Oportuno!G26 -> 1 | H26: =Oportuno!H26 -> Oficinas | I26: =Oportuno!I26 -> N/A | ... Y26: =Oportuno!Y26 -> 0
B30: FECHA APLICACIÓN | C30: CODIGO REMUNERACIÓN | D30: FECHA RECAUDO | E30: CÓDIGO BC | F30: NOMBRE BANCO | G30: CÓDIGO CR | H30: CANAL RECAUDO | I30: N° CUENTA | J30: ASE 1 N° REGISTROS ARCHIVO | K30: ASE 1 VALOR ARCHIVO | L30: ASE 2 N° REGISTROS ARCHIVO | M30: ASE 2 VALOR ARCHIVO | N30: ASE 3 N° REGISTROS ARCHIVO | O30: ASE 3 VALOR ARCHIVO | P30: ASE 4 N° REGISTROS ARCHIVO | Q30: ASE 4 VALOR ARCHIVO | R30: ASE 5 N° REGISTROS ARCHIVO | S30: ASE 5 VALOR ARCHIVO | T30: TOTAL N° REGISTROS APLICADOS | U30: TOTAL VALOR APLICADO | V30: N° REGISTROS REPORTADOS POR BANCO | W30: VALOR REPORTADO POR BANCO | X30: DIFERENCIA REGISTROS | Y30: DIFERENCIA VALOR
B31: =Oportuno!B31 -> 0 | C31: =Oportuno!C31 -> 2026092 | D31: =Oportuno!D31 | E31: =Oportuno!E31 -> 200 | F31: =Oportuno!F31 -> Ciudad Limpia - Prestador | G31: =Oportuno!G31 -> 1 | H31: =Oportuno!H31 -> Oficinas | I31: =Oportuno!I31 -> N/A | ... Y31: =Oportuno!Y31 -> 0
B32: =Oportuno!B32 -> 0 | C32: =Oportuno!C32 -> 2026092 | D32: =Oportuno!D32 | E32: =Oportuno!E32 -> 200 | F32: =Oportuno!F32 -> Ciudad Limpia - Prestador | G32: =Oportuno!G32 -> 1 | H32: =Oportuno!H32 -> Oficinas | I32: =Oportuno!I32 -> N/A | ... Y32: =Oportuno!Y32 -> 0
B33: =Oportuno!B33 -> 0 | C33: =Oportuno!C33 -> 2026092 | D33: =Oportuno!D33 | E33: =Oportuno!E33 -> 200 | F33: =Oportuno!F33 -> Ciudad Limpia - Prestador | G33: =Oportuno!G33 -> 1 | H33: =Oportuno!H33 -> Oficinas | I33: =Oportuno!I33 -> N/A | ... Y33: =Oportuno!Y33 -> 0
B34: =Oportuno!B34 -> 0 | C34: =Oportuno!C34 -> 2026092 | D34: =Oportuno!D34 | E34: =Oportuno!E34 -> 200 | F34: =Oportuno!F34 -> Ciudad Limpia - Prestador | G34: =Oportuno!G34 -> 1 | H34: =Oportuno!H34 -> Oficinas | I34: =Oportuno!I34 -> N/A | ... Y34: =Oportuno!Y34 -> 0
B35: =Oportuno!B35 -> 0 | C35: =Oportuno!C35 -> 2026092 | D35: =Oportuno!D35 | E35: =Oportuno!E35 -> 200 | F35: =Oportuno!F35 -> Ciudad Limpia - Prestador | G35: =Oportuno!G35 -> 1 | H35: =Oportuno!H35 -> Oficinas | I35: =Oportuno!I35 -> N/A | ... Y35: =Oportuno!Y35 -> 0
B36: =Oportuno!B36 -> 0 | C36: =Oportuno!C36 -> 2026092 | D36: =Oportuno!D36 | E36: =Oportuno!E36 -> 200 | F36: =Oportuno!F36 -> Ciudad Limpia - Prestador | G36: =Oportuno!G36 -> 1 | H36: =Oportuno!H36 -> Oficinas | I36: =Oportuno!I36 -> N/A | ... Y36: =Oportuno!Y36 -> 0
B37: =Oportuno!B37 -> 0 | C37: =Oportuno!C37 -> 2026092 | D37: =Oportuno!D37 | E37: =Oportuno!E37 -> 200 | F37: =Oportuno!F37 -> Ciudad Limpia - Prestador | G37: =Oportuno!G37 -> 1 | H37: =Oportuno!H37 -> Oficinas | I37: =Oportuno!I37 -> N/A | ... Y37: =Oportuno!Y37 -> 0
B38: =Oportuno!B38 -> 0 | C38: =Oportuno!C38 -> 2026092 | D38: =Oportuno!D38 | E38: =Oportuno!E38 -> 201 | F38: =Oportuno!F38 -> EAAB - Prestador | G38: =Oportuno!G38 -> 1 | H38: =Oportuno!H38 -> Oficinas | I38: =Oportuno!I38 -> N/A | ... Y38: =Oportuno!Y38 -> 0
B39: =Oportuno!B39 -> 0 | C39: =Oportuno!C39 -> 2026092 | D39: =Oportuno!D39 | E39: =Oportuno!E39 -> 201 | F39: =Oportuno!F39 -> EAAB - Prestador | G39: =Oportuno!G39 -> 1 | H39: =Oportuno!H39 -> Oficinas | I39: =Oportuno!I39 -> N/A | ... Y39: =Oportuno!Y39 -> 0
B40: =Oportuno!B40 -> 0 | C40: =Oportuno!C40 -> 2026092 | D40: =Oportuno!D40 | E40: =Oportuno!E40 -> 201 | F40: =Oportuno!F40 -> EAAB - Prestador | G40: =Oportuno!G40 -> 1 | H40: =Oportuno!H40 -> Oficinas | I40: =Oportuno!I40 -> N/A | ... Y40: =Oportuno!Y40 -> 0
B41: =Oportuno!B41 -> 0 | C41: =Oportuno!C41 -> 2026092 | D41: =Oportuno!D41 | E41: =Oportuno!E41 -> 201 | F41: =Oportuno!F41 -> EAAB - Prestador | G41: =Oportuno!G41 -> 1 | H41: =Oportuno!H41 -> Oficinas | I41: =Oportuno!I41 -> N/A | ... Y41: =Oportuno!Y41 -> 0
B42: =Oportuno!B42 -> 0 | C42: =Oportuno!C42 -> 2026092 | D42: =Oportuno!D42 | E42: =Oportuno!E42 -> 201 | F42: =Oportuno!F42 -> EAAB - Prestador | G42: =Oportuno!G42 -> 1 | H42: =Oportuno!H42 -> Oficinas | I42: =Oportuno!I42 -> N/A | ... Y42: =Oportuno!Y42 -> 0
... B44: =Oportuno!B44 -> 0 | C44: =Oportuno!C44 -> 2026092 | D44: =Oportuno!D44 | E44: =Oportuno!E44 -> 201 | F44: =Oportuno!F44 -> EAAB - Prestador | G44: =Oportuno!G44 -> 1 | H44: =Oportuno!H44 -> Oficinas | I44: =Oportuno!I44 -> N/A | ... Y44: =Oportuno!Y44 -> 0
